file,class,type,cbo,cboModified,fanin,fanout,wmc,dit,noc,rfc,lcom,lcom*,tcc,lcc,totalMethodsQty,staticMethodsQty,publicMethodsQty,privateMethodsQty,protectedMethodsQty,defaultMethodsQty,visibleMethodsQty,abstractMethodsQty,finalMethodsQty,synchronizedMethodsQty,totalFieldsQty,staticFieldsQty,publicFieldsQty,privateFieldsQty,protectedFieldsQty,defaultFieldsQty,finalFieldsQty,synchronizedFieldsQty,nosi,loc,returnQty,loopQty,comparisonsQty,tryCatchQty,parenthesizedExpsQty,stringLiteralsQty,numbersQty,assignmentsQty,mathOperationsQty,variablesQty,maxNestedBlocksQty,anonymousClassesQty,innerClassesQty,lambdasQty,uniqueWordsQty,modifiers,logStatementsQty
C:\Users\Susmi\Desktop\4-1\TermPaperTool\ta4j\ta4j\ta4j\src\test\java\eu\verdelhan\ta4j\indicators\simple\PreviousPriceIndicatorTest.java,eu.verdelhan.ta4j.indicators.simple.PreviousPriceIndicatorTest,class,7,7,0,7,3,1,0,4,0,0.0,0.0,0.0,2,0,2,0,0,0,2,0,0,0,2,0,0,1,0,1,0,0,0,14,0,1,0,0,0,0,5,3,1,3,1,0,0,0,18,1,0
C:\Users\Susmi\Desktop\4-1\TermPaperTool\ta4j\ta4j\ta4j-examples\src\main\java\ta4jexamples\indicators\CandlestickChart.java,ta4jexamples.indicators.CandlestickChart,class,20,21,1,20,6,1,0,38,6,0.0,NaN,NaN,4,4,1,3,0,0,1,0,0,0,0,0,0,0,0,0,0,0,4,66,2,2,0,0,0,6,8,32,0,26,1,0,0,0,83,1,0
C:\Users\Susmi\Desktop\4-1\TermPaperTool\ta4j\ta4j\ta4j-examples\src\main\java\ta4jexamples\indicators\IndicatorsToChart.java,ta4jexamples.indicators.IndicatorsToChart,class,19,20,1,19,4,1,0,22,3,0.0,NaN,NaN,3,3,1,2,0,0,1,0,0,0,0,0,0,0,0,0,0,0,5,37,1,1,0,0,0,8,3,14,0,14,1,0,0,0,80,1,0
C:\Users\Susmi\Desktop\4-1\TermPaperTool\ta4j\ta4j\ta4j\src\main\java\eu\verdelhan\ta4j\indicators\oscillators\AroonUpIndicator.java,eu.verdelhan.ta4j.indicators.oscillators.AroonUpIndicator,class,5,5,0,5,4,3,0,6,0,0.0,0.0,0.0,2,0,1,0,1,0,2,0,0,0,3,0,0,3,0,0,3,0,3,23,1,1,0,0,0,0,2,7,3,7,2,0,0,0,24,1,0
C:\Users\Susmi\Desktop\4-1\TermPaperTool\ta4j\ta4j\ta4j\src\main\java\eu\verdelhan\ta4j\Indicator.java,eu.verdelhan.ta4j.Indicator,interface,2,50,48,2,2,1,0,0,1,0.0,0.0,0.0,2,0,0,0,0,2,2,0,0,0,0,0,0,0,0,0,0,0,0,4,0,0,0,0,0,0,0,0,0,0,0,0,0,0,23,1,0
C:\Users\Susmi\Desktop\4-1\TermPaperTool\ta4j\ta4j\ta4j\src\test\java\eu\verdelhan\ta4j\indicators\trackers\bollingerbands\BollingerBandsUpperIndicatorTest.java,eu.verdelhan.ta4j.indicators.trackers.bollingerbands.BollingerBandsUpperIndicatorTest,class,12,12,0,12,2,1,0,5,0,0.125,0.0,0.0,2,0,2,0,0,0,2,0,0,0,4,0,0,4,0,0,0,0,23,40,0,0,0,0,0,1,56,8,0,8,0,0,0,0,34,1,0
C:\Users\Susmi\Desktop\4-1\TermPaperTool\ta4j\ta4j\ta4j\src\test\java\eu\verdelhan\ta4j\indicators\simple\MinPriceIndicatorTest.java,eu.verdelhan.ta4j.indicators.simple.MinPriceIndicatorTest,class,7,7,0,7,3,1,0,4,0,0.0,0.0,0.0,2,0,2,0,0,0,2,0,0,0,2,0,0,1,0,1,0,0,0,13,0,1,0,0,0,0,2,3,0,3,1,0,0,0,18,1,0
C:\Users\Susmi\Desktop\4-1\TermPaperTool\ta4j\ta4j\ta4j\src\main\java\eu\verdelhan\ta4j\indicators\volume\NVIIndicator.java,eu.verdelhan.ta4j.indicators.volume.NVIIndicator,class,4,5,1,4,4,3,0,9,0,0.0,0.0,0.0,2,0,1,0,1,0,2,0,0,0,1,0,0,1,0,0,1,0,0,22,3,0,1,0,0,0,3,7,2,7,1,0,0,0,30,1,0
C:\Users\Susmi\Desktop\4-1\TermPaperTool\ta4j\ta4j\ta4j\src\test\java\eu\verdelhan\ta4j\indicators\simple\TypicalPriceIndicatorTest.java,eu.verdelhan.ta4j.indicators.simple.TypicalPriceIndicatorTest,class,8,8,0,8,3,1,0,8,0,0.0,0.0,0.0,2,0,2,0,0,0,2,0,0,0,2,0,0,1,0,1,0,0,0,15,0,1,0,0,0,0,2,5,0,5,1,0,0,0,21,1,0
C:\Users\Susmi\Desktop\4-1\TermPaperTool\ta4j\ta4j\ta4j\src\test\java\eu\verdelhan\ta4j\analysis\criteria\VersusBuyAndHoldCriterionTest.java,eu.verdelhan.ta4j.analysis.criteria.VersusBuyAndHoldCriterionTest,class,10,10,0,10,7,1,0,9,21,0.0,0.0,0.0,7,0,7,0,0,0,7,0,0,0,0,0,0,0,0,0,0,0,20,42,0,0,0,0,2,0,82,18,16,18,0,0,0,0,42,1,0
C:\Users\Susmi\Desktop\4-1\TermPaperTool\ta4j\ta4j\ta4j\src\main\java\eu\verdelhan\ta4j\analysis\criteria\BuyAndHoldCriterion.java,eu.verdelhan.ta4j.analysis.criteria.BuyAndHoldCriterion,class,7,10,3,7,5,2,0,10,3,0.0,0.0,0.0,3,0,3,0,0,0,3,0,0,0,0,0,0,0,0,0,0,0,0,18,4,0,0,0,0,0,0,2,0,2,1,0,0,0,27,1,0
C:\Users\Susmi\Desktop\4-1\TermPaperTool\ta4j\ta4j\ta4j\src\test\java\eu\verdelhan\ta4j\TATestsUtils.java,eu.verdelhan.ta4j.TATestsUtils,class,1,48,47,1,3,1,0,4,3,0.6666667,0.0,0.0,3,3,3,0,0,0,3,0,0,0,1,1,1,0,0,0,1,0,2,12,0,0,0,0,0,0,1,1,0,1,0,0,0,0,37,1,0
C:\Users\Susmi\Desktop\4-1\TermPaperTool\ta4j\ta4j\ta4j\src\test\java\eu\verdelhan\ta4j\trading\rules\OverIndicatorRuleTest.java,eu.verdelhan.ta4j.trading.rules.OverIndicatorRuleTest,class,7,7,0,7,2,1,0,4,0,0.25,0.0,0.0,2,0,2,0,0,0,2,0,0,0,2,0,0,2,0,0,0,0,1,18,0,0,0,0,0,0,17,2,0,2,0,0,0,0,15,1,0
C:\Users\Susmi\Desktop\4-1\TermPaperTool\ta4j\ta4j\ta4j\src\test\java\eu\verdelhan\ta4j\indicators\helpers\DirectionalMovementUpIndicatorTest.java,eu.verdelhan.ta4j.indicators.helpers.DirectionalMovementUpIndicatorTest,class,7,7,0,7,4,1,0,3,6,0.0,0.0,0.0,4,0,4,0,0,0,4,0,0,0,0,0,0,0,0,0,0,0,4,42,0,0,0,0,0,0,40,20,0,20,0,0,0,0,21,1,0
C:\Users\Susmi\Desktop\4-1\TermPaperTool\ta4j\ta4j\ta4j\src\test\java\eu\verdelhan\ta4j\analysis\CashFlowTest.java,eu.verdelhan.ta4j.analysis.CashFlowTest,class,9,9,0,9,12,1,0,10,66,0.0,0.0,0.0,12,0,12,0,0,0,12,0,0,0,0,0,0,0,0,0,0,0,96,123,0,0,0,0,0,13,247,36,32,36,0,0,0,0,45,1,0
C:\Users\Susmi\Desktop\4-1\TermPaperTool\ta4j\ta4j\ta4j\src\main\java\eu\verdelhan\ta4j\indicators\trackers\bollingerbands\BollingerBandsUpperIndicator.java,eu.verdelhan.ta4j.indicators.trackers.bollingerbands.BollingerBandsUpperIndicator,class,4,6,2,4,5,3,0,6,0,0.26666668,0.0,0.0,5,0,4,0,1,0,5,0,0,0,3,0,0,3,0,0,3,0,0,23,3,0,0,0,0,2,0,3,1,3,0,0,0,0,29,1,0
C:\Users\Susmi\Desktop\4-1\TermPaperTool\ta4j\ta4j\ta4j\src\main\java\eu\verdelhan\ta4j\indicators\trackers\WilliamsRIndicator.java,eu.verdelhan.ta4j.indicators.trackers.WilliamsRIndicator,class,9,11,2,9,4,3,0,8,0,0.4375,0.0,0.0,4,0,3,0,1,0,4,0,0,0,4,0,0,4,0,0,2,0,1,26,2,0,0,0,2,1,0,8,0,8,0,0,0,0,28,1,0
C:\Users\Susmi\Desktop\4-1\TermPaperTool\ta4j\ta4j\ta4j\src\main\java\eu\verdelhan\ta4j\indicators\oscillators\CCIIndicator.java,eu.verdelhan.ta4j.indicators.oscillators.CCIIndicator,class,6,8,2,6,4,3,0,8,0,0.4,0.0,0.0,3,0,2,0,1,0,3,0,0,0,5,1,1,4,0,0,1,0,1,26,3,0,0,0,1,2,0,8,1,8,1,0,0,0,37,1,0
C:\Users\Susmi\Desktop\4-1\TermPaperTool\ta4j\ta4j\ta4j\src\main\java\eu\verdelhan\ta4j\indicators\trackers\bollingerbands\BollingerBandsLowerIndicator.java,eu.verdelhan.ta4j.indicators.trackers.bollingerbands.BollingerBandsLowerIndicator,class,4,6,2,4,5,3,0,6,0,0.26666668,0.0,0.0,5,0,4,0,1,0,5,0,0,0,3,0,0,3,0,0,3,0,0,23,3,0,0,0,0,2,0,3,1,3,0,0,0,0,29,1,0
C:\Users\Susmi\Desktop\4-1\TermPaperTool\ta4j\ta4j\ta4j\src\main\java\eu\verdelhan\ta4j\trading\rules\FixedRule.java,eu.verdelhan.ta4j.trading.rules.FixedRule,class,3,6,3,3,4,2,0,2,0,0.0,0.0,0.0,2,0,2,0,0,0,2,0,0,0,1,0,0,1,0,0,1,0,1,17,1,1,1,0,0,0,1,4,0,3,2,0,0,0,22,1,0
C:\Users\Susmi\Desktop\4-1\TermPaperTool\ta4j\ta4j\ta4j\src\test\java\eu\verdelhan\ta4j\analysis\criteria\NumberOfTradesCriterionTest.java,eu.verdelhan.ta4j.analysis.criteria.NumberOfTradesCriterionTest,class,7,7,0,7,4,1,0,8,6,0.0,0.0,0.0,4,0,4,0,0,0,4,0,0,0,0,0,0,0,0,0,0,0,4,23,0,0,0,0,0,0,23,8,0,8,0,0,0,0,31,1,0
C:\Users\Susmi\Desktop\4-1\TermPaperTool\ta4j\ta4j\ta4j\src\test\java\eu\verdelhan\ta4j\indicators\oscillators\CCIIndicatorTest.java,eu.verdelhan.ta4j.indicators.oscillators.CCIIndicatorTest,class,9,9,0,9,4,1,0,4,0,0.25,0.0,0.0,2,0,2,0,0,0,2,0,0,0,2,0,0,2,0,0,0,0,6,23,0,2,0,0,0,0,54,6,1,6,1,0,0,0,28,1,0
C:\Users\Susmi\Desktop\4-1\TermPaperTool\ta4j\ta4j\ta4j\src\main\java\eu\verdelhan\ta4j\trading\rules\BooleanRule.java,eu.verdelhan.ta4j.trading.rules.BooleanRule,class,3,9,6,3,2,2,0,1,0,0.6666667,0.0,0.0,2,0,2,0,0,0,2,0,0,0,3,2,2,1,0,0,2,0,0,12,1,0,0,0,0,0,0,3,0,3,0,0,0,0,35,1,0
C:\Users\Susmi\Desktop\4-1\TermPaperTool\ta4j\ta4j\ta4j\src\test\java\eu\verdelhan\ta4j\indicators\helpers\AverageGainIndicatorTest.java,eu.verdelhan.ta4j.indicators.helpers.AverageGainIndicatorTest,class,8,8,0,8,5,1,0,5,0,0.0,0.0,0.0,5,0,5,0,0,0,5,0,0,0,1,0,0,1,0,0,0,0,11,29,0,0,0,0,0,8,31,5,1,5,0,0,0,0,34,1,0
C:\Users\Susmi\Desktop\4-1\TermPaperTool\ta4j\ta4j\ta4j\src\main\java\eu\verdelhan\ta4j\indicators\helpers\CloseLocationValueIndicator.java,eu.verdelhan.ta4j.indicators.helpers.CloseLocationValueIndicator,class,4,7,3,4,2,3,0,6,0,0.0,0.0,0.0,2,0,1,0,1,0,2,0,0,0,1,0,0,1,0,0,0,0,0,11,1,0,0,0,2,0,0,2,0,2,0,0,0,0,17,1,0
C:\Users\Susmi\Desktop\4-1\TermPaperTool\ta4j\ta4j\ta4j\src\test\java\eu\verdelhan\ta4j\trading\rules\UnderIndicatorRuleTest.java,eu.verdelhan.ta4j.trading.rules.UnderIndicatorRuleTest,class,7,7,0,7,2,1,0,4,0,0.25,0.0,0.0,2,0,2,0,0,0,2,0,0,0,2,0,0,2,0,0,0,0,1,18,0,0,0,0,0,0,17,2,0,2,0,0,0,0,15,1,0
C:\Users\Susmi\Desktop\4-1\TermPaperTool\ta4j\ta4j\ta4j\src\test\java\eu\verdelhan\ta4j\indicators\oscillators\PPOIndicatorTest.java,eu.verdelhan.ta4j.indicators.oscillators.PPOIndicatorTest,class,8,8,0,8,2,1,0,2,0,0.25,0.0,0.0,2,0,2,0,0,0,2,0,0,0,2,0,0,2,0,0,0,0,5,16,0,0,0,0,0,0,42,3,0,3,0,0,0,0,23,1,0
C:\Users\Susmi\Desktop\4-1\TermPaperTool\ta4j\ta4j\ta4j\src\main\java\eu\verdelhan\ta4j\trading\rules\JustOnceRule.java,eu.verdelhan.ta4j.trading.rules.JustOnceRule,class,2,3,1,2,2,2,0,1,0,0.0,NaN,NaN,1,0,1,0,0,0,1,0,0,0,1,0,0,1,0,0,0,0,0,12,2,0,0,0,0,0,0,2,0,1,1,0,0,0,23,1,0
C:\Users\Susmi\Desktop\4-1\TermPaperTool\ta4j\ta4j\ta4j\src\main\java\eu\verdelhan\ta4j\indicators\trackers\WMAIndicator.java,eu.verdelhan.ta4j.indicators.trackers.WMAIndicator,class,3,4,1,3,7,3,0,8,0,0.16666667,0.0,0.0,3,0,2,0,1,0,3,0,0,0,2,0,0,2,0,0,0,0,5,30,4,2,1,0,5,1,12,8,11,6,2,0,0,0,18,1,0
C:\Users\Susmi\Desktop\4-1\TermPaperTool\ta4j\ta4j\ta4j\src\test\java\eu\verdelhan\ta4j\indicators\helpers\DirectionalUpIndicatorTest.java,eu.verdelhan.ta4j.indicators.helpers.DirectionalUpIndicatorTest,class,7,7,0,7,1,1,0,4,0,0.0,NaN,NaN,1,0,1,0,0,0,1,0,0,0,0,0,0,0,0,0,0,0,5,17,0,0,0,0,16,0,84,3,53,3,0,0,0,0,22,1,0
C:\Users\Susmi\Desktop\4-1\TermPaperTool\ta4j\ta4j\ta4j\src\test\java\eu\verdelhan\ta4j\indicators\helpers\HighestValueIndicatorTest.java,eu.verdelhan.ta4j.indicators.helpers.HighestValueIndicatorTest,class,8,8,0,8,4,1,0,2,0,0.0,0.0,0.0,4,0,4,0,0,0,4,0,0,0,1,0,0,1,0,0,0,0,11,26,0,0,0,0,0,11,28,4,0,4,0,0,0,0,30,1,0
C:\Users\Susmi\Desktop\4-1\TermPaperTool\ta4j\ta4j\ta4j\src\main\java\eu\verdelhan\ta4j\Tick.java,eu.verdelhan.ta4j.Tick,class,4,80,76,4,31,1,1,15,77,0.7913043,0.0,0.0,23,0,22,1,0,0,22,0,0,0,10,0,0,10,0,0,0,0,15,115,14,0,6,0,0,5,2,26,0,10,1,0,0,0,79,1,0
C:\Users\Susmi\Desktop\4-1\TermPaperTool\ta4j\ta4j\ta4j\src\main\java\eu\verdelhan\ta4j\Trade.java,eu.verdelhan.ta4j.Trade,class,4,34,30,4,25,1,0,11,0,0.46153846,0.0,0.0,13,0,13,0,0,0,13,0,0,0,3,0,0,3,0,0,0,0,0,68,11,0,7,0,8,5,2,10,4,5,2,0,0,0,64,1,0
C:\Users\Susmi\Desktop\4-1\TermPaperTool\ta4j\ta4j\ta4j\src\main\java\eu\verdelhan\ta4j\analysis\criteria\AverageProfitableTradesCriterion.java,eu.verdelhan.ta4j.analysis.criteria.AverageProfitableTradesCriterion,class,7,10,3,7,9,2,0,10,3,0.0,0.0,0.0,3,0,3,0,0,0,3,0,0,0,0,0,0,0,0,0,0,0,0,35,3,1,0,0,2,0,3,9,1,7,2,0,0,0,32,1,0
C:\Users\Susmi\Desktop\4-1\TermPaperTool\ta4j\ta4j\ta4j\src\test\java\eu\verdelhan\ta4j\indicators\oscillators\StochasticOscillatorDIndicatorTest.java,eu.verdelhan.ta4j.indicators.oscillators.StochasticOscillatorDIndicatorTest,class,9,9,0,9,3,1,0,3,0,0.0,0.0,0.0,3,0,3,0,0,0,3,0,0,0,1,0,0,1,0,0,0,0,0,38,0,0,0,0,0,0,74,8,0,8,0,0,0,0,30,1,0
C:\Users\Susmi\Desktop\4-1\TermPaperTool\ta4j\ta4j\ta4j\src\test\java\eu\verdelhan\ta4j\indicators\simple\OpenPriceIndicatorTest.java,eu.verdelhan.ta4j.indicators.simple.OpenPriceIndicatorTest,class,7,7,0,7,3,1,0,4,0,0.0,0.0,0.0,2,0,2,0,0,0,2,0,0,0,2,0,0,1,0,1,0,0,0,13,0,1,0,0,0,0,2,3,0,3,1,0,0,0,18,1,0
C:\Users\Susmi\Desktop\4-1\TermPaperTool\ta4j\ta4j\ta4j\src\test\java\eu\verdelhan\ta4j\OrderTest.java,eu.verdelhan.ta4j.OrderTest,class,3,3,0,3,3,1,0,10,0,0.16666667,0.0,0.0,3,0,3,0,0,0,3,0,0,0,1,0,0,0,0,1,0,0,4,22,0,0,0,0,0,0,4,4,0,4,0,0,0,0,16,1,0
C:\Users\Susmi\Desktop\4-1\TermPaperTool\ta4j\ta4j\ta4j\src\test\java\eu\verdelhan\ta4j\indicators\trackers\AverageDirectionalMovementIndicatorTest.java,eu.verdelhan.ta4j.indicators.trackers.AverageDirectionalMovementIndicatorTest,class,7,7,0,7,1,1,0,4,0,0.0,NaN,NaN,1,0,1,0,0,0,1,0,0,0,0,0,0,0,0,0,0,0,3,19,0,0,0,0,16,0,67,9,53,7,0,0,0,0,26,1,0
C:\Users\Susmi\Desktop\4-1\TermPaperTool\ta4j\ta4j\ta4j\src\test\java\eu\verdelhan\ta4j\indicators\volume\NVIIndicatorTest.java,eu.verdelhan.ta4j.indicators.volume.NVIIndicatorTest,class,8,8,0,8,1,1,0,4,0,0.0,NaN,NaN,1,0,1,0,0,0,1,0,0,0,0,0,0,0,0,0,0,0,10,27,0,0,0,0,0,0,40,3,0,3,0,0,0,0,17,1,0
C:\Users\Susmi\Desktop\4-1\TermPaperTool\ta4j\ta4j\ta4j\src\test\java\eu\verdelhan\ta4j\analysis\criteria\BuyAndHoldCriterionTest.java,eu.verdelhan.ta4j.analysis.criteria.BuyAndHoldCriterionTest,class,7,7,0,7,5,1,0,8,10,0.0,0.0,0.0,5,0,5,0,0,0,5,0,0,0,0,0,0,0,0,0,0,0,10,30,0,0,0,0,0,0,39,12,1,12,0,0,0,0,32,1,0
C:\Users\Susmi\Desktop\4-1\TermPaperTool\ta4j\ta4j\ta4j\src\main\java\eu\verdelhan\ta4j\indicators\simple\TradeCountIndicator.java,eu.verdelhan.ta4j.indicators.simple.TradeCountIndicator,class,3,4,1,3,2,3,0,2,0,0.0,0.0,0.0,2,0,1,0,1,0,2,0,0,0,1,0,0,1,0,0,0,0,0,10,1,0,0,0,0,0,0,1,0,1,0,0,0,0,10,1,0
C:\Users\Susmi\Desktop\4-1\TermPaperTool\ta4j\ta4j\ta4j\src\test\java\eu\verdelhan\ta4j\analysis\criteria\LinearTransactionCostCriterionTest.java,eu.verdelhan.ta4j.analysis.criteria.LinearTransactionCostCriterionTest,class,7,7,0,7,4,1,0,10,6,0.0,0.0,0.0,4,0,4,0,0,0,4,0,0,0,0,0,0,0,0,0,0,0,4,41,0,0,0,0,0,0,56,10,0,10,0,0,0,0,27,1,0
C:\Users\Susmi\Desktop\4-1\TermPaperTool\ta4j\ta4j\ta4j\src\main\java\eu\verdelhan\ta4j\analysis\criteria\VersusBuyAndHoldCriterion.java,eu.verdelhan.ta4j.analysis.criteria.VersusBuyAndHoldCriterion,class,5,8,3,5,6,2,0,11,0,0.2,0.0,0.0,5,0,5,0,0,0,5,0,0,0,1,0,0,1,0,0,0,0,0,26,4,0,0,0,0,1,0,4,2,4,0,0,0,0,37,1,0
C:\Users\Susmi\Desktop\4-1\TermPaperTool\ta4j\ta4j\ta4j\src\main\java\eu\verdelhan\ta4j\indicators\simple\VolumeIndicator.java,eu.verdelhan.ta4j.indicators.simple.VolumeIndicator,class,4,6,2,4,4,3,0,4,0,0.16666667,0.0,0.0,3,0,2,0,1,0,3,0,0,0,2,0,0,2,0,0,0,0,1,20,1,1,0,0,0,0,3,6,2,5,1,0,0,0,15,1,0
C:\Users\Susmi\Desktop\4-1\TermPaperTool\ta4j\ta4j\ta4j\src\main\java\eu\verdelhan\ta4j\analysis\criteria\AverageProfitCriterion.java,eu.verdelhan.ta4j.analysis.criteria.AverageProfitCriterion,class,7,11,4,7,6,2,0,3,1,0.33333334,0.0,0.0,3,0,3,0,0,0,3,0,0,0,2,0,0,2,0,0,0,0,2,21,5,0,2,0,0,0,6,4,2,4,1,0,0,0,30,1,0
C:\Users\Susmi\Desktop\4-1\TermPaperTool\ta4j\ta4j\ta4j\src\main\java\eu\verdelhan\ta4j\indicators\trackers\MACDIndicator.java,eu.verdelhan.ta4j.indicators.trackers.MACDIndicator,class,4,5,1,4,3,3,0,2,0,0.0,0.0,0.0,2,0,1,0,1,0,2,0,0,0,2,0,0,2,0,0,2,0,0,15,1,0,0,0,0,1,0,2,0,2,1,0,0,0,30,1,0
C:\Users\Susmi\Desktop\4-1\TermPaperTool\ta4j\ta4j\ta4j\src\main\java\eu\verdelhan\ta4j\AnalysisCriterion.java,eu.verdelhan.ta4j.AnalysisCriterion,interface,4,20,16,4,4,1,0,0,6,0.0,0.0,0.0,4,0,0,0,0,4,4,0,0,0,0,0,0,0,0,0,0,0,0,6,0,0,0,0,0,0,0,0,0,0,0,0,0,0,52,1,0
C:\Users\Susmi\Desktop\4-1\TermPaperTool\ta4j\ta4j\ta4j-examples\src\main\java\ta4jexamples\strategies\GlobalExtremaStrategy.java,ta4jexamples.strategies.GlobalExtremaStrategy,class,16,18,2,16,3,1,0,7,1,0.5,0.0,0.0,2,2,2,0,0,0,2,0,0,0,1,1,0,1,0,0,1,0,4,25,1,0,1,0,0,5,3,13,3,13,1,0,0,0,71,1,0
C:\Users\Susmi\Desktop\4-1\TermPaperTool\ta4j\ta4j\ta4j\src\test\java\eu\verdelhan\ta4j\analysis\criteria\NumberOfTicksCriterionTest.java,eu.verdelhan.ta4j.analysis.criteria.NumberOfTicksCriterionTest,class,7,7,0,7,4,1,0,8,6,0.0,0.0,0.0,4,0,4,0,0,0,4,0,0,0,0,0,0,0,0,0,0,0,6,24,0,0,0,0,0,0,31,9,0,9,0,0,0,0,29,1,0
C:\Users\Susmi\Desktop\4-1\TermPaperTool\ta4j\ta4j\ta4j\src\main\java\eu\verdelhan\ta4j\trading\rules\OverIndicatorRule.java,eu.verdelhan.ta4j.trading.rules.OverIndicatorRule,class,5,12,7,5,3,2,0,3,1,0.33333334,0.0,0.0,3,0,3,0,0,0,3,0,0,0,2,0,0,2,0,0,0,0,0,16,1,0,0,0,0,0,0,3,0,3,0,0,0,0,28,1,0
C:\Users\Susmi\Desktop\4-1\TermPaperTool\ta4j\ta4j\ta4j\src\main\java\eu\verdelhan\ta4j\indicators\simple\ClosePriceIndicator.java,eu.verdelhan.ta4j.indicators.simple.ClosePriceIndicator,class,4,44,40,4,2,3,0,2,0,0.0,0.0,0.0,2,0,1,0,1,0,2,0,0,0,1,0,0,1,0,0,0,0,0,10,1,0,0,0,0,0,0,1,0,1,0,0,0,0,10,1,0
C:\Users\Susmi\Desktop\4-1\TermPaperTool\ta4j\ta4j\ta4j\src\test\java\eu\verdelhan\ta4j\indicators\volume\PVIIndicatorTest.java,eu.verdelhan.ta4j.indicators.volume.PVIIndicatorTest,class,8,8,0,8,1,1,0,4,0,0.0,NaN,NaN,1,0,1,0,0,0,1,0,0,0,0,0,0,0,0,0,0,0,10,27,0,0,0,0,0,0,40,3,0,3,0,0,0,0,17,1,0
C:\Users\Susmi\Desktop\4-1\TermPaperTool\ta4j\ta4j\ta4j\src\test\java\eu\verdelhan\ta4j\trading\rules\FixedRuleTest.java,eu.verdelhan.ta4j.trading.rules.FixedRuleTest,class,3,3,0,3,1,1,0,3,0,0.0,NaN,NaN,1,0,1,0,0,0,1,0,0,0,1,0,0,1,0,0,0,0,0,22,0,0,0,0,0,0,18,2,0,1,0,0,0,0,9,1,0
C:\Users\Susmi\Desktop\4-1\TermPaperTool\ta4j\ta4j\ta4j\src\test\java\eu\verdelhan\ta4j\mocks\MockTimeSeries.java,eu.verdelhan.ta4j.mocks.MockTimeSeries,class,6,72,66,6,14,2,0,6,36,0.0,0.0,0.0,9,4,5,4,0,0,5,0,0,0,0,0,0,0,0,0,0,0,4,49,4,4,1,0,1,0,12,8,6,8,1,0,0,0,26,1,0
C:\Users\Susmi\Desktop\4-1\TermPaperTool\ta4j\ta4j\ta4j\src\test\java\eu\verdelhan\ta4j\trading\rules\StopLossRuleTest.java,eu.verdelhan.ta4j.trading.rules.StopLossRuleTest,class,7,7,0,7,2,1,0,6,0,0.16666667,0.0,0.0,2,0,2,0,0,0,2,0,0,0,3,0,0,3,0,0,0,0,3,24,0,0,0,0,0,3,19,4,0,4,0,0,0,0,25,1,0
C:\Users\Susmi\Desktop\4-1\TermPaperTool\ta4j\ta4j\ta4j\src\main\java\eu\verdelhan\ta4j\indicators\oscillators\AroonDownIndicator.java,eu.verdelhan.ta4j.indicators.oscillators.AroonDownIndicator,class,5,5,0,5,4,3,0,6,0,0.0,0.0,0.0,2,0,1,0,1,0,2,0,0,0,3,0,0,3,0,0,3,0,3,23,1,1,0,0,0,0,2,7,3,7,2,0,0,0,24,1,0
C:\Users\Susmi\Desktop\4-1\TermPaperTool\ta4j\ta4j\ta4j\src\test\java\eu\verdelhan\ta4j\indicators\trackers\DirectionalMovementIndicatorTest.java,eu.verdelhan.ta4j.indicators.trackers.DirectionalMovementIndicatorTest,class,7,7,0,7,1,1,0,4,0,0.0,NaN,NaN,1,0,1,0,0,0,1,0,0,0,0,0,0,0,0,0,0,0,3,17,0,0,0,0,15,0,58,7,43,5,0,0,0,0,23,1,0
C:\Users\Susmi\Desktop\4-1\TermPaperTool\ta4j\ta4j\ta4j\src\test\java\eu\verdelhan\ta4j\indicators\helpers\AverageDirectionalMovementUpIndicatorTest.java,eu.verdelhan.ta4j.indicators.helpers.AverageDirectionalMovementUpIndicatorTest,class,7,7,0,7,1,1,0,4,0,0.0,NaN,NaN,1,0,1,0,0,0,1,0,0,0,0,0,0,0,0,0,0,0,5,17,0,0,0,0,2,0,52,3,21,3,0,0,0,0,19,1,0
C:\Users\Susmi\Desktop\4-1\TermPaperTool\ta4j\ta4j\ta4j\src\main\java\eu\verdelhan\ta4j\TradingRecord.java,eu.verdelhan.ta4j.TradingRecord,class,5,63,58,5,39,1,0,21,93,0.82894737,0.0,0.0,19,0,18,1,0,0,18,0,6,0,8,0,0,8,0,0,0,0,0,129,21,1,3,0,0,3,7,14,6,12,2,0,0,0,102,1,0
C:\Users\Susmi\Desktop\4-1\TermPaperTool\ta4j\ta4j\ta4j\src\main\java\eu\verdelhan\ta4j\indicators\trackers\EMAIndicator.java,eu.verdelhan.ta4j.indicators.trackers.EMAIndicator,class,4,11,7,4,5,3,0,9,0,0.22222222,0.0,0.0,3,0,2,0,1,0,3,0,0,0,3,0,0,3,0,0,3,0,1,24,4,0,1,0,0,1,5,4,4,4,1,0,0,0,22,1,0
C:\Users\Susmi\Desktop\4-1\TermPaperTool\ta4j\ta4j\ta4j-examples\src\main\java\ta4jexamples\strategies\CCICorrectionStrategy.java,ta4jexamples.strategies.CCICorrectionStrategy,class,12,15,3,12,3,1,0,8,1,0.0,0.0,0.0,2,2,2,0,0,0,2,0,0,0,0,0,0,0,0,0,0,0,3,21,1,0,1,0,0,3,3,9,2,9,1,0,0,0,43,1,0
C:\Users\Susmi\Desktop\4-1\TermPaperTool\ta4j\ta4j\ta4j-examples\src\main\java\ta4jexamples\analysis\CashFlowToChart.java,ta4jexamples.analysis.CashFlowToChart,class,22,23,1,22,5,1,0,31,6,0.0,NaN,NaN,4,4,1,3,0,0,1,0,0,0,0,0,0,0,0,0,0,0,6,47,1,1,0,0,0,8,9,16,0,16,1,0,0,0,82,1,0
C:\Users\Susmi\Desktop\4-1\TermPaperTool\ta4j\ta4j\ta4j\src\test\java\eu\verdelhan\ta4j\indicators\helpers\LowestValueIndicatorTest.java,eu.verdelhan.ta4j.indicators.helpers.LowestValueIndicatorTest,class,8,8,0,8,4,1,0,2,0,0.0,0.0,0.0,4,0,4,0,0,0,4,0,0,0,1,0,0,1,0,0,0,0,11,26,0,0,0,0,0,11,28,4,0,4,0,0,0,0,29,1,0
C:\Users\Susmi\Desktop\4-1\TermPaperTool\ta4j\ta4j\ta4j\src\test\java\eu\verdelhan\ta4j\trading\rules\XorRuleTest.java,eu.verdelhan.ta4j.trading.rules.XorRuleTest,class,5,5,0,5,2,1,0,5,0,0.0,0.0,0.0,2,0,2,0,0,0,2,0,0,0,2,0,0,2,0,0,0,0,0,18,0,0,0,0,0,0,8,2,0,2,0,0,0,0,15,1,0
C:\Users\Susmi\Desktop\4-1\TermPaperTool\ta4j\ta4j\ta4j-examples\src\main\java\ta4jexamples\strategies\MovingMomentumStrategy.java,ta4jexamples.strategies.MovingMomentumStrategy,class,17,22,5,17,3,1,0,9,1,0.0,0.0,0.0,2,2,2,0,0,0,2,0,0,0,0,0,0,0,0,0,0,0,4,23,1,0,1,0,0,3,8,11,2,11,1,0,0,0,59,1,0
C:\Users\Susmi\Desktop\4-1\TermPaperTool\ta4j\ta4j\ta4j\src\test\java\eu\verdelhan\ta4j\trading\rules\WaitForRuleTest.java,eu.verdelhan.ta4j.trading.rules.WaitForRuleTest,class,4,4,0,4,3,1,0,5,0,0.16666667,0.0,0.0,3,0,3,0,0,0,3,0,0,0,2,0,0,2,0,0,0,0,0,47,0,0,0,0,0,0,36,3,0,2,0,0,0,0,20,1,0
C:\Users\Susmi\Desktop\4-1\TermPaperTool\ta4j\ta4j\ta4j\src\main\java\eu\verdelhan\ta4j\indicators\trackers\AverageDirectionalMovementIndicator.java,eu.verdelhan.ta4j.indicators.trackers.AverageDirectionalMovementIndicator,class,4,5,1,4,4,3,0,7,0,0.16666667,0.0,0.0,3,0,2,0,1,0,3,0,0,0,2,0,0,2,0,0,2,0,2,20,3,0,1,0,0,1,3,4,3,4,1,0,0,0,24,1,0
C:\Users\Susmi\Desktop\4-1\TermPaperTool\ta4j\ta4j\ta4j\src\test\java\eu\verdelhan\ta4j\indicators\helpers\StandardDeviationIndicatorTest.java,eu.verdelhan.ta4j.indicators.helpers.StandardDeviationIndicatorTest,class,8,8,0,8,5,1,0,4,0,0.0,0.0,0.0,5,0,5,0,0,0,5,0,0,0,1,0,0,1,0,0,0,0,35,38,0,0,0,0,0,0,56,5,1,5,0,0,0,0,28,1,0
C:\Users\Susmi\Desktop\4-1\TermPaperTool\ta4j\ta4j\ta4j\src\test\java\eu\verdelhan\ta4j\trading\rules\CrossedUpIndicatorRuleTest.java,eu.verdelhan.ta4j.trading.rules.CrossedUpIndicatorRuleTest,class,7,7,0,7,2,1,0,3,0,0.25,0.0,0.0,2,0,2,0,0,0,2,0,0,0,2,0,0,2,0,0,0,0,0,18,0,0,0,0,0,0,16,2,0,2,0,0,0,0,15,1,0
C:\Users\Susmi\Desktop\4-1\TermPaperTool\ta4j\ta4j\ta4j\src\test\java\eu\verdelhan\ta4j\indicators\simple\MultiplierIndicatorTest.java,eu.verdelhan.ta4j.indicators.simple.MultiplierIndicatorTest,class,7,7,0,7,2,1,0,4,0,0.0,0.0,0.0,2,0,2,0,0,0,2,0,0,0,2,0,0,2,0,0,0,0,6,14,0,0,0,0,0,5,5,2,0,2,0,0,0,0,10,1,0
C:\Users\Susmi\Desktop\4-1\TermPaperTool\ta4j\ta4j\ta4j\src\test\java\eu\verdelhan\ta4j\trading\rules\InPipeRuleTest.java,eu.verdelhan.ta4j.trading.rules.InPipeRuleTest,class,7,7,0,7,2,1,0,4,0,0.25,0.0,0.0,2,0,2,0,0,0,2,0,0,0,2,0,0,2,0,0,0,0,2,20,0,0,0,0,0,0,22,2,0,2,0,0,0,0,16,1,0
C:\Users\Susmi\Desktop\4-1\TermPaperTool\ta4j\ta4j\ta4j\src\main\java\eu\verdelhan\ta4j\trading\rules\XorRule.java,eu.verdelhan.ta4j.trading.rules.XorRule,class,3,4,1,3,2,2,0,2,0,0.0,0.0,0.0,2,0,2,0,0,0,2,0,0,0,2,0,0,2,0,0,0,0,0,13,1,0,0,0,0,0,0,3,0,3,0,0,0,0,28,1,0
C:\Users\Susmi\Desktop\4-1\TermPaperTool\ta4j\ta4j\ta4j\src\main\java\eu\verdelhan\ta4j\indicators\simple\DifferenceIndicator.java,eu.verdelhan.ta4j.indicators.simple.DifferenceIndicator,class,3,4,1,3,2,3,0,2,0,0.0,0.0,0.0,2,0,1,0,1,0,2,0,0,0,2,0,0,2,0,0,0,0,0,12,1,0,0,0,0,0,0,2,0,2,0,0,0,0,7,1,0
C:\Users\Susmi\Desktop\4-1\TermPaperTool\ta4j\ta4j\ta4j\src\main\java\eu\verdelhan\ta4j\Order.java,eu.verdelhan.ta4j.Order$OrderType,enum,1,1,0,1,1,1,0,0,0,0.0,NaN,NaN,1,0,1,0,0,0,1,1,0,0,0,0,0,0,0,0,0,0,0,13,0,0,0,0,0,0,0,0,0,0,0,2,0,0,22,1,0
C:\Users\Susmi\Desktop\4-1\TermPaperTool\ta4j\ta4j\ta4j\src\main\java\eu\verdelhan\ta4j\trading\rules\BooleanIndicatorRule.java,eu.verdelhan.ta4j.trading.rules.BooleanIndicatorRule,class,3,4,1,3,2,2,0,2,0,0.0,0.0,0.0,2,0,2,0,0,0,2,0,0,0,1,0,0,1,0,0,0,0,0,11,1,0,0,0,0,0,0,2,0,2,0,0,0,0,21,1,0
C:\Users\Susmi\Desktop\4-1\TermPaperTool\ta4j\ta4j\ta4j-examples\src\main\java\ta4jexamples\analysis\BuyAndSellSignalsToChart.java,ta4jexamples.analysis.BuyAndSellSignalsToChart,class,23,24,1,23,6,1,0,33,6,0.0,NaN,NaN,4,4,1,3,0,0,1,0,0,0,0,0,0,0,0,0,0,0,5,48,1,2,0,0,0,8,3,16,0,16,1,0,0,0,87,1,0
C:\Users\Susmi\Desktop\4-1\TermPaperTool\ta4j\ta4j\ta4j\src\test\java\eu\verdelhan\ta4j\indicators\helpers\AverageTrueRangeIndicatorTest.java,eu.verdelhan.ta4j.indicators.helpers.AverageTrueRangeIndicatorTest,class,7,7,0,7,1,1,0,4,0,0.0,NaN,NaN,1,0,1,0,0,0,1,0,0,0,0,0,0,0,0,0,0,0,5,16,0,0,0,0,3,0,54,2,23,2,0,0,0,0,19,1,0
C:\Users\Susmi\Desktop\4-1\TermPaperTool\ta4j\ta4j\ta4j\src\test\java\eu\verdelhan\ta4j\indicators\simple\ClosePriceIndicatorTest.java,eu.verdelhan.ta4j.indicators.simple.ClosePriceIndicatorTest,class,7,7,0,7,3,1,0,4,0,0.0,0.0,0.0,2,0,2,0,0,0,2,0,0,0,2,0,0,1,0,1,0,0,0,13,0,1,0,0,0,0,2,3,0,3,1,0,0,0,18,1,0
C:\Users\Susmi\Desktop\4-1\TermPaperTool\ta4j\ta4j\ta4j\src\main\java\eu\verdelhan\ta4j\Order.java,eu.verdelhan.ta4j.Order$OrderType$Anonymous2,anonymous,1,1,0,1,1,1,0,0,0,0.0,NaN,NaN,1,0,1,0,0,0,1,0,0,0,0,0,0,0,0,0,0,0,0,5,1,0,0,0,0,0,0,0,0,0,0,0,0,0,6,-1,0
C:\Users\Susmi\Desktop\4-1\TermPaperTool\ta4j\ta4j\ta4j\src\main\java\eu\verdelhan\ta4j\trading\rules\CrossedUpIndicatorRule.java,eu.verdelhan.ta4j.trading.rules.CrossedUpIndicatorRule,class,7,11,4,7,3,2,0,2,1,0.33333334,0.0,0.0,3,0,3,0,0,0,3,0,0,0,1,0,0,1,0,0,0,0,0,14,1,0,0,0,0,0,0,2,0,2,0,0,0,0,29,1,0
C:\Users\Susmi\Desktop\4-1\TermPaperTool\ta4j\ta4j\ta4j\src\main\java\eu\verdelhan\ta4j\Order.java,eu.verdelhan.ta4j.Order$OrderType$Anonymous1,anonymous,1,1,0,1,1,1,0,0,0,0.0,NaN,NaN,1,0,1,0,0,0,1,0,0,0,0,0,0,0,0,0,0,0,0,5,1,0,0,0,0,0,0,0,0,0,0,0,0,0,6,-1,0
C:\Users\Susmi\Desktop\4-1\TermPaperTool\ta4j\ta4j\ta4j\src\main\java\eu\verdelhan\ta4j\indicators\helpers\MeanDeviationIndicator.java,eu.verdelhan.ta4j.indicators.helpers.MeanDeviationIndicator,class,4,6,2,4,4,3,0,10,0,0.22222222,0.0,0.0,3,0,2,0,1,0,3,0,0,0,3,0,0,3,0,0,0,0,2,24,2,1,0,0,0,1,3,9,5,8,1,0,0,0,29,1,0
C:\Users\Susmi\Desktop\4-1\TermPaperTool\ta4j\ta4j\ta4j\src\main\java\eu\verdelhan\ta4j\indicators\helpers\CrossIndicator.java,eu.verdelhan.ta4j.indicators.helpers.CrossIndicator,class,3,5,2,3,10,3,0,6,0,0.2,0.0,0.0,5,0,4,0,1,0,5,0,0,0,2,0,0,2,0,0,2,0,0,34,6,1,2,0,2,2,3,3,1,3,2,0,0,0,27,1,0
C:\Users\Susmi\Desktop\4-1\TermPaperTool\ta4j\ta4j\ta4j\src\test\java\eu\verdelhan\ta4j\TradingRecordTest.java,eu.verdelhan.ta4j.TradingRecordTest,class,5,5,0,5,8,1,0,17,0,0.125,0.0,0.0,8,0,8,0,0,0,8,0,0,0,1,0,0,1,0,0,0,0,38,77,0,0,0,0,0,0,47,4,0,4,0,0,0,0,25,1,0
C:\Users\Susmi\Desktop\4-1\TermPaperTool\ta4j\ta4j\ta4j\src\main\java\eu\verdelhan\ta4j\indicators\trackers\ROCIndicator.java,eu.verdelhan.ta4j.indicators.trackers.ROCIndicator,class,3,5,2,3,2,3,0,5,0,0.0,0.0,0.0,2,0,1,0,1,0,2,0,0,0,2,0,0,2,0,0,2,0,1,15,1,0,0,0,0,0,1,5,1,5,0,0,0,0,27,1,0
C:\Users\Susmi\Desktop\4-1\TermPaperTool\ta4j\ta4j\ta4j\src\main\java\eu\verdelhan\ta4j\indicators\volume\PVIIndicator.java,eu.verdelhan.ta4j.indicators.volume.PVIIndicator,class,4,5,1,4,4,3,0,9,0,0.0,0.0,0.0,2,0,1,0,1,0,2,0,0,0,1,0,0,1,0,0,1,0,0,22,3,0,1,0,0,0,3,7,2,7,1,0,0,0,29,1,0
C:\Users\Susmi\Desktop\4-1\TermPaperTool\ta4j\ta4j\ta4j\src\test\java\eu\verdelhan\ta4j\indicators\helpers\DirectionalMovementDownIndicatorTest.java,eu.verdelhan.ta4j.indicators.helpers.DirectionalMovementDownIndicatorTest,class,7,7,0,7,4,1,0,3,6,0.0,0.0,0.0,4,0,4,0,0,0,4,0,0,0,0,0,0,0,0,0,0,0,4,42,0,0,0,0,0,0,40,20,0,20,0,0,0,0,21,1,0
C:\Users\Susmi\Desktop\4-1\TermPaperTool\ta4j\ta4j\ta4j\src\test\java\eu\verdelhan\ta4j\mocks\MockDecimalIndicator.java,eu.verdelhan.ta4j.mocks.MockDecimalIndicator,class,3,8,5,3,2,2,0,2,0,0.0,NaN,NaN,1,0,1,0,0,0,1,0,0,0,0,0,0,0,0,0,0,0,1,7,0,1,0,0,0,0,0,0,0,0,1,0,0,0,10,1,0
C:\Users\Susmi\Desktop\4-1\TermPaperTool\ta4j\ta4j\ta4j\src\main\java\eu\verdelhan\ta4j\indicators\helpers\AverageDirectionalMovementDownIndicator.java,eu.verdelhan.ta4j.indicators.helpers.AverageDirectionalMovementDownIndicator,class,4,6,2,4,4,3,0,7,0,0.16666667,0.0,0.0,3,0,2,0,1,0,3,0,0,0,2,0,0,2,0,0,2,0,2,20,3,0,1,0,0,1,3,4,3,4,1,0,0,0,28,1,0
C:\Users\Susmi\Desktop\4-1\TermPaperTool\ta4j\ta4j\ta4j\src\test\java\eu\verdelhan\ta4j\indicators\helpers\AverageLossIndicatorTest.java,eu.verdelhan.ta4j.indicators.helpers.AverageLossIndicatorTest,class,8,8,0,8,5,1,0,5,0,0.0,0.0,0.0,5,0,5,0,0,0,5,0,0,0,1,0,0,1,0,0,0,0,11,29,0,0,0,0,0,8,31,5,1,5,0,0,0,0,32,1,0
C:\Users\Susmi\Desktop\4-1\TermPaperTool\ta4j\ta4j\ta4j-examples\src\main\java\ta4jexamples\Quickstart.java,ta4jexamples.Quickstart,class,21,21,0,21,1,1,0,14,0,0.0,NaN,NaN,1,1,1,0,0,0,1,0,0,0,0,0,0,0,0,0,0,0,4,23,0,0,0,0,0,9,5,12,6,12,0,0,0,0,64,1,0
C:\Users\Susmi\Desktop\4-1\TermPaperTool\ta4j\ta4j\ta4j-examples\src\main\java\ta4jexamples\loaders\CsvTicksLoader.java,ta4jexamples.loaders.CsvTicksLoader,class,5,7,2,5,6,1,0,19,1,0.5,0.0,0.0,2,2,2,0,0,0,2,0,0,0,1,1,0,1,0,0,1,0,10,36,1,1,1,1,1,17,10,12,4,12,2,0,0,0,58,1,0
C:\Users\Susmi\Desktop\4-1\TermPaperTool\ta4j\ta4j\ta4j\src\test\java\eu\verdelhan\ta4j\indicators\trackers\RSIIndicatorTest.java,eu.verdelhan.ta4j.indicators.trackers.RSIIndicatorTest,class,8,8,0,8,3,1,0,3,0,0.0,0.0,0.0,3,0,3,0,0,0,3,0,0,0,1,0,0,1,0,0,0,0,10,23,0,0,0,0,0,0,49,3,0,3,0,0,0,0,24,1,0
C:\Users\Susmi\Desktop\4-1\TermPaperTool\ta4j\ta4j\ta4j\src\main\java\eu\verdelhan\ta4j\indicators\helpers\TrueRangeIndicator.java,eu.verdelhan.ta4j.indicators.helpers.TrueRangeIndicator,class,4,6,2,4,4,3,0,7,0,0.0,0.0,0.0,2,0,1,0,1,0,2,0,0,0,1,0,0,1,0,0,0,0,0,13,1,0,2,0,0,0,4,4,2,4,0,0,0,0,13,1,0
C:\Users\Susmi\Desktop\4-1\TermPaperTool\ta4j\ta4j\ta4j\src\main\java\eu\verdelhan\ta4j\trading\rules\OrRule.java,eu.verdelhan.ta4j.trading.rules.OrRule,class,3,4,1,3,2,2,0,2,0,0.0,0.0,0.0,2,0,2,0,0,0,2,0,0,0,2,0,0,2,0,0,0,0,0,13,1,0,0,0,0,0,0,3,0,3,0,0,0,0,31,1,0
C:\Users\Susmi\Desktop\4-1\TermPaperTool\ta4j\ta4j\ta4j\src\test\java\eu\verdelhan\ta4j\indicators\simple\VolumeIndicatorTest.java,eu.verdelhan.ta4j.indicators.simple.VolumeIndicatorTest,class,8,8,0,8,3,1,0,6,1,0.0,0.0,0.0,2,0,2,0,0,0,2,0,0,0,0,0,0,0,0,0,0,0,7,27,0,1,0,0,0,0,31,5,0,5,1,0,0,0,19,1,0
C:\Users\Susmi\Desktop\4-1\TermPaperTool\ta4j\ta4j\ta4j\src\test\java\eu\verdelhan\ta4j\indicators\simple\TradeCountIndicatorTest.java,eu.verdelhan.ta4j.indicators.simple.TradeCountIndicatorTest,class,7,7,0,7,3,1,0,4,0,0.0,0.0,0.0,2,0,2,0,0,0,2,0,0,0,2,0,0,1,0,1,0,0,0,13,0,1,0,0,0,0,2,3,0,3,1,0,0,0,18,1,0
C:\Users\Susmi\Desktop\4-1\TermPaperTool\ta4j\ta4j\ta4j\src\test\java\eu\verdelhan\ta4j\indicators\trackers\ParabolicSarIndicatorTest.java,eu.verdelhan.ta4j.indicators.trackers.ParabolicSarIndicatorTest,class,7,7,0,7,4,1,0,4,6,0.0,0.0,0.0,4,0,4,0,0,0,4,0,0,0,0,0,0,0,0,0,0,0,21,61,0,0,0,0,4,0,140,9,12,9,0,0,0,0,20,1,0
C:\Users\Susmi\Desktop\4-1\TermPaperTool\ta4j\ta4j\ta4j\src\test\java\eu\verdelhan\ta4j\trading\rules\JustOnceRuleTest.java,eu.verdelhan.ta4j.trading.rules.JustOnceRuleTest,class,4,4,0,4,3,1,0,3,0,0.0,0.0,0.0,3,0,3,0,0,0,3,0,0,0,1,0,0,1,0,0,0,0,0,19,0,0,0,0,0,0,9,1,0,1,0,0,0,0,15,1,0
C:\Users\Susmi\Desktop\4-1\TermPaperTool\ta4j\ta4j\ta4j\src\main\java\eu\verdelhan\ta4j\indicators\simple\MultiplierIndicator.java,eu.verdelhan.ta4j.indicators.simple.MultiplierIndicator,class,3,5,2,3,3,3,0,4,0,0.16666667,0.0,0.0,3,0,2,0,1,0,3,0,0,0,2,0,0,2,0,0,0,0,0,15,2,0,0,0,0,1,0,2,1,2,0,0,0,0,13,1,0
C:\Users\Susmi\Desktop\4-1\TermPaperTool\ta4j\ta4j\ta4j\src\main\java\eu\verdelhan\ta4j\indicators\helpers\DirectionalMovementDownIndicator.java,eu.verdelhan.ta4j.indicators.helpers.DirectionalMovementDownIndicator,class,4,6,2,4,6,3,0,6,0,0.0,0.0,0.0,2,0,1,0,1,0,2,0,0,0,1,0,0,1,0,0,0,0,0,20,3,0,1,0,1,0,3,5,2,5,1,0,0,0,18,1,0
C:\Users\Susmi\Desktop\4-1\TermPaperTool\ta4j\ta4j\ta4j\src\test\java\eu\verdelhan\ta4j\indicators\oscillators\StochasticOscillatorKIndicatorTest.java,eu.verdelhan.ta4j.indicators.oscillators.StochasticOscillatorKIndicatorTest,class,8,8,0,8,2,1,0,3,0,0.0,0.0,0.0,2,0,2,0,0,0,2,0,0,0,1,0,0,1,0,0,0,0,3,27,0,0,0,0,0,0,65,3,2,3,0,0,0,0,20,1,0
C:\Users\Susmi\Desktop\4-1\TermPaperTool\ta4j\ta4j\ta4j\src\main\java\eu\verdelhan\ta4j\indicators\trackers\DirectionalMovementIndicator.java,eu.verdelhan.ta4j.indicators.trackers.DirectionalMovementIndicator,class,5,7,2,5,3,3,0,8,0,0.33333334,0.0,0.0,3,0,2,0,1,0,3,0,0,0,3,0,0,3,0,0,3,0,0,20,2,0,0,0,0,1,0,6,1,6,0,0,0,0,22,1,0
C:\Users\Susmi\Desktop\4-1\TermPaperTool\ta4j\ta4j\ta4j\src\main\java\eu\verdelhan\ta4j\indicators\helpers\HighestValueIndicator.java,eu.verdelhan.ta4j.indicators.helpers.HighestValueIndicator,class,3,9,6,3,5,3,0,5,0,0.16666667,0.0,0.0,3,0,2,0,1,0,3,0,0,0,2,0,0,2,0,0,2,0,1,22,2,1,0,0,0,1,3,6,4,5,2,0,0,0,17,1,0
C:\Users\Susmi\Desktop\4-1\TermPaperTool\ta4j\ta4j\ta4j\src\test\java\eu\verdelhan\ta4j\mocks\MockTick.java,eu.verdelhan.ta4j.mocks.MockTick,class,3,30,27,3,7,2,0,1,17,0.71428573,0.0,0.0,7,0,7,0,0,0,7,0,0,0,2,0,0,2,0,0,0,0,1,27,2,0,0,0,0,0,9,4,0,2,0,0,0,0,19,1,0
C:\Users\Susmi\Desktop\4-1\TermPaperTool\ta4j\ta4j\ta4j\src\main\java\eu\verdelhan\ta4j\indicators\simple\TypicalPriceIndicator.java,eu.verdelhan.ta4j.indicators.simple.TypicalPriceIndicator,class,4,7,3,4,2,3,0,6,0,0.0,0.0,0.0,2,0,1,0,1,0,2,0,0,0,1,0,0,1,0,0,0,0,0,13,1,0,0,0,0,0,0,4,0,4,0,0,0,0,13,1,0
C:\Users\Susmi\Desktop\4-1\TermPaperTool\ta4j\ta4j\ta4j\src\main\java\eu\verdelhan\ta4j\indicators\helpers\DirectionalMovementUpIndicator.java,eu.verdelhan.ta4j.indicators.helpers.DirectionalMovementUpIndicator,class,4,6,2,4,7,3,0,7,0,0.0,0.0,0.0,2,0,1,0,1,0,2,0,0,0,1,0,0,1,0,0,0,0,0,23,4,0,1,0,1,0,3,5,2,5,1,0,0,0,18,1,0
C:\Users\Susmi\Desktop\4-1\TermPaperTool\ta4j\ta4j\ta4j\src\test\java\eu\verdelhan\ta4j\indicators\trackers\TripleEMAIndicatorTest.java,eu.verdelhan.ta4j.indicators.trackers.TripleEMAIndicatorTest,class,8,8,0,8,2,1,0,2,0,0.25,0.0,0.0,2,0,2,0,0,0,2,0,0,0,2,0,0,2,0,0,0,0,9,20,0,0,0,0,0,0,34,3,0,3,0,0,0,0,22,1,0
C:\Users\Susmi\Desktop\4-1\TermPaperTool\ta4j\ta4j\ta4j\src\test\java\eu\verdelhan\ta4j\indicators\simple\PriceVariationIndicatorTest.java,eu.verdelhan.ta4j.indicators.simple.PriceVariationIndicatorTest,class,9,9,0,9,3,1,0,6,0,0.0,0.0,0.0,2,0,2,0,0,0,2,0,0,0,2,0,0,2,0,0,0,0,1,16,0,1,0,0,0,0,5,5,1,5,1,0,0,0,22,1,0
C:\Users\Susmi\Desktop\4-1\TermPaperTool\ta4j\ta4j\ta4j\src\main\java\eu\verdelhan\ta4j\indicators\oscillators\AwesomeOscillatorIndicator.java,eu.verdelhan.ta4j.indicators.oscillators.AwesomeOscillatorIndicator,class,4,6,2,4,3,3,0,2,1,0.33333334,0.0,0.0,3,0,2,0,1,0,3,0,0,0,2,0,0,2,0,0,0,0,0,15,1,0,0,0,0,0,2,2,0,2,0,0,0,0,19,1,0
C:\Users\Susmi\Desktop\4-1\TermPaperTool\ta4j\ta4j\ta4j\src\main\java\eu\verdelhan\ta4j\indicators\oscillators\StochasticOscillatorKIndicator.java,eu.verdelhan.ta4j.indicators.oscillators.StochasticOscillatorKIndicator,class,9,13,4,9,4,3,0,7,0,0.375,0.0,0.0,4,0,3,0,1,0,4,0,0,0,4,0,0,4,0,0,2,0,0,26,2,0,0,0,0,1,0,8,1,8,0,0,0,0,40,1,0
C:\Users\Susmi\Desktop\4-1\TermPaperTool\ta4j\ta4j\ta4j\src\main\java\eu\verdelhan\ta4j\indicators\simple\ConstantIndicator.java,eu.verdelhan.ta4j.indicators.simple.ConstantIndicator,class,2,11,9,2,3,2,0,2,0,0.0,0.0,0.0,3,0,3,0,0,0,3,0,0,0,1,0,0,1,0,0,0,0,0,13,2,0,0,0,0,1,0,1,1,1,0,0,0,0,12,1,0
C:\Users\Susmi\Desktop\4-1\TermPaperTool\ta4j\ta4j\ta4j\src\test\java\eu\verdelhan\ta4j\trading\rules\NotRuleTest.java,eu.verdelhan.ta4j.trading.rules.NotRuleTest,class,4,4,0,4,2,1,0,4,0,0.0,0.0,0.0,2,0,2,0,0,0,2,0,0,0,2,0,0,2,0,0,0,0,0,14,0,0,0,0,0,0,4,2,0,2,0,0,0,0,15,1,0
C:\Users\Susmi\Desktop\4-1\TermPaperTool\ta4j\ta4j\ta4j\src\main\java\eu\verdelhan\ta4j\indicators\simple\PreviousPriceIndicator.java,eu.verdelhan.ta4j.indicators.simple.PreviousPriceIndicator,class,4,5,1,4,2,3,0,3,0,0.0,0.0,0.0,2,0,1,0,1,0,2,0,0,0,1,0,0,1,0,0,0,0,1,10,1,0,0,0,0,0,2,1,1,1,0,0,0,0,10,1,0
C:\Users\Susmi\Desktop\4-1\TermPaperTool\ta4j\ta4j\ta4j\src\main\java\eu\verdelhan\ta4j\trading\rules\AndRule.java,eu.verdelhan.ta4j.trading.rules.AndRule,class,3,4,1,3,2,2,0,2,0,0.0,0.0,0.0,2,0,2,0,0,0,2,0,0,0,2,0,0,2,0,0,0,0,0,13,1,0,0,0,0,0,0,3,0,3,0,0,0,0,34,1,0
C:\Users\Susmi\Desktop\4-1\TermPaperTool\ta4j\ta4j\ta4j\src\main\java\eu\verdelhan\ta4j\indicators\helpers\StandardDeviationIndicator.java,eu.verdelhan.ta4j.indicators.helpers.StandardDeviationIndicator,class,4,8,4,4,4,3,0,11,0,0.22222222,0.0,0.0,3,0,2,0,1,0,3,0,0,0,3,0,0,3,0,0,0,0,2,26,2,1,0,0,0,1,4,11,5,9,1,0,0,0,30,1,0
C:\Users\Susmi\Desktop\4-1\TermPaperTool\ta4j\ta4j\ta4j\src\main\java\eu\verdelhan\ta4j\indicators\trackers\AccelerationDecelerationIndicator.java,eu.verdelhan.ta4j.indicators.trackers.AccelerationDecelerationIndicator,class,6,7,1,6,3,3,0,2,1,0.33333334,0.0,0.0,3,0,2,0,1,0,3,0,0,0,2,0,0,2,0,0,0,0,0,15,1,0,0,0,0,0,2,2,0,2,0,0,0,0,22,1,0
C:\Users\Susmi\Desktop\4-1\TermPaperTool\ta4j\ta4j\ta4j\src\main\java\eu\verdelhan\ta4j\trading\rules\StopLossRule.java,eu.verdelhan.ta4j.trading.rules.StopLossRule,class,7,9,2,7,4,2,0,10,0,0.0,0.0,0.0,2,0,2,0,0,0,2,0,0,0,2,0,0,2,0,0,0,0,0,21,1,0,1,0,0,0,0,7,0,6,2,0,0,0,38,1,0
C:\Users\Susmi\Desktop\4-1\TermPaperTool\ta4j\ta4j\ta4j\src\test\java\eu\verdelhan\ta4j\analysis\criteria\AverageProfitableTradesCriterionTest.java,eu.verdelhan.ta4j.analysis.criteria.AverageProfitableTradesCriterionTest,class,8,8,0,8,3,1,0,8,3,0.0,0.0,0.0,3,0,3,0,0,0,3,0,0,0,0,0,0,0,0,0,0,0,10,21,0,0,0,0,0,0,30,8,1,7,0,0,0,0,27,1,0
C:\Users\Susmi\Desktop\4-1\TermPaperTool\ta4j\ta4j\ta4j\src\main\java\eu\verdelhan\ta4j\indicators\trackers\SMAIndicator.java,eu.verdelhan.ta4j.indicators.trackers.SMAIndicator,class,3,24,21,3,4,3,0,8,0,0.16666667,0.0,0.0,3,0,2,0,1,0,3,0,0,0,2,0,0,2,0,0,2,0,3,20,2,1,0,0,0,1,3,6,4,5,1,0,0,0,21,1,0
C:\Users\Susmi\Desktop\4-1\TermPaperTool\ta4j\ta4j\ta4j\src\test\java\eu\verdelhan\ta4j\indicators\trackers\ZLEMAIndicatorTest.java,eu.verdelhan.ta4j.indicators.trackers.ZLEMAIndicatorTest,class,9,9,0,9,6,1,0,4,0,0.0,0.0,0.0,5,0,5,0,0,0,5,0,0,0,1,0,0,1,0,0,0,0,5,27,0,1,0,0,0,2,27,7,0,7,1,0,0,0,37,1,0
C:\Users\Susmi\Desktop\4-1\TermPaperTool\ta4j\ta4j\ta4j\src\main\java\eu\verdelhan\ta4j\TimeSeries.java,eu.verdelhan.ta4j.TimeSeries,class,10,122,112,10,69,1,1,40,141,0.79259264,0.0,0.0,30,1,25,5,0,0,25,0,0,0,9,0,0,9,0,0,3,0,5,242,22,8,8,0,0,16,24,62,15,45,3,0,0,0,204,1,2
C:\Users\Susmi\Desktop\4-1\TermPaperTool\ta4j\ta4j\ta4j\src\main\java\eu\verdelhan\ta4j\indicators\volume\AccumulationDistributionIndicator.java,eu.verdelhan.ta4j.indicators.volume.AccumulationDistributionIndicator,class,5,6,1,5,3,3,0,5,0,0.0,0.0,0.0,2,0,1,0,1,0,2,0,0,0,2,0,0,2,0,0,0,0,0,17,2,0,1,0,0,0,2,4,1,4,1,0,0,0,19,1,0
C:\Users\Susmi\Desktop\4-1\TermPaperTool\ta4j\ta4j\ta4j\src\test\java\eu\verdelhan\ta4j\analysis\criteria\AverageProfitCriterionTest.java,eu.verdelhan.ta4j.analysis.criteria.AverageProfitCriterionTest,class,7,7,0,7,6,1,0,9,0,0.16666667,0.0,0.0,6,0,6,0,0,0,6,0,0,0,1,0,0,1,0,0,0,0,15,37,0,0,0,0,0,0,58,15,8,11,0,0,0,0,39,1,0
C:\Users\Susmi\Desktop\4-1\TermPaperTool\ta4j\ta4j\ta4j\src\main\java\eu\verdelhan\ta4j\analysis\criteria\AbstractAnalysisCriterion.java,eu.verdelhan.ta4j.analysis.criteria.AbstractAnalysisCriterion,class,3,14,11,3,5,1,10,12,1,0.0,0.0,0.0,2,0,2,0,0,0,2,0,0,0,0,0,0,0,0,0,0,0,0,23,2,2,0,0,0,1,5,10,1,8,2,0,0,0,26,1025,0
C:\Users\Susmi\Desktop\4-1\TermPaperTool\ta4j\ta4j\ta4j\src\test\java\eu\verdelhan\ta4j\trading\rules\StopGainRuleTest.java,eu.verdelhan.ta4j.trading.rules.StopGainRuleTest,class,7,7,0,7,2,1,0,6,0,0.16666667,0.0,0.0,2,0,2,0,0,0,2,0,0,0,3,0,0,3,0,0,0,0,3,24,0,0,0,0,0,3,19,4,0,4,0,0,0,0,25,1,0
C:\Users\Susmi\Desktop\4-1\TermPaperTool\ta4j\ta4j\ta4j\src\main\java\eu\verdelhan\ta4j\indicators\helpers\AverageTrueRangeIndicator.java,eu.verdelhan.ta4j.indicators.helpers.AverageTrueRangeIndicator,class,4,8,4,4,4,3,0,7,0,0.16666667,0.0,0.0,3,0,2,0,1,0,3,0,0,0,2,0,0,2,0,0,2,0,2,20,3,0,1,0,0,1,3,4,3,4,1,0,0,0,24,1,0
C:\Users\Susmi\Desktop\4-1\TermPaperTool\ta4j\ta4j\ta4j\src\main\java\eu\verdelhan\ta4j\indicators\trackers\bollingerbands\BollingerBandsMiddleIndicator.java,eu.verdelhan.ta4j.indicators.trackers.bollingerbands.BollingerBandsMiddleIndicator,class,3,9,6,3,3,3,0,3,0,0.0,0.0,0.0,3,0,2,0,1,0,3,0,0,0,1,0,0,1,0,0,1,0,0,13,2,0,0,0,0,1,0,1,1,1,0,0,0,0,25,1,0
C:\Users\Susmi\Desktop\4-1\TermPaperTool\ta4j\ta4j\ta4j\src\test\java\eu\verdelhan\ta4j\indicators\simple\AmountIndicatorTest.java,eu.verdelhan.ta4j.indicators.simple.AmountIndicatorTest,class,7,7,0,7,3,1,0,4,0,0.0,0.0,0.0,2,0,2,0,0,0,2,0,0,0,2,0,0,1,0,1,0,0,0,13,0,1,0,0,0,0,2,3,0,3,1,0,0,0,18,1,0
C:\Users\Susmi\Desktop\4-1\TermPaperTool\ta4j\ta4j\ta4j\src\main\java\eu\verdelhan\ta4j\indicators\trackers\ParabolicSarIndicator.java,eu.verdelhan.ta4j.indicators.trackers.ParabolicSarIndicator,class,9,11,2,9,22,3,0,16,0,0.66,0.0,0.0,5,0,2,2,1,0,3,0,0,0,10,4,0,10,0,0,8,0,4,95,4,0,2,0,0,5,8,40,8,23,2,0,0,0,56,1,0
C:\Users\Susmi\Desktop\4-1\TermPaperTool\ta4j\ta4j\ta4j\src\test\java\eu\verdelhan\ta4j\indicators\trackers\bollingerbands\BollingerBandsMiddleIndicatorTest.java,eu.verdelhan.ta4j.indicators.trackers.bollingerbands.BollingerBandsMiddleIndicatorTest,class,8,8,0,8,3,1,0,3,0,0.0,0.0,0.0,2,0,2,0,0,0,2,0,0,0,1,0,0,1,0,0,0,0,0,13,0,1,0,0,0,0,15,4,0,4,1,0,0,0,23,1,0
C:\Users\Susmi\Desktop\4-1\TermPaperTool\ta4j\ta4j\ta4j\src\test\java\eu\verdelhan\ta4j\indicators\trackers\DoubleEMAIndicatorTest.java,eu.verdelhan.ta4j.indicators.trackers.DoubleEMAIndicatorTest,class,8,8,0,8,2,1,0,2,0,0.25,0.0,0.0,2,0,2,0,0,0,2,0,0,0,2,0,0,2,0,0,0,0,9,20,0,0,0,0,0,0,34,3,0,3,0,0,0,0,22,1,0
C:\Users\Susmi\Desktop\4-1\TermPaperTool\ta4j\ta4j\ta4j\src\main\java\eu\verdelhan\ta4j\analysis\criteria\NumberOfTicksCriterion.java,eu.verdelhan.ta4j.analysis.criteria.NumberOfTicksCriterion,class,6,11,5,6,5,2,0,5,3,0.0,0.0,0.0,3,0,3,0,0,0,3,0,0,0,0,0,0,0,0,0,0,0,0,15,3,1,0,0,1,0,2,2,2,1,1,0,0,0,28,1,0
C:\Users\Susmi\Desktop\4-1\TermPaperTool\ta4j\ta4j\ta4j\src\main\java\eu\verdelhan\ta4j\indicators\simple\OpenPriceIndicator.java,eu.verdelhan.ta4j.indicators.simple.OpenPriceIndicator,class,4,5,1,4,2,3,0,2,0,0.0,0.0,0.0,2,0,1,0,1,0,2,0,0,0,1,0,0,1,0,0,0,0,0,10,1,0,0,0,0,0,0,1,0,1,0,0,0,0,10,1,0
C:\Users\Susmi\Desktop\4-1\TermPaperTool\ta4j\ta4j\ta4j-examples\src\main\java\ta4jexamples\strategies\RSI2Strategy.java,ta4jexamples.strategies.RSI2Strategy,class,16,18,2,16,3,1,0,9,1,0.0,0.0,0.0,2,2,2,0,0,0,2,0,0,0,0,0,0,0,0,0,0,0,4,21,1,0,1,0,0,3,5,9,2,9,1,0,0,0,51,1,0
C:\Users\Susmi\Desktop\4-1\TermPaperTool\ta4j\ta4j\ta4j\src\main\java\eu\verdelhan\ta4j\indicators\oscillators\StochasticOscillatorDIndicator.java,eu.verdelhan.ta4j.indicators.oscillators.StochasticOscillatorDIndicator,class,5,6,1,5,4,3,0,3,0,0.25,0.0,0.0,4,0,3,0,1,0,4,0,0,0,1,0,0,1,0,0,0,0,0,16,2,0,0,0,0,1,1,1,1,1,0,0,0,0,22,1,0
C:\Users\Susmi\Desktop\4-1\TermPaperTool\ta4j\ta4j\ta4j\src\main\java\eu\verdelhan\ta4j\indicators\volume\OnBalanceVolumeIndicator.java,eu.verdelhan.ta4j.indicators.volume.OnBalanceVolumeIndicator,class,4,5,1,4,5,3,0,8,0,0.0,0.0,0.0,2,0,1,0,1,0,2,0,0,0,1,0,0,1,0,0,1,0,0,21,4,0,1,0,0,0,5,3,4,3,1,0,0,0,17,1,0
C:\Users\Susmi\Desktop\4-1\TermPaperTool\ta4j\ta4j\ta4j\src\test\java\eu\verdelhan\ta4j\indicators\trackers\WMAIndicatorTest.java,eu.verdelhan.ta4j.indicators.trackers.WMAIndicatorTest,class,7,7,0,7,2,1,0,3,1,0.0,0.0,0.0,2,0,2,0,0,0,2,0,0,0,0,0,0,0,0,0,0,0,12,24,0,0,0,0,0,0,38,6,0,6,0,0,0,0,22,1,0
C:\Users\Susmi\Desktop\4-1\TermPaperTool\ta4j\ta4j\ta4j-examples\src\main\java\ta4jexamples\indicators\IndicatorsToCsv.java,ta4jexamples.indicators.IndicatorsToCsv,class,16,17,1,16,5,1,0,14,0,0.0,NaN,NaN,1,1,1,0,0,0,1,0,0,0,0,0,0,0,0,0,0,0,2,40,0,1,1,2,0,3,13,19,1,18,3,0,0,0,65,1,0
C:\Users\Susmi\Desktop\4-1\TermPaperTool\ta4j\ta4j\ta4j\src\main\java\eu\verdelhan\ta4j\indicators\simple\MedianPriceIndicator.java,eu.verdelhan.ta4j.indicators.simple.MedianPriceIndicator,class,4,7,3,4,2,3,0,5,0,0.0,0.0,0.0,2,0,1,0,1,0,2,0,0,0,1,0,0,1,0,0,0,0,0,10,1,0,0,0,0,0,0,1,0,1,0,0,0,0,12,1,0
C:\Users\Susmi\Desktop\4-1\TermPaperTool\ta4j\ta4j\ta4j\src\main\java\eu\verdelhan\ta4j\indicators\trackers\TripleEMAIndicator.java,eu.verdelhan.ta4j.indicators.trackers.TripleEMAIndicator,class,4,5,1,4,2,3,0,4,0,0.0,0.0,0.0,2,0,1,0,1,0,2,0,0,0,2,0,0,2,0,0,2,0,0,14,1,0,0,0,0,0,0,4,0,4,0,0,0,0,20,1,0
C:\Users\Susmi\Desktop\4-1\TermPaperTool\ta4j\ta4j\ta4j\src\main\java\eu\verdelhan\ta4j\Rule.java,eu.verdelhan.ta4j.Rule,interface,2,18,16,2,6,1,0,0,15,0.0,0.0,0.0,6,0,0,0,0,6,6,0,0,0,0,0,0,0,0,0,0,0,0,8,0,0,0,0,0,0,0,0,0,0,0,0,0,0,46,1,0
C:\Users\Susmi\Desktop\4-1\TermPaperTool\ta4j\ta4j\ta4j\src\test\java\eu\verdelhan\ta4j\indicators\volume\OnBalanceVolumeIndicatorTest.java,eu.verdelhan.ta4j.indicators.volume.OnBalanceVolumeIndicatorTest,class,8,8,0,8,1,1,0,4,0,0.0,NaN,NaN,1,0,1,0,0,0,1,0,0,0,0,0,0,0,0,0,0,0,6,19,0,0,0,0,0,0,54,3,0,3,0,0,0,0,18,1,0
C:\Users\Susmi\Desktop\4-1\TermPaperTool\ta4j\ta4j\ta4j\src\main\java\eu\verdelhan\ta4j\indicators\trackers\RSIIndicator.java,eu.verdelhan.ta4j.indicators.trackers.RSIIndicator,class,6,10,4,6,5,3,0,7,2,0.5,0.0,0.0,4,0,2,1,1,0,3,0,0,0,3,0,0,3,0,0,1,0,0,25,4,0,1,0,0,1,1,5,1,5,1,0,0,0,23,1,0
C:\Users\Susmi\Desktop\4-1\TermPaperTool\ta4j\ta4j\ta4j\src\main\java\eu\verdelhan\ta4j\trading\rules\InPipeRule.java,eu.verdelhan.ta4j.trading.rules.InPipeRule,class,5,6,1,5,3,2,0,4,0,0.0,0.0,0.0,3,0,3,0,0,0,3,0,0,0,3,0,0,3,0,0,0,0,0,18,1,0,0,0,0,0,0,4,0,4,0,0,0,0,33,1,0
C:\Users\Susmi\Desktop\4-1\TermPaperTool\ta4j\ta4j\ta4j\src\main\java\eu\verdelhan\ta4j\indicators\CachedIndicator.java,eu.verdelhan.ta4j.indicators.CachedIndicator,class,5,125,120,5,16,2,0,19,9,0.5833334,0.0,0.0,6,0,3,2,1,0,4,1,0,0,2,0,0,2,0,0,1,0,5,73,2,1,4,0,1,2,10,17,6,11,3,0,0,0,74,1025,1
C:\Users\Susmi\Desktop\4-1\TermPaperTool\ta4j\ta4j\ta4j\src\main\java\eu\verdelhan\ta4j\indicators\helpers\DirectionalDownIndicator.java,eu.verdelhan.ta4j.indicators.helpers.DirectionalDownIndicator,class,6,8,2,6,3,3,0,4,0,0.33333334,0.0,0.0,3,0,2,0,1,0,3,0,0,0,3,0,0,3,0,0,3,0,0,17,2,0,0,0,0,1,0,3,1,3,0,0,0,0,22,1,0
C:\Users\Susmi\Desktop\4-1\TermPaperTool\ta4j\ta4j\ta4j-examples\src\main\java\ta4jexamples\loaders\CsvTradesLoader.java,ta4jexamples.loaders.CsvTradesLoader,class,7,21,14,7,16,1,0,36,6,0.0,0.0,0.0,4,4,2,2,0,0,2,0,0,0,0,0,0,0,0,0,0,0,10,72,2,4,3,2,1,14,18,22,9,16,4,0,0,0,67,1,0
C:\Users\Susmi\Desktop\4-1\TermPaperTool\ta4j\ta4j\ta4j\src\main\java\eu\verdelhan\ta4j\indicators\helpers\DirectionalUpIndicator.java,eu.verdelhan.ta4j.indicators.helpers.DirectionalUpIndicator,class,6,8,2,6,3,3,0,4,0,0.33333334,0.0,0.0,3,0,2,0,1,0,3,0,0,0,3,0,0,3,0,0,2,0,0,17,2,0,0,0,0,1,0,3,1,3,0,0,0,0,22,1,0
C:\Users\Susmi\Desktop\4-1\TermPaperTool\ta4j\ta4j\ta4j\src\main\java\eu\verdelhan\ta4j\analysis\criteria\NumberOfTradesCriterion.java,eu.verdelhan.ta4j.analysis.criteria.NumberOfTradesCriterion,class,4,6,2,4,4,2,0,1,3,0.0,0.0,0.0,3,0,3,0,0,0,3,0,0,0,0,0,0,0,0,0,0,0,0,11,3,0,0,0,0,0,1,0,0,0,0,0,0,0,22,1,0
C:\Users\Susmi\Desktop\4-1\TermPaperTool\ta4j\ta4j\ta4j\src\main\java\eu\verdelhan\ta4j\trading\rules\AbstractRule.java,eu.verdelhan.ta4j.trading.rules.AbstractRule,class,6,38,32,6,6,1,16,5,15,0.8333333,0.0,0.0,6,0,5,0,1,0,6,0,0,0,1,0,0,0,1,0,1,0,0,21,5,0,0,0,0,1,0,1,0,1,0,0,0,0,31,1025,1
C:\Users\Susmi\Desktop\4-1\TermPaperTool\ta4j\ta4j\ta4j\src\main\java\eu\verdelhan\ta4j\analysis\criteria\LinearTransactionCostCriterion.java,eu.verdelhan.ta4j.analysis.criteria.LinearTransactionCostCriterion,class,7,10,3,7,14,2,0,8,0,0.5357143,0.0,0.0,7,0,5,2,0,0,5,0,0,0,4,0,0,4,0,0,0,0,0,55,6,1,4,0,2,0,4,16,6,11,3,0,0,0,63,1,0
C:\Users\Susmi\Desktop\4-1\TermPaperTool\ta4j\ta4j\ta4j\src\main\java\eu\verdelhan\ta4j\trading\rules\UnderIndicatorRule.java,eu.verdelhan.ta4j.trading.rules.UnderIndicatorRule,class,5,12,7,5,3,2,0,3,1,0.33333334,0.0,0.0,3,0,3,0,0,0,3,0,0,0,2,0,0,2,0,0,0,0,0,16,1,0,0,0,0,0,0,3,0,3,0,0,0,0,28,1,0
C:\Users\Susmi\Desktop\4-1\TermPaperTool\ta4j\ta4j\ta4j\src\main\java\eu\verdelhan\ta4j\indicators\trackers\ZLEMAIndicator.java,eu.verdelhan.ta4j.indicators.trackers.ZLEMAIndicator,class,4,5,1,4,5,3,0,9,0,0.25,0.0,0.0,3,0,2,0,1,0,3,0,0,0,4,0,0,4,0,0,4,0,1,26,4,0,1,0,1,1,7,5,7,5,1,0,0,0,27,1,0
C:\Users\Susmi\Desktop\4-1\TermPaperTool\ta4j\ta4j\ta4j\src\test\java\eu\verdelhan\ta4j\TradeTest.java,eu.verdelhan.ta4j.TradeTest,class,4,4,0,4,12,1,0,12,16,0.75,0.0,0.0,12,0,12,0,0,0,12,0,0,0,1,0,0,1,0,0,0,0,6,67,0,0,0,0,0,0,27,8,0,8,0,0,0,0,50,1,0
C:\Users\Susmi\Desktop\4-1\TermPaperTool\ta4j\ta4j\ta4j\src\test\java\eu\verdelhan\ta4j\analysis\criteria\MaximumDrawdownCriterionTest.java,eu.verdelhan.ta4j.analysis.criteria.MaximumDrawdownCriterionTest,class,8,8,0,8,8,1,0,8,28,0.0,0.0,0.0,8,0,8,0,0,0,8,0,0,0,0,0,0,0,0,0,0,0,32,48,0,0,0,0,0,0,89,21,0,21,0,0,0,0,40,1,0
C:\Users\Susmi\Desktop\4-1\TermPaperTool\ta4j\ta4j\ta4j\src\test\java\eu\verdelhan\ta4j\indicators\simple\DifferenceIndicatorTest.java,eu.verdelhan.ta4j.indicators.simple.DifferenceIndicatorTest,class,8,8,0,8,2,1,0,4,0,0.33333334,0.0,0.0,2,0,2,0,0,0,2,0,0,0,3,0,0,3,0,0,0,0,15,19,0,0,0,0,0,14,8,3,0,3,0,0,0,0,13,1,0
C:\Users\Susmi\Desktop\4-1\TermPaperTool\ta4j\ta4j\ta4j\src\test\java\eu\verdelhan\ta4j\TimeSeriesTest.java,eu.verdelhan.ta4j.TimeSeriesTest,class,15,15,0,15,32,1,0,57,74,0.79296875,0.0,0.0,32,0,32,0,0,0,32,0,0,0,8,0,0,8,0,0,0,0,20,285,0,0,0,0,0,16,355,66,4,58,0,0,0,0,109,1,0
C:\Users\Susmi\Desktop\4-1\TermPaperTool\ta4j\ta4j\ta4j\src\main\java\eu\verdelhan\ta4j\indicators\AbstractIndicator.java,eu.verdelhan.ta4j.indicators.AbstractIndicator,class,4,8,4,4,3,1,0,3,1,0.6666667,0.0,0.0,3,0,3,0,0,0,3,0,0,0,2,0,0,1,1,0,1,0,0,13,2,0,0,0,0,0,0,2,0,2,0,0,0,0,17,1025,0
C:\Users\Susmi\Desktop\4-1\TermPaperTool\ta4j\ta4j\ta4j\src\test\java\eu\verdelhan\ta4j\indicators\helpers\MeanDeviationIndicatorTest.java,eu.verdelhan.ta4j.indicators.helpers.MeanDeviationIndicatorTest,class,8,8,0,8,4,1,0,3,0,0.0,0.0,0.0,4,0,4,0,0,0,4,0,0,0,1,0,0,1,0,0,0,0,8,23,0,0,0,0,0,0,30,4,0,4,0,0,0,0,26,1,0
C:\Users\Susmi\Desktop\4-1\TermPaperTool\ta4j\ta4j\ta4j\src\test\java\eu\verdelhan\ta4j\TickTest.java,eu.verdelhan.ta4j.TickTest,class,5,5,0,5,5,1,0,20,0,0.26666668,0.0,0.0,5,0,5,0,0,0,5,0,0,0,3,0,0,3,0,0,0,0,6,36,0,0,0,0,0,0,32,3,5,3,0,0,0,0,21,1,0
C:\Users\Susmi\Desktop\4-1\TermPaperTool\ta4j\ta4j\ta4j\src\test\java\eu\verdelhan\ta4j\analysis\criteria\TotalProfitCriterionTest.java,eu.verdelhan.ta4j.analysis.criteria.TotalProfitCriterionTest,class,7,7,0,7,6,1,0,9,15,0.0,0.0,0.0,6,0,6,0,0,0,6,0,0,0,0,0,0,0,0,0,0,0,12,38,0,0,0,0,2,0,58,15,5,15,0,0,0,0,35,1,0
C:\Users\Susmi\Desktop\4-1\TermPaperTool\ta4j\ta4j\ta4j\src\test\java\eu\verdelhan\ta4j\indicators\simple\MaxPriceIndicatorTest.java,eu.verdelhan.ta4j.indicators.simple.MaxPriceIndicatorTest,class,7,7,0,7,3,1,0,4,0,0.0,0.0,0.0,2,0,2,0,0,0,2,0,0,0,2,0,0,1,0,1,0,0,0,13,0,1,0,0,0,0,2,3,0,3,1,0,0,0,18,1,0
C:\Users\Susmi\Desktop\4-1\TermPaperTool\ta4j\ta4j\ta4j\src\test\java\eu\verdelhan\ta4j\indicators\simple\MedianPriceIndicatorTest.java,eu.verdelhan.ta4j.indicators.simple.MedianPriceIndicatorTest,class,9,9,0,9,3,1,0,8,0,0.0,0.0,0.0,2,0,2,0,0,0,2,0,0,0,2,0,0,1,0,1,0,0,0,26,0,1,0,0,0,0,42,5,0,5,1,0,0,0,22,1,0
C:\Users\Susmi\Desktop\4-1\TermPaperTool\ta4j\ta4j\ta4j\src\test\java\eu\verdelhan\ta4j\indicators\volume\ChaikinMoneyFlowIndicatorTest.java,eu.verdelhan.ta4j.indicators.volume.ChaikinMoneyFlowIndicatorTest,class,7,7,0,7,1,1,0,4,0,0.0,NaN,NaN,1,0,1,0,0,0,1,0,0,0,0,0,0,0,0,0,0,0,13,51,0,0,0,0,0,150,27,4,0,4,0,0,0,0,18,1,0
C:\Users\Susmi\Desktop\4-1\TermPaperTool\ta4j\ta4j\ta4j\src\main\java\eu\verdelhan\ta4j\indicators\oscillators\PPOIndicator.java,eu.verdelhan.ta4j.indicators.oscillators.PPOIndicator,class,4,6,2,4,3,3,0,4,0,0.0,0.0,0.0,2,0,1,0,1,0,2,0,0,0,2,0,0,2,0,0,2,0,0,17,1,0,0,0,0,1,0,4,0,4,1,0,0,0,30,1,0
C:\Users\Susmi\Desktop\4-1\TermPaperTool\ta4j\ta4j\ta4j\src\test\java\eu\verdelhan\ta4j\analysis\criteria\RewardRiskRatioCriterionTest.java,eu.verdelhan.ta4j.analysis.criteria.RewardRiskRatioCriterionTest,class,8,8,0,8,6,1,0,9,3,0.33333334,0.0,0.0,6,0,6,0,0,0,6,0,0,0,1,0,0,1,0,0,0,0,14,34,0,0,0,0,13,0,66,13,17,13,0,0,0,0,45,1,0
C:\Users\Susmi\Desktop\4-1\TermPaperTool\ta4j\ta4j\ta4j\src\main\java\eu\verdelhan\ta4j\indicators\volume\ChaikinMoneyFlowIndicator.java,eu.verdelhan.ta4j.indicators.volume.ChaikinMoneyFlowIndicator,class,7,9,2,7,4,3,0,8,0,0.33333334,0.0,0.0,3,0,1,1,1,0,2,0,0,0,4,0,0,4,0,0,0,0,1,25,2,1,0,0,0,0,2,9,2,8,1,0,0,0,35,1,0
C:\Users\Susmi\Desktop\4-1\TermPaperTool\ta4j\ta4j\ta4j\src\main\java\eu\verdelhan\ta4j\trading\rules\CrossedDownIndicatorRule.java,eu.verdelhan.ta4j.trading.rules.CrossedDownIndicatorRule,class,7,11,4,7,3,2,0,2,1,0.33333334,0.0,0.0,3,0,3,0,0,0,3,0,0,0,1,0,0,1,0,0,0,0,0,14,1,0,0,0,0,0,0,2,0,2,0,0,0,0,29,1,0
C:\Users\Susmi\Desktop\4-1\TermPaperTool\ta4j\ta4j\ta4j\src\main\java\eu\verdelhan\ta4j\analysis\criteria\MaximumDrawdownCriterion.java,eu.verdelhan.ta4j.analysis.criteria.MaximumDrawdownCriterion,class,7,11,4,7,11,2,0,10,6,0.0,0.0,0.0,4,0,3,1,0,0,3,0,0,0,0,0,0,0,0,0,0,0,0,33,5,1,3,0,0,0,1,11,0,9,2,0,0,0,39,1,0
C:\Users\Susmi\Desktop\4-1\TermPaperTool\ta4j\ta4j\ta4j\src\main\java\eu\verdelhan\ta4j\analysis\criteria\TotalProfitCriterion.java,eu.verdelhan.ta4j.analysis.criteria.TotalProfitCriterion,class,8,22,14,8,8,2,0,11,6,0.0,0.0,0.0,4,0,3,1,0,0,3,0,0,0,0,0,0,0,0,0,0,0,0,29,4,1,0,0,0,0,1,7,0,4,2,0,0,0,40,1,0
C:\Users\Susmi\Desktop\4-1\TermPaperTool\ta4j\ta4j\ta4j\src\test\java\eu\verdelhan\ta4j\analysis\criteria\AbstractAnalysisCriterionTest.java,eu.verdelhan.ta4j.analysis.criteria.AbstractAnalysisCriterionTest,class,10,10,0,10,4,1,0,4,0,0.41666666,0.0,0.0,4,0,4,0,0,0,4,0,0,0,3,0,0,3,0,0,0,0,0,30,0,0,0,0,0,3,10,10,0,10,0,0,0,0,40,1,0
C:\Users\Susmi\Desktop\4-1\TermPaperTool\ta4j\ta4j\ta4j\src\main\java\eu\verdelhan\ta4j\Order.java,eu.verdelhan.ta4j.Order,class,3,32,29,3,30,1,0,4,0,0.4666667,0.0,0.0,15,4,13,0,2,0,15,0,0,0,4,0,0,4,0,0,0,0,0,91,19,0,13,0,5,5,8,12,10,6,1,0,1,0,69,1,0
C:\Users\Susmi\Desktop\4-1\TermPaperTool\ta4j\ta4j\ta4j\src\main\java\eu\verdelhan\ta4j\trading\rules\WaitForRule.java,eu.verdelhan.ta4j.trading.rules.WaitForRule,class,4,5,1,4,4,2,0,3,0,0.0,0.0,0.0,2,0,2,0,0,0,2,0,0,0,2,0,0,2,0,0,0,0,0,20,1,0,2,0,0,0,0,6,1,5,2,0,0,0,43,1,0
C:\Users\Susmi\Desktop\4-1\TermPaperTool\ta4j\ta4j\ta4j\src\test\java\eu\verdelhan\ta4j\indicators\simple\ConstantIndicatorTest.java,eu.verdelhan.ta4j.indicators.simple.ConstantIndicatorTest,class,5,5,0,5,2,1,0,3,0,0.0,0.0,0.0,2,0,2,0,0,0,2,0,0,0,1,0,0,1,0,0,0,0,5,12,0,0,0,0,0,5,4,1,0,1,0,0,0,0,9,1,0
C:\Users\Susmi\Desktop\4-1\TermPaperTool\ta4j\ta4j\ta4j\src\test\java\eu\verdelhan\ta4j\indicators\oscillators\AwesomeOscillatorIndicatorTest.java,eu.verdelhan.ta4j.indicators.oscillators.AwesomeOscillatorIndicatorTest,class,10,10,0,10,4,1,0,5,0,0.0,0.0,0.0,4,0,4,0,0,0,4,0,0,0,1,0,0,1,0,0,0,0,15,36,0,0,0,0,0,2,53,5,1,5,0,0,0,0,27,1,0
C:\Users\Susmi\Desktop\4-1\TermPaperTool\ta4j\ta4j\ta4j\src\test\java\eu\verdelhan\ta4j\indicators\volume\AccumulationDistributionIndicatorTest.java,eu.verdelhan.ta4j.indicators.volume.AccumulationDistributionIndicatorTest,class,9,9,0,9,1,1,0,5,0,0.0,NaN,NaN,1,0,1,0,0,0,1,0,0,0,0,0,0,0,0,0,0,0,5,18,0,0,0,0,8,0,57,4,12,4,0,0,0,0,19,1,0
C:\Users\Susmi\Desktop\4-1\TermPaperTool\ta4j\ta4j\ta4j\src\main\java\eu\verdelhan\ta4j\indicators\simple\PriceVariationIndicator.java,eu.verdelhan.ta4j.indicators.simple.PriceVariationIndicator,class,4,6,2,4,2,3,0,4,0,0.0,0.0,0.0,2,0,1,0,1,0,2,0,0,0,1,0,0,1,0,0,0,0,1,12,1,0,0,0,0,0,2,3,1,3,0,0,0,0,14,1,0
C:\Users\Susmi\Desktop\4-1\TermPaperTool\ta4j\ta4j\ta4j\src\main\java\eu\verdelhan\ta4j\indicators\helpers\AverageLossIndicator.java,eu.verdelhan.ta4j.indicators.helpers.AverageLossIndicator,class,3,5,2,3,5,3,0,10,0,0.16666667,0.0,0.0,3,0,2,0,1,0,3,0,0,0,2,0,0,2,0,0,2,0,3,22,2,1,0,0,0,1,5,6,6,5,2,0,0,0,18,1,0
C:\Users\Susmi\Desktop\4-1\TermPaperTool\ta4j\ta4j\ta4j-examples\src\main\java\ta4jexamples\analysis\StrategyAnalysis.java,ta4jexamples.analysis.StrategyAnalysis,class,15,15,0,15,1,1,0,14,0,0.0,NaN,NaN,1,1,1,0,0,0,1,0,0,0,0,0,0,0,0,0,0,0,2,18,0,0,0,0,0,10,2,4,10,4,0,0,0,0,56,1,0
C:\Users\Susmi\Desktop\4-1\TermPaperTool\ta4j\ta4j\ta4j\src\test\java\eu\verdelhan\ta4j\trading\rules\AndRuleTest.java,eu.verdelhan.ta4j.trading.rules.AndRuleTest,class,5,5,0,5,2,1,0,5,0,0.0,0.0,0.0,2,0,2,0,0,0,2,0,0,0,2,0,0,2,0,0,0,0,0,18,0,0,0,0,0,0,8,2,0,2,0,0,0,0,15,1,0
C:\Users\Susmi\Desktop\4-1\TermPaperTool\ta4j\ta4j\ta4j-examples\src\main\java\ta4jexamples\walkforward\WalkForward.java,ta4jexamples.walkforward.WalkForward,class,11,12,1,11,4,1,0,20,1,0.0,0.0,0.0,2,2,2,0,0,0,2,0,0,0,0,0,0,0,0,0,0,0,6,28,1,2,0,0,0,9,2,10,3,10,2,0,0,0,39,1,0
C:\Users\Susmi\Desktop\4-1\TermPaperTool\ta4j\ta4j\ta4j\src\main\java\eu\verdelhan\ta4j\indicators\trackers\DoubleEMAIndicator.java,eu.verdelhan.ta4j.indicators.trackers.DoubleEMAIndicator,class,4,5,1,4,2,3,0,3,0,0.0,0.0,0.0,2,0,1,0,1,0,2,0,0,0,2,0,0,2,0,0,2,0,0,13,1,0,0,0,0,0,0,3,0,3,0,0,0,0,16,1,0
C:\Users\Susmi\Desktop\4-1\TermPaperTool\ta4j\ta4j\ta4j\src\main\java\eu\verdelhan\ta4j\Strategy.java,eu.verdelhan.ta4j.Strategy,class,5,23,18,5,12,1,0,12,22,0.75,0.0,0.0,8,0,6,0,2,0,8,0,0,0,3,0,0,2,1,0,1,0,0,44,7,0,2,0,0,3,0,6,0,6,1,0,0,0,61,1,2
C:\Users\Susmi\Desktop\4-1\TermPaperTool\ta4j\ta4j\ta4j\src\main\java\eu\verdelhan\ta4j\Decimal.java,eu.verdelhan.ta4j.Decimal,class,1,106,105,1,95,1,0,17,0,0.83611107,0.0,0.0,36,4,30,6,0,0,30,0,0,0,10,9,9,1,0,0,10,0,9,207,58,0,44,0,32,2,25,17,2,12,1,0,0,0,141,17,0
C:\Users\Susmi\Desktop\4-1\TermPaperTool\ta4j\ta4j\ta4j\src\test\java\eu\verdelhan\ta4j\indicators\trackers\WilliamsRIndicatorTest.java,eu.verdelhan.ta4j.indicators.trackers.WilliamsRIndicatorTest,class,11,11,0,11,4,1,0,3,0,0.0,0.0,0.0,4,0,4,0,0,0,4,0,0,0,1,0,0,1,0,0,0,0,15,44,0,0,0,0,4,0,93,5,8,5,0,0,0,0,30,1,0
C:\Users\Susmi\Desktop\4-1\TermPaperTool\ta4j\ta4j\ta4j\src\test\java\eu\verdelhan\ta4j\trading\rules\BooleanRuleTest.java,eu.verdelhan.ta4j.trading.rules.BooleanRuleTest,class,4,4,0,4,2,1,0,3,0,0.0,0.0,0.0,2,0,2,0,0,0,2,0,0,0,2,0,0,2,0,0,0,0,0,18,0,0,0,0,0,0,8,2,0,2,0,0,0,0,14,1,0
C:\Users\Susmi\Desktop\4-1\TermPaperTool\ta4j\ta4j\ta4j\src\main\java\eu\verdelhan\ta4j\trading\rules\StopGainRule.java,eu.verdelhan.ta4j.trading.rules.StopGainRule,class,7,9,2,7,4,2,0,10,0,0.0,0.0,0.0,2,0,2,0,0,0,2,0,0,0,2,0,0,2,0,0,0,0,0,21,1,0,1,0,0,0,0,7,0,6,2,0,0,0,38,1,0
C:\Users\Susmi\Desktop\4-1\TermPaperTool\ta4j\ta4j\ta4j\src\main\java\eu\verdelhan\ta4j\indicators\simple\MinPriceIndicator.java,eu.verdelhan.ta4j.indicators.simple.MinPriceIndicator,class,4,10,6,4,2,3,0,2,0,0.0,0.0,0.0,2,0,1,0,1,0,2,0,0,0,1,0,0,1,0,0,0,0,0,10,1,0,0,0,0,0,0,1,0,1,0,0,0,0,11,1,0
C:\Users\Susmi\Desktop\4-1\TermPaperTool\ta4j\ta4j\ta4j\src\test\java\eu\verdelhan\ta4j\indicators\trackers\ROCIndicatorTest.java,eu.verdelhan.ta4j.indicators.trackers.ROCIndicatorTest,class,8,8,0,8,3,1,0,3,0,0.25,0.0,0.0,2,0,2,0,0,0,2,0,0,0,2,0,0,2,0,0,0,0,5,18,0,1,0,0,0,0,39,5,1,5,1,0,0,0,25,1,0
C:\Users\Susmi\Desktop\4-1\TermPaperTool\ta4j\ta4j\ta4j\src\test\java\eu\verdelhan\ta4j\trading\rules\CrossedDownIndicatorRuleTest.java,eu.verdelhan.ta4j.trading.rules.CrossedDownIndicatorRuleTest,class,7,7,0,7,2,1,0,3,0,0.25,0.0,0.0,2,0,2,0,0,0,2,0,0,0,2,0,0,2,0,0,0,0,0,18,0,0,0,0,0,0,16,2,0,2,0,0,0,0,16,1,0
C:\Users\Susmi\Desktop\4-1\TermPaperTool\ta4j\ta4j\ta4j\src\main\java\eu\verdelhan\ta4j\indicators\helpers\LowestValueIndicator.java,eu.verdelhan.ta4j.indicators.helpers.LowestValueIndicator,class,3,9,6,3,5,3,0,5,0,0.16666667,0.0,0.0,3,0,2,0,1,0,3,0,0,0,2,0,0,2,0,0,2,0,1,22,2,1,0,0,0,1,3,6,4,5,2,0,0,0,17,1,0
C:\Users\Susmi\Desktop\4-1\TermPaperTool\ta4j\ta4j\ta4j\src\main\java\eu\verdelhan\ta4j\trading\rules\NotRule.java,eu.verdelhan.ta4j.trading.rules.NotRule,class,3,4,1,3,2,2,0,2,0,0.0,0.0,0.0,2,0,2,0,0,0,2,0,0,0,1,0,0,1,0,0,0,0,0,11,1,0,0,0,0,0,0,2,0,2,0,0,0,0,22,1,0
C:\Users\Susmi\Desktop\4-1\TermPaperTool\ta4j\ta4j\ta4j\src\test\java\eu\verdelhan\ta4j\indicators\trackers\EMAIndicatorTest.java,eu.verdelhan.ta4j.indicators.trackers.EMAIndicatorTest,class,9,9,0,9,6,1,0,4,0,0.0,0.0,0.0,5,0,5,0,0,0,5,0,0,0,1,0,0,1,0,0,0,0,5,27,0,1,0,0,0,2,27,7,0,7,1,0,0,0,35,1,0
C:\Users\Susmi\Desktop\4-1\TermPaperTool\ta4j\ta4j\ta4j\src\test\java\eu\verdelhan\ta4j\trading\rules\BooleanIndicatorRuleTest.java,eu.verdelhan.ta4j.trading.rules.BooleanIndicatorRuleTest,class,6,6,0,6,2,1,0,3,0,0.25,0.0,0.0,2,0,2,0,0,0,2,0,0,0,2,0,0,2,0,0,0,0,0,15,0,0,0,0,0,0,5,2,0,2,0,0,0,0,13,1,0
C:\Users\Susmi\Desktop\4-1\TermPaperTool\ta4j\ta4j\ta4j\src\main\java\eu\verdelhan\ta4j\indicators\simple\MaxPriceIndicator.java,eu.verdelhan.ta4j.indicators.simple.MaxPriceIndicator,class,4,10,6,4,2,3,0,2,0,0.0,0.0,0.0,2,0,1,0,1,0,2,0,0,0,1,0,0,1,0,0,0,0,0,10,1,0,0,0,0,0,0,1,0,1,0,0,0,0,11,1,0
C:\Users\Susmi\Desktop\4-1\TermPaperTool\ta4j\ta4j\ta4j\src\main\java\eu\verdelhan\ta4j\indicators\helpers\AverageDirectionalMovementUpIndicator.java,eu.verdelhan.ta4j.indicators.helpers.AverageDirectionalMovementUpIndicator,class,4,6,2,4,4,3,0,7,0,0.16666667,0.0,0.0,3,0,2,0,1,0,3,0,0,0,2,0,0,2,0,0,2,0,2,20,3,0,1,0,0,1,3,4,3,4,1,0,0,0,28,1,0
C:\Users\Susmi\Desktop\4-1\TermPaperTool\ta4j\ta4j\ta4j\src\test\java\eu\verdelhan\ta4j\indicators\helpers\CloseLocationValueIndicatorTest.java,eu.verdelhan.ta4j.indicators.helpers.CloseLocationValueIndicatorTest,class,9,9,0,9,2,1,0,4,0,0.0,0.0,0.0,2,0,2,0,0,0,2,0,0,0,1,0,0,1,0,0,0,0,5,20,0,0,0,0,0,0,31,3,1,3,0,0,0,0,19,1,0
C:\Users\Susmi\Desktop\4-1\TermPaperTool\ta4j\ta4j\ta4j\src\test\java\eu\verdelhan\ta4j\indicators\AbstractIndicatorTest.java,eu.verdelhan.ta4j.indicators.AbstractIndicatorTest,class,7,7,0,7,2,1,0,2,0,0.0,0.0,0.0,2,0,2,0,0,0,2,0,0,0,1,0,0,1,0,0,0,0,0,12,0,0,0,0,0,0,14,3,0,3,0,0,0,0,19,1,0
C:\Users\Susmi\Desktop\4-1\TermPaperTool\ta4j\ta4j\ta4j\src\test\java\eu\verdelhan\ta4j\indicators\helpers\AverageDirectionalMovementDownIndicatorTest.java,eu.verdelhan.ta4j.indicators.helpers.AverageDirectionalMovementDownIndicatorTest,class,7,7,0,7,1,1,0,4,0,0.0,NaN,NaN,1,0,1,0,0,0,1,0,0,0,0,0,0,0,0,0,0,0,5,22,0,0,0,0,3,0,54,8,23,8,0,0,0,0,25,1,0
C:\Users\Susmi\Desktop\4-1\TermPaperTool\ta4j\ta4j\ta4j\src\test\java\eu\verdelhan\ta4j\indicators\helpers\DirectionalDownIndicatorTest.java,eu.verdelhan.ta4j.indicators.helpers.DirectionalDownIndicatorTest,class,7,7,0,7,1,1,0,4,0,0.0,NaN,NaN,1,0,1,0,0,0,1,0,0,0,0,0,0,0,0,0,0,0,5,17,0,0,0,0,17,0,86,3,55,3,0,0,0,0,22,1,0
C:\Users\Susmi\Desktop\4-1\TermPaperTool\ta4j\ta4j\ta4j\src\main\java\eu\verdelhan\ta4j\indicators\helpers\AverageGainIndicator.java,eu.verdelhan.ta4j.indicators.helpers.AverageGainIndicator,class,3,5,2,3,5,3,0,10,0,0.16666667,0.0,0.0,3,0,2,0,1,0,3,0,0,0,2,0,0,2,0,0,2,0,3,22,2,1,0,0,0,1,5,6,6,5,2,0,0,0,18,1,0
C:\Users\Susmi\Desktop\4-1\TermPaperTool\ta4j\ta4j\ta4j\src\main\java\eu\verdelhan\ta4j\indicators\simple\AmountIndicator.java,eu.verdelhan.ta4j.indicators.simple.AmountIndicator,class,4,5,1,4,2,3,0,2,0,0.0,0.0,0.0,2,0,1,0,1,0,2,0,0,0,1,0,0,1,0,0,0,0,0,10,1,0,0,0,0,0,0,1,0,1,0,0,0,0,8,1,0
C:\Users\Susmi\Desktop\4-1\TermPaperTool\ta4j\ta4j\ta4j\src\test\java\eu\verdelhan\ta4j\indicators\trackers\bollingerbands\BollingerBandsLowerIndicatorTest.java,eu.verdelhan.ta4j.indicators.trackers.bollingerbands.BollingerBandsLowerIndicatorTest,class,12,12,0,12,2,1,0,5,0,0.125,0.0,0.0,2,0,2,0,0,0,2,0,0,0,4,0,0,4,0,0,0,0,17,34,0,0,0,0,0,1,44,8,0,8,0,0,0,0,34,1,0
C:\Users\Susmi\Desktop\4-1\TermPaperTool\ta4j\ta4j\ta4j\src\test\java\eu\verdelhan\ta4j\indicators\trackers\SMAIndicatorTest.java,eu.verdelhan.ta4j.indicators.trackers.SMAIndicatorTest,class,9,9,0,9,4,1,0,7,0,0.0,0.0,0.0,3,0,3,0,0,0,3,0,0,0,1,0,0,1,0,0,0,0,13,28,0,1,0,0,0,0,48,4,6,4,1,0,0,0,28,1,0
C:\Users\Susmi\Desktop\4-1\TermPaperTool\ta4j\ta4j\ta4j\src\main\java\eu\verdelhan\ta4j\analysis\criteria\RewardRiskRatioCriterion.java,eu.verdelhan.ta4j.analysis.criteria.RewardRiskRatioCriterion,class,7,11,4,7,4,2,0,2,1,0.33333334,0.0,0.0,3,0,3,0,0,0,3,0,0,0,2,0,0,2,0,0,0,0,0,13,3,0,0,0,0,0,0,2,2,2,0,0,0,0,32,1,0
C:\Users\Susmi\Desktop\4-1\TermPaperTool\ta4j\ta4j\ta4j\src\main\java\eu\verdelhan\ta4j\analysis\CashFlow.java,eu.verdelhan.ta4j.analysis.CashFlow,class,8,13,5,8,13,1,0,21,0,0.4375,0.0,0.0,8,0,5,3,0,0,5,0,0,0,2,0,0,2,0,0,1,0,4,53,3,2,0,0,0,0,5,11,6,9,2,0,0,0,56,1,0
C:\Users\Susmi\Desktop\4-1\TermPaperTool\ta4j\ta4j\ta4j\src\test\java\eu\verdelhan\ta4j\trading\rules\OrRuleTest.java,eu.verdelhan.ta4j.trading.rules.OrRuleTest,class,5,5,0,5,2,1,0,5,0,0.0,0.0,0.0,2,0,2,0,0,0,2,0,0,0,2,0,0,2,0,0,0,0,0,18,0,0,0,0,0,0,8,2,0,2,0,0,0,0,15,1,0
C:\Users\Susmi\Desktop\4-1\TermPaperTool\ta4j\ta4j\ta4j-examples\src\main\java\ta4jexamples\logging\StrategyExecutionLogging.java,ta4jexamples.logging.StrategyExecutionLogging,class,7,8,1,7,3,1,0,13,1,0.5,NaN,NaN,2,2,1,1,0,0,1,0,0,0,1,1,0,1,0,0,1,0,4,21,0,0,0,1,0,2,0,5,0,5,1,0,0,0,57,1,0
C:\Users\Susmi\Desktop\4-1\TermPaperTool\ta4j\ta4j\ta4j\src\test\java\eu\verdelhan\ta4j\indicators\trackers\AccelerationDecelerationIndicatorTest.java,eu.verdelhan.ta4j.indicators.trackers.AccelerationDecelerationIndicatorTest,class,9,9,0,9,4,1,0,4,0,0.0,0.0,0.0,4,0,4,0,0,0,4,0,0,0,1,0,0,1,0,0,0,0,15,36,0,0,0,0,0,0,54,5,0,5,0,0,0,0,25,1,0
C:\Users\Susmi\Desktop\4-1\TermPaperTool\ta4j\ta4j\ta4j\src\test\java\eu\verdelhan\ta4j\indicators\CachedIndicatorTest.java,eu.verdelhan.ta4j.indicators.CachedIndicatorTest,class,15,15,0,15,8,1,0,13,19,0.71428573,0.0,0.0,7,0,7,0,0,0,7,0,0,0,1,0,0,1,0,0,0,0,7,69,0,1,0,0,0,0,73,17,0,17,1,0,0,0,56,1,0
C:\Users\Susmi\Desktop\4-1\TermPaperTool\ta4j\ta4j\ta4j\src\test\java\eu\verdelhan\ta4j\mocks\MockIndicator.java,eu.verdelhan.ta4j.mocks.MockIndicator,class,3,6,3,3,5,1,0,5,4,0.4,0.0,0.0,5,0,5,0,0,0,5,0,0,0,1,0,0,1,0,0,0,0,1,18,3,0,0,0,0,0,0,1,0,1,0,0,0,0,21,1,0
C:\Users\Susmi\Desktop\4-1\TermPaperTool\ta4j\ta4j\ta4j-examples\src\main\java\ta4jexamples\bots\TradingBotOnMovingTimeSeries.java,ta4jexamples.bots.TradingBotOnMovingTimeSeries,class,12,13,1,12,14,1,0,32,8,0.6,NaN,NaN,5,5,1,4,0,0,1,0,0,0,1,1,0,1,0,0,0,0,13,66,4,1,3,0,0,20,5,23,8,21,3,0,0,0,104,1,0
C:\Users\Susmi\Desktop\4-1\TermPaperTool\ta4j\ta4j\ta4j\src\test\java\eu\verdelhan\ta4j\indicators\helpers\TrueRangeIndicatorTest.java,eu.verdelhan.ta4j.indicators.helpers.TrueRangeIndicatorTest,class,7,7,0,7,1,1,0,3,0,0.0,NaN,NaN,1,0,1,0,0,0,1,0,0,0,0,0,0,0,0,0,0,0,5,16,0,0,0,0,0,0,30,2,0,2,0,0,0,0,15,1,0
