file,class,type,cbo,cboModified,fanin,fanout,wmc,dit,noc,rfc,lcom,lcom*,tcc,lcc,totalMethodsQty,staticMethodsQty,publicMethodsQty,privateMethodsQty,protectedMethodsQty,defaultMethodsQty,visibleMethodsQty,abstractMethodsQty,finalMethodsQty,synchronizedMethodsQty,totalFieldsQty,staticFieldsQty,publicFieldsQty,privateFieldsQty,protectedFieldsQty,defaultFieldsQty,finalFieldsQty,synchronizedFieldsQty,nosi,loc,returnQty,loopQty,comparisonsQty,tryCatchQty,parenthesizedExpsQty,stringLiteralsQty,numbersQty,assignmentsQty,mathOperationsQty,variablesQty,maxNestedBlocksQty,anonymousClassesQty,innerClassesQty,lambdasQty,uniqueWordsQty,modifiers,logStatementsQty
/mnt/c/Users/User/Downloads/ta4j/ta4j/ta4j/src/test/java/eu/verdelhan/ta4j/indicators/simple/PreviousPriceIndicatorTest.java,eu.verdelhan.ta4j.indicators.simple.PreviousPriceIndicatorTest,class,5,5,0,5,3,1,0,5,0,0.0,0.0,0.0,2,0,2,0,0,0,2,0,0,0,2,0,0,1,0,1,0,0,0,14,0,1,0,0,0,0,5,3,1,3,1,0,0,0,18,1,0
/mnt/c/Users/User/Downloads/ta4j/ta4j/ta4j-examples/src/main/java/ta4jexamples/indicators/CandlestickChart.java,ta4jexamples.indicators.CandlestickChart,class,18,19,1,18,6,1,0,37,6,0.0,NaN,NaN,4,4,1,3,0,0,1,0,0,0,0,0,0,0,0,0,0,0,4,66,2,2,0,0,0,6,8,32,0,26,1,0,0,0,83,1,0
/mnt/c/Users/User/Downloads/ta4j/ta4j/ta4j/src/test/java/eu/verdelhan/ta4j/strategies/AbstractStrategyTest.java,eu.verdelhan.ta4j.strategies.AbstractStrategyTest,class,5,5,0,5,5,1,0,10,0,0.5,0.0,0.0,4,0,4,0,0,0,4,0,0,0,6,0,0,6,0,0,0,0,0,52,0,1,0,0,0,0,36,10,0,10,1,0,0,0,20,1,0
/mnt/c/Users/User/Downloads/ta4j/ta4j/ta4j-examples/src/main/java/ta4jexamples/indicators/IndicatorsToChart.java,ta4jexamples.indicators.IndicatorsToChart,class,18,19,1,18,4,1,0,21,3,0.0,NaN,NaN,3,3,1,2,0,0,1,0,0,0,0,0,0,0,0,0,0,0,5,37,1,1,0,0,0,8,3,14,0,14,1,0,0,0,80,1,0
/mnt/c/Users/User/Downloads/ta4j/ta4j/ta4j/src/main/java/eu/verdelhan/ta4j/indicators/oscillators/AroonUpIndicator.java,eu.verdelhan.ta4j.indicators.oscillators.AroonUpIndicator,class,4,4,0,4,4,1,0,4,0,0.0,0.0,0.0,2,0,2,0,0,0,2,0,0,0,3,0,0,3,0,0,3,0,1,22,1,1,1,0,1,0,4,7,5,7,2,0,0,0,24,1,0
/mnt/c/Users/User/Downloads/ta4j/ta4j/ta4j/src/main/java/eu/verdelhan/ta4j/Indicator.java,eu.verdelhan.ta4j.Indicator,interface,1,59,58,1,1,1,0,0,0,0.0,NaN,NaN,1,0,0,0,0,1,1,0,0,0,0,0,0,0,0,0,0,0,0,3,0,0,0,0,0,0,0,0,0,0,0,0,0,0,21,1,0
/mnt/c/Users/User/Downloads/ta4j/ta4j/ta4j/src/main/java/eu/verdelhan/ta4j/strategies/OppositeStrategy.java,eu.verdelhan.ta4j.strategies.OppositeStrategy,class,2,3,1,2,3,2,0,2,0,0.0,0.0,0.0,3,0,3,0,0,0,3,0,0,0,1,0,0,1,0,0,0,0,0,12,2,0,0,0,0,0,0,1,0,1,0,0,0,0,21,1,0
/mnt/c/Users/User/Downloads/ta4j/ta4j/ta4j/src/test/java/eu/verdelhan/ta4j/mocks/MockStrategy.java,eu.verdelhan.ta4j.mocks.MockStrategy,class,2,16,14,2,6,2,0,0,2,0.5,0.0,0.0,4,0,4,0,0,0,4,0,0,0,2,0,0,2,0,0,0,0,0,17,3,0,2,0,2,1,0,2,0,2,0,0,0,0,12,1,0
/mnt/c/Users/User/Downloads/ta4j/ta4j/ta4j/src/main/java/eu/verdelhan/ta4j/strategies/AlwaysOperateStrategy.java,eu.verdelhan.ta4j.strategies.AlwaysOperateStrategy,class,1,3,2,1,3,2,0,2,3,0.0,0.0,0.0,3,0,3,0,0,0,3,0,0,0,0,0,0,0,0,0,0,0,0,11,3,0,0,0,0,0,0,0,0,0,0,0,0,0,17,1,0
/mnt/c/Users/User/Downloads/ta4j/ta4j/ta4j/src/test/java/eu/verdelhan/ta4j/indicators/trackers/bollingerbands/BollingerBandsUpperIndicatorTest.java,eu.verdelhan.ta4j.indicators.trackers.bollingerbands.BollingerBandsUpperIndicatorTest,class,9,9,0,9,3,1,0,3,0,0.16666667,0.0,0.0,3,0,3,0,0,0,3,0,0,0,4,0,0,4,0,0,0,0,0,34,0,0,0,0,0,0,38,10,0,10,0,0,0,0,36,1,0
/mnt/c/Users/User/Downloads/ta4j/ta4j/ta4j/src/test/java/eu/verdelhan/ta4j/indicators/simple/MinPriceIndicatorTest.java,eu.verdelhan.ta4j.indicators.simple.MinPriceIndicatorTest,class,5,5,0,5,3,1,0,5,0,0.0,0.0,0.0,2,0,2,0,0,0,2,0,0,0,2,0,0,1,0,1,0,0,0,13,0,1,0,0,0,0,2,3,0,3,1,0,0,0,18,1,0
/mnt/c/Users/User/Downloads/ta4j/ta4j/ta4j/src/main/java/eu/verdelhan/ta4j/strategies/MaxValueStarterStrategy.java,eu.verdelhan.ta4j.strategies.MaxValueStarterStrategy,class,3,3,0,3,5,2,0,6,0,0.41666666,0.0,0.0,4,0,4,0,0,0,4,0,0,0,3,0,0,3,0,0,3,0,1,19,3,0,0,0,1,1,0,3,0,3,0,0,0,0,31,1,0
/mnt/c/Users/User/Downloads/ta4j/ta4j/ta4j/src/test/java/eu/verdelhan/ta4j/indicators/simple/TypicalPriceIndicatorTest.java,eu.verdelhan.ta4j.indicators.simple.TypicalPriceIndicatorTest,class,6,6,0,6,3,1,0,7,0,0.0,0.0,0.0,2,0,2,0,0,0,2,0,0,0,2,0,0,1,0,1,0,0,0,15,0,1,0,0,1,0,3,5,2,5,1,0,0,0,21,1,0
/mnt/c/Users/User/Downloads/ta4j/ta4j/ta4j/src/test/java/eu/verdelhan/ta4j/analysis/criteria/VersusBuyAndHoldCriterionTest.java,eu.verdelhan.ta4j.analysis.criteria.VersusBuyAndHoldCriterionTest,class,11,11,0,11,8,1,0,9,28,0.0,0.0,0.0,8,0,8,0,0,0,8,0,0,0,0,0,0,0,0,0,0,0,2,65,0,0,0,0,2,0,95,26,18,26,0,0,0,0,47,1,0
/mnt/c/Users/User/Downloads/ta4j/ta4j/ta4j/src/main/java/eu/verdelhan/ta4j/analysis/criteria/BuyAndHoldCriterion.java,eu.verdelhan.ta4j.analysis.criteria.BuyAndHoldCriterion,class,7,9,2,7,6,2,0,9,6,0.0,0.0,0.0,4,0,4,0,0,0,4,0,0,0,0,0,0,0,0,0,0,0,0,21,5,0,1,0,0,0,0,2,3,2,1,0,0,0,27,1,0
/mnt/c/Users/User/Downloads/ta4j/ta4j/ta4j/src/test/java/eu/verdelhan/ta4j/TATestsUtils.java,eu.verdelhan.ta4j.TATestsUtils,class,1,1,0,1,0,1,0,1,0,NaN,-1.0,-1.0,0,0,0,0,0,0,0,0,0,0,2,2,2,0,0,0,2,0,0,4,0,0,0,0,0,0,2,2,0,2,0,0,0,0,20,1,0
/mnt/c/Users/User/Downloads/ta4j/ta4j/ta4j/src/test/java/eu/verdelhan/ta4j/strategies/NotSoFastStrategyTest.java,eu.verdelhan.ta4j.strategies.NotSoFastStrategyTest,class,5,5,0,5,3,1,0,5,0,0.4166667,0.0,0.0,3,0,3,0,0,0,3,0,0,0,4,0,0,4,0,0,0,0,0,31,0,0,0,0,0,0,21,5,0,4,0,0,0,0,18,1,0
/mnt/c/Users/User/Downloads/ta4j/ta4j/ta4j/src/main/java/eu/verdelhan/ta4j/strategies/StopGainStrategy.java,eu.verdelhan.ta4j.strategies.StopGainStrategy,class,3,3,0,3,6,2,0,7,0,0.25,0.0,0.0,4,0,4,0,0,0,4,0,0,0,4,0,0,4,0,0,0,0,1,27,5,0,0,0,3,2,1,4,4,4,1,0,0,0,29,1,0
/mnt/c/Users/User/Downloads/ta4j/ta4j/ta4j/src/test/java/eu/verdelhan/ta4j/indicators/helpers/DirectionalMovementUpIndicatorTest.java,eu.verdelhan.ta4j.indicators.helpers.DirectionalMovementUpIndicatorTest,class,5,5,0,5,4,1,0,4,6,0.0,0.0,0.0,4,0,4,0,0,0,4,0,0,0,0,0,0,0,0,0,0,0,0,42,0,0,0,0,0,0,40,20,0,20,0,0,0,0,22,1,0
/mnt/c/Users/User/Downloads/ta4j/ta4j/ta4j/src/test/java/eu/verdelhan/ta4j/analysis/CashFlowTest.java,eu.verdelhan.ta4j.analysis.CashFlowTest,class,8,8,0,8,12,1,0,7,66,0.0,0.0,0.0,12,0,12,0,0,0,12,0,0,0,0,0,0,0,0,0,0,0,1,143,0,0,0,0,0,0,270,37,40,37,0,0,0,0,47,1,0
/mnt/c/Users/User/Downloads/ta4j/ta4j/ta4j/src/main/java/eu/verdelhan/ta4j/indicators/trackers/bollingerbands/BollingerBandsUpperIndicator.java,eu.verdelhan.ta4j.indicators.trackers.bollingerbands.BollingerBandsUpperIndicator,class,3,3,0,3,4,1,0,6,0,0.0,0.0,0.0,4,0,4,0,0,0,4,0,0,0,2,0,0,2,0,0,2,0,0,18,2,0,0,0,0,2,1,4,3,2,0,0,0,0,31,1,0
/mnt/c/Users/User/Downloads/ta4j/ta4j/ta4j/src/main/java/eu/verdelhan/ta4j/indicators/trackers/WilliamsRIndicator.java,eu.verdelhan.ta4j.indicators.trackers.WilliamsRIndicator,class,7,7,0,7,4,1,0,7,0,0.4375,0.0,0.0,4,0,4,0,0,0,4,0,0,0,4,0,0,4,0,0,2,0,0,25,2,0,0,0,3,0,1,8,4,8,0,0,0,0,29,1,0
/mnt/c/Users/User/Downloads/ta4j/ta4j/ta4j/src/main/java/eu/verdelhan/ta4j/indicators/oscillators/CCIIndicator.java,eu.verdelhan.ta4j.indicators.oscillators.CCIIndicator,class,5,5,0,5,3,1,0,5,0,0.4,0.0,0.0,3,0,3,0,0,0,3,0,0,0,5,1,1,4,0,0,1,0,0,22,2,0,0,0,2,1,1,8,4,8,0,0,0,0,37,1,0
/mnt/c/Users/User/Downloads/ta4j/ta4j/ta4j/src/main/java/eu/verdelhan/ta4j/indicators/trackers/bollingerbands/BollingerBandsLowerIndicator.java,eu.verdelhan.ta4j.indicators.trackers.bollingerbands.BollingerBandsLowerIndicator,class,3,3,0,3,4,1,0,6,0,0.0,0.0,0.0,4,0,4,0,0,0,4,0,0,0,2,0,0,2,0,0,2,0,0,18,2,0,0,0,0,2,1,4,3,2,0,0,0,0,31,1,0
/mnt/c/Users/User/Downloads/ta4j/ta4j/ta4j/src/test/java/eu/verdelhan/ta4j/analysis/criteria/NumberOfTradesCriterionTest.java,eu.verdelhan.ta4j.analysis.criteria.NumberOfTradesCriterionTest,class,8,8,0,8,5,1,0,8,10,0.0,0.0,0.0,5,0,5,0,0,0,5,0,0,0,0,0,0,0,0,0,0,0,0,40,0,0,0,0,0,0,34,16,0,16,0,0,0,0,38,1,0
/mnt/c/Users/User/Downloads/ta4j/ta4j/ta4j/src/test/java/eu/verdelhan/ta4j/indicators/oscillators/CCIIndicatorTest.java,eu.verdelhan.ta4j.indicators.oscillators.CCIIndicatorTest,class,7,7,0,7,4,1,0,5,0,0.25,0.0,0.0,2,0,2,0,0,0,2,0,0,0,2,0,0,2,0,0,0,0,0,23,0,2,0,0,0,0,53,6,1,6,1,0,0,0,26,1,0
/mnt/c/Users/User/Downloads/ta4j/ta4j/ta4j/src/test/java/eu/verdelhan/ta4j/indicators/helpers/AverageGainIndicatorTest.java,eu.verdelhan.ta4j.indicators.helpers.AverageGainIndicatorTest,class,6,6,0,6,6,1,0,4,0,0.0,0.0,0.0,6,0,6,0,0,0,6,0,0,0,1,0,0,1,0,0,0,0,0,34,0,0,0,0,0,0,54,6,11,6,0,0,0,0,43,1,0
/mnt/c/Users/User/Downloads/ta4j/ta4j/ta4j/src/main/java/eu/verdelhan/ta4j/strategies/AbstractStrategy.java,eu.verdelhan.ta4j.strategies.AbstractStrategy,class,5,24,19,5,6,1,18,4,6,0.0,0.0,0.0,4,0,4,0,0,0,4,0,0,0,0,0,0,0,0,0,0,0,0,20,6,0,0,0,0,0,0,0,0,0,1,0,0,0,18,1025,0
/mnt/c/Users/User/Downloads/ta4j/ta4j/ta4j/src/test/java/eu/verdelhan/ta4j/indicators/oscillators/PPOIndicatorTest.java,eu.verdelhan.ta4j.indicators.oscillators.PPOIndicatorTest,class,6,6,0,6,2,1,0,3,0,0.25,0.0,0.0,2,0,2,0,0,0,2,0,0,0,2,0,0,2,0,0,0,0,0,16,0,0,0,0,0,0,42,3,0,3,0,0,0,0,22,1,0
/mnt/c/Users/User/Downloads/ta4j/ta4j/ta4j/src/main/java/eu/verdelhan/ta4j/indicators/trackers/WMAIndicator.java,eu.verdelhan.ta4j.indicators.trackers.WMAIndicator,class,1,1,0,1,7,1,0,5,0,0.16666667,0.0,0.0,3,0,3,0,0,0,3,0,0,0,2,0,0,2,0,0,0,0,1,29,4,2,1,0,7,1,13,8,15,6,2,0,0,0,19,1,0
/mnt/c/Users/User/Downloads/ta4j/ta4j/ta4j/src/test/java/eu/verdelhan/ta4j/indicators/helpers/DirectionalUpIndicatorTest.java,eu.verdelhan.ta4j.indicators.helpers.DirectionalUpIndicatorTest,class,5,5,0,5,1,1,0,4,0,0.0,NaN,NaN,1,0,1,0,0,0,1,0,0,0,0,0,0,0,0,0,0,0,0,17,0,0,0,0,22,0,104,3,73,3,0,0,0,0,21,1,0
/mnt/c/Users/User/Downloads/ta4j/ta4j/ta4j/src/test/java/eu/verdelhan/ta4j/indicators/helpers/HighestValueIndicatorTest.java,eu.verdelhan.ta4j.indicators.helpers.HighestValueIndicatorTest,class,6,6,0,6,5,1,0,3,0,0.0,0.0,0.0,5,0,5,0,0,0,5,0,0,0,1,0,0,1,0,0,0,0,0,31,0,0,0,0,0,0,44,5,0,5,0,0,0,0,37,1,0
/mnt/c/Users/User/Downloads/ta4j/ta4j/ta4j/src/main/java/eu/verdelhan/ta4j/Tick.java,eu.verdelhan.ta4j.Tick,class,1,26,25,1,22,1,0,4,44,0.7916667,0.0,0.0,16,0,16,0,0,0,16,0,0,0,9,0,0,9,0,0,0,0,1,83,13,0,1,0,3,3,10,23,1,9,1,0,0,0,67,1,0
/mnt/c/Users/User/Downloads/ta4j/ta4j/ta4j/src/test/java/eu/verdelhan/ta4j/strategies/SupportStrategyTest.java,eu.verdelhan.ta4j.strategies.SupportStrategyTest,class,8,8,0,8,2,1,0,7,0,0.0,0.0,0.0,2,0,2,0,0,0,2,0,0,0,1,0,0,1,0,0,0,0,0,26,0,0,0,0,0,0,19,7,0,5,0,0,0,0,17,1,0
/mnt/c/Users/User/Downloads/ta4j/ta4j/ta4j/src/main/java/eu/verdelhan/ta4j/Trade.java,eu.verdelhan.ta4j.Trade,class,3,24,21,3,23,1,0,8,0,0.44444442,0.0,0.0,12,0,12,0,0,0,12,0,0,0,3,0,0,3,0,0,0,0,0,57,9,0,7,0,8,4,2,6,4,4,2,0,0,0,52,1,0
/mnt/c/Users/User/Downloads/ta4j/ta4j/ta4j/src/test/java/eu/verdelhan/ta4j/strategies/MinValueStarterStrategyTest.java,eu.verdelhan.ta4j.strategies.MinValueStarterStrategyTest,class,8,8,0,8,3,1,0,7,0,0.5555556,0.0,0.0,3,0,3,0,0,0,3,0,0,0,6,0,0,6,0,0,0,0,0,35,0,0,0,0,0,0,21,11,0,9,0,0,0,0,30,1,0
/mnt/c/Users/User/Downloads/ta4j/ta4j/ta4j/src/main/java/eu/verdelhan/ta4j/analysis/criteria/AverageProfitableTradesCriterion.java,eu.verdelhan.ta4j.analysis.criteria.AverageProfitableTradesCriterion,class,5,5,0,5,9,2,0,7,3,0.0,0.0,0.0,3,0,3,0,0,0,3,0,0,0,0,0,0,0,0,0,0,0,0,35,3,1,2,0,2,0,5,9,5,7,2,0,0,0,28,1,0
/mnt/c/Users/User/Downloads/ta4j/ta4j/ta4j/src/test/java/eu/verdelhan/ta4j/indicators/oscillators/StochasticOscillatorDIndicatorTest.java,eu.verdelhan.ta4j.indicators.oscillators.StochasticOscillatorDIndicatorTest,class,8,8,0,8,4,1,0,4,0,0.0,0.0,0.0,4,0,4,0,0,0,4,0,0,0,1,0,0,1,0,0,0,0,0,43,0,0,0,0,0,0,76,11,0,11,0,0,0,0,34,1,0
/mnt/c/Users/User/Downloads/ta4j/ta4j/ta4j/src/test/java/eu/verdelhan/ta4j/OperationTest.java,eu.verdelhan.ta4j.OperationTest,class,3,3,0,3,2,1,0,4,0,0.0,0.0,0.0,2,0,2,0,0,0,2,0,0,0,1,0,0,0,0,1,0,0,0,14,0,0,0,0,0,0,4,4,0,4,0,0,0,0,13,1,0
/mnt/c/Users/User/Downloads/ta4j/ta4j/ta4j/src/test/java/eu/verdelhan/ta4j/strategies/CombinedBuyAndSellStrategyTest.java,eu.verdelhan.ta4j.strategies.CombinedBuyAndSellStrategyTest,class,8,8,0,8,4,1,0,6,0,0.26666668,0.0,0.0,3,0,3,0,0,0,3,0,0,0,5,0,0,5,0,0,0,0,0,51,0,1,0,0,0,0,40,15,0,9,1,0,0,0,27,1,0
/mnt/c/Users/User/Downloads/ta4j/ta4j/ta4j/src/test/java/eu/verdelhan/ta4j/indicators/simple/OpenPriceIndicatorTest.java,eu.verdelhan.ta4j.indicators.simple.OpenPriceIndicatorTest,class,5,5,0,5,3,1,0,5,0,0.0,0.0,0.0,2,0,2,0,0,0,2,0,0,0,2,0,0,1,0,1,0,0,0,13,0,1,0,0,0,0,2,3,0,3,1,0,0,0,18,1,0
/mnt/c/Users/User/Downloads/ta4j/ta4j/ta4j/src/test/java/eu/verdelhan/ta4j/indicators/trackers/AverageDirectionalMovementIndicatorTest.java,eu.verdelhan.ta4j.indicators.trackers.AverageDirectionalMovementIndicatorTest,class,5,5,0,5,1,1,0,4,0,0.0,NaN,NaN,1,0,1,0,0,0,1,0,0,0,0,0,0,0,0,0,0,0,0,19,0,0,0,0,16,0,67,9,53,7,0,0,0,0,26,1,0
/mnt/c/Users/User/Downloads/ta4j/ta4j/ta4j/src/test/java/eu/verdelhan/ta4j/analysis/criteria/BuyAndHoldCriterionTest.java,eu.verdelhan.ta4j.analysis.criteria.BuyAndHoldCriterionTest,class,8,8,0,8,6,1,0,8,15,0.0,0.0,0.0,6,0,6,0,0,0,6,0,0,0,0,0,0,0,0,0,0,0,0,49,0,0,0,0,0,0,50,20,1,20,0,0,0,0,37,1,0
/mnt/c/Users/User/Downloads/ta4j/ta4j/ta4j/src/main/java/eu/verdelhan/ta4j/indicators/simple/TradeCountIndicator.java,eu.verdelhan.ta4j.indicators.simple.TradeCountIndicator,class,3,4,1,3,3,1,0,4,1,0.33333334,0.0,0.0,3,0,3,0,0,0,3,0,0,0,1,0,0,1,0,0,0,0,0,12,2,0,0,0,0,0,0,1,0,1,0,0,0,0,14,1,0
/mnt/c/Users/User/Downloads/ta4j/ta4j/ta4j/src/test/java/eu/verdelhan/ta4j/analysis/criteria/LinearTransactionCostCriterionTest.java,eu.verdelhan.ta4j.analysis.criteria.LinearTransactionCostCriterionTest,class,9,9,0,9,5,1,0,10,10,0.0,0.0,0.0,5,0,5,0,0,0,5,0,0,0,0,0,0,0,0,0,0,0,0,62,0,0,0,0,0,0,73,18,0,17,0,0,0,0,32,1,0
/mnt/c/Users/User/Downloads/ta4j/ta4j/ta4j/src/main/java/eu/verdelhan/ta4j/analysis/criteria/VersusBuyAndHoldCriterion.java,eu.verdelhan.ta4j.analysis.criteria.VersusBuyAndHoldCriterion,class,6,7,1,6,6,2,0,10,4,0.4,0.0,0.0,5,0,5,0,0,0,5,0,0,0,1,0,0,1,0,0,0,0,0,24,4,0,0,0,0,1,0,4,1,4,0,0,0,0,37,1,0
/mnt/c/Users/User/Downloads/ta4j/ta4j/ta4j/src/main/java/eu/verdelhan/ta4j/indicators/simple/VolumeIndicator.java,eu.verdelhan.ta4j.indicators.simple.VolumeIndicator,class,3,4,1,3,3,1,0,4,1,0.33333334,0.0,0.0,3,0,3,0,0,0,3,0,0,0,1,0,0,1,0,0,0,0,0,12,2,0,0,0,0,0,0,1,0,1,0,0,0,0,12,1,0
/mnt/c/Users/User/Downloads/ta4j/ta4j/ta4j/src/main/java/eu/verdelhan/ta4j/strategies/NotSoFastStrategy.java,eu.verdelhan.ta4j.strategies.NotSoFastStrategy,class,2,3,1,2,6,2,0,4,0,0.25,0.0,0.0,4,0,4,0,0,0,4,0,0,0,3,0,0,3,0,0,0,0,0,22,4,0,0,0,3,2,0,3,2,3,1,0,0,0,39,1,0
/mnt/c/Users/User/Downloads/ta4j/ta4j/ta4j/src/main/java/eu/verdelhan/ta4j/analysis/criteria/AverageProfitCriterion.java,eu.verdelhan.ta4j.analysis.criteria.AverageProfitCriterion,class,7,9,2,7,5,2,0,4,3,0.6666667,0.0,0.0,3,0,3,0,0,0,3,0,0,0,2,0,0,2,0,0,0,0,1,19,4,0,1,0,0,0,3,4,1,4,1,0,0,0,28,1,0
/mnt/c/Users/User/Downloads/ta4j/ta4j/ta4j/src/main/java/eu/verdelhan/ta4j/indicators/trackers/MACDIndicator.java,eu.verdelhan.ta4j.indicators.trackers.MACDIndicator,class,3,3,0,3,3,1,0,2,0,0.0,0.0,0.0,2,0,2,0,0,0,2,0,0,0,2,0,0,2,0,0,2,0,0,14,1,0,0,0,0,1,0,2,1,2,1,0,0,0,31,1,0
/mnt/c/Users/User/Downloads/ta4j/ta4j/ta4j/src/main/java/eu/verdelhan/ta4j/AnalysisCriterion.java,eu.verdelhan.ta4j.AnalysisCriterion,interface,4,9,5,4,5,1,0,0,10,0.0,0.0,0.0,5,0,0,0,0,5,5,0,0,0,0,0,0,0,0,0,0,0,0,7,0,0,0,0,0,0,0,0,0,0,0,0,0,0,54,1,0
/mnt/c/Users/User/Downloads/ta4j/ta4j/ta4j-examples/src/main/java/ta4jexamples/strategies/GlobalExtremaStrategy.java,ta4jexamples.strategies.GlobalExtremaStrategy,class,14,15,1,14,3,1,0,6,1,0.5,0.0,0.0,2,2,2,0,0,0,2,0,0,0,1,1,0,1,0,0,1,0,2,24,1,0,1,0,0,3,5,12,3,12,1,0,0,0,70,1,0
/mnt/c/Users/User/Downloads/ta4j/ta4j/ta4j/src/test/java/eu/verdelhan/ta4j/analysis/criteria/NumberOfTicksCriterionTest.java,eu.verdelhan.ta4j.analysis.criteria.NumberOfTicksCriterionTest,class,8,8,0,8,5,1,0,9,10,0.0,0.0,0.0,5,0,5,0,0,0,5,0,0,0,0,0,0,0,0,0,0,0,0,41,0,0,0,0,0,0,41,17,0,17,0,0,0,0,34,1,0
/mnt/c/Users/User/Downloads/ta4j/ta4j/ta4j/src/main/java/eu/verdelhan/ta4j/strategies/ResistanceStrategy.java,eu.verdelhan.ta4j.strategies.ResistanceStrategy,class,3,3,0,3,5,2,0,7,0,0.25,0.0,0.0,4,0,4,0,0,0,4,0,0,0,3,0,0,3,0,0,2,0,1,22,4,0,0,0,0,1,0,3,0,3,1,0,0,0,27,1,0
/mnt/c/Users/User/Downloads/ta4j/ta4j/ta4j/src/main/java/eu/verdelhan/ta4j/indicators/simple/ClosePriceIndicator.java,eu.verdelhan.ta4j.indicators.simple.ClosePriceIndicator,class,3,8,5,3,3,1,0,4,1,0.33333334,0.0,0.0,3,0,3,0,0,0,3,0,0,0,1,0,0,1,0,0,0,0,0,12,2,0,0,0,0,0,0,1,0,1,0,0,0,0,14,1,0
/mnt/c/Users/User/Downloads/ta4j/ta4j/ta4j/src/test/java/eu/verdelhan/ta4j/mocks/MockTimeSeries.java,eu.verdelhan.ta4j.mocks.MockTimeSeries,class,6,65,59,6,14,2,0,6,36,0.0,0.0,0.0,9,4,5,4,0,0,5,0,0,0,0,0,0,0,0,0,0,0,4,49,4,4,1,0,1,0,12,8,6,8,1,0,0,0,26,1,0
/mnt/c/Users/User/Downloads/ta4j/ta4j/ta4j/src/main/java/eu/verdelhan/ta4j/indicators/oscillators/AroonDownIndicator.java,eu.verdelhan.ta4j.indicators.oscillators.AroonDownIndicator,class,4,4,0,4,4,1,0,4,0,0.0,0.0,0.0,2,0,2,0,0,0,2,0,0,0,3,0,0,3,0,0,3,0,1,22,1,1,1,0,1,0,4,7,5,7,2,0,0,0,24,1,0
/mnt/c/Users/User/Downloads/ta4j/ta4j/ta4j/src/test/java/eu/verdelhan/ta4j/strategies/IndicatorCrossedIndicatorStrategyTest.java,eu.verdelhan.ta4j.strategies.IndicatorCrossedIndicatorStrategyTest,class,7,7,0,7,11,1,0,10,15,0.0,0.0,0.0,6,0,6,0,0,0,6,0,0,0,0,0,0,0,0,0,0,0,0,81,0,5,0,0,0,0,101,34,0,34,1,0,0,0,37,1,0
/mnt/c/Users/User/Downloads/ta4j/ta4j/ta4j/src/test/java/eu/verdelhan/ta4j/indicators/trackers/DirectionalMovementIndicatorTest.java,eu.verdelhan.ta4j.indicators.trackers.DirectionalMovementIndicatorTest,class,5,5,0,5,1,1,0,4,0,0.0,NaN,NaN,1,0,1,0,0,0,1,0,0,0,0,0,0,0,0,0,0,0,0,17,0,0,0,0,15,0,58,7,43,5,0,0,0,0,23,1,0
/mnt/c/Users/User/Downloads/ta4j/ta4j/ta4j/src/test/java/eu/verdelhan/ta4j/indicators/helpers/AverageDirectionalMovementUpIndicatorTest.java,eu.verdelhan.ta4j.indicators.helpers.AverageDirectionalMovementUpIndicatorTest,class,5,5,0,5,1,1,0,4,0,0.0,NaN,NaN,1,0,1,0,0,0,1,0,0,0,0,0,0,0,0,0,0,0,0,17,0,0,0,0,5,0,64,3,33,3,0,0,0,0,18,1,0
/mnt/c/Users/User/Downloads/ta4j/ta4j/ta4j/src/test/java/eu/verdelhan/ta4j/strategies/StopLossStrategyTest.java,eu.verdelhan.ta4j.strategies.StopLossStrategyTest,class,9,9,0,9,3,1,0,8,0,0.0,0.0,0.0,3,0,3,0,0,0,3,0,0,0,1,0,0,1,0,0,0,0,0,36,0,0,0,0,0,0,23,13,0,13,0,0,0,0,27,1,0
/mnt/c/Users/User/Downloads/ta4j/ta4j/ta4j/src/main/java/eu/verdelhan/ta4j/strategies/AndStrategy.java,eu.verdelhan.ta4j.strategies.AndStrategy,class,2,4,2,2,4,2,0,3,0,0.0,0.0,0.0,4,0,4,0,0,0,4,0,0,0,2,0,0,2,0,0,0,0,1,17,3,0,0,0,0,1,0,2,0,2,0,0,0,0,27,1,0
/mnt/c/Users/User/Downloads/ta4j/ta4j/ta4j/src/main/java/eu/verdelhan/ta4j/indicators/trackers/EMAIndicator.java,eu.verdelhan.ta4j.indicators.trackers.EMAIndicator,class,4,9,5,4,6,2,0,8,0,0.25,0.0,0.0,4,0,2,1,1,0,3,0,0,0,2,0,0,2,0,0,2,0,0,24,5,0,1,0,3,1,6,3,8,3,1,0,0,0,23,1,0
/mnt/c/Users/User/Downloads/ta4j/ta4j/ta4j-examples/src/main/java/ta4jexamples/strategies/CCICorrectionStrategy.java,ta4jexamples.strategies.CCICorrectionStrategy,class,10,11,1,10,3,1,0,7,1,0.0,0.0,0.0,2,2,2,0,0,0,2,0,0,0,0,0,0,0,0,0,0,0,2,25,1,0,1,0,0,3,4,13,2,13,1,0,0,0,48,1,0
/mnt/c/Users/User/Downloads/ta4j/ta4j/ta4j-examples/src/main/java/ta4jexamples/analysis/CashFlowToChart.java,ta4jexamples.analysis.CashFlowToChart,class,20,21,1,20,5,1,0,30,6,0.0,NaN,NaN,4,4,1,3,0,0,1,0,0,0,0,0,0,0,0,0,0,0,5,47,1,1,0,0,0,8,9,16,0,16,1,0,0,0,80,1,0
/mnt/c/Users/User/Downloads/ta4j/ta4j/ta4j/src/test/java/eu/verdelhan/ta4j/indicators/helpers/LowestValueIndicatorTest.java,eu.verdelhan.ta4j.indicators.helpers.LowestValueIndicatorTest,class,6,6,0,6,5,1,0,3,0,0.0,0.0,0.0,5,0,5,0,0,0,5,0,0,0,1,0,0,1,0,0,0,0,0,31,0,0,0,0,0,0,44,5,0,5,0,0,0,0,36,1,0
/mnt/c/Users/User/Downloads/ta4j/ta4j/ta4j-examples/src/main/java/ta4jexamples/strategies/MovingMomentumStrategy.java,ta4jexamples.strategies.MovingMomentumStrategy,class,15,17,2,15,3,1,0,8,1,0.0,0.0,0.0,2,2,2,0,0,0,2,0,0,0,0,0,0,0,0,0,0,0,1,26,1,0,1,0,0,3,8,14,2,14,1,0,0,0,63,1,0
/mnt/c/Users/User/Downloads/ta4j/ta4j/ta4j/src/main/java/eu/verdelhan/ta4j/indicators/trackers/AverageDirectionalMovementIndicator.java,eu.verdelhan.ta4j.indicators.trackers.AverageDirectionalMovementIndicator,class,3,3,0,3,4,2,0,4,0,0.16666667,0.0,0.0,3,0,2,0,1,0,3,0,0,0,2,0,0,2,0,0,2,0,0,17,3,0,1,0,3,1,4,2,7,2,1,0,0,0,20,1,0
/mnt/c/Users/User/Downloads/ta4j/ta4j/ta4j/src/test/java/eu/verdelhan/ta4j/indicators/helpers/StandardDeviationIndicatorTest.java,eu.verdelhan.ta4j.indicators.helpers.StandardDeviationIndicatorTest,class,6,6,0,6,5,1,0,4,0,0.0,0.0,0.0,5,0,5,0,0,0,5,0,0,0,1,0,0,1,0,0,0,0,14,38,0,0,0,0,0,0,55,5,0,5,0,0,0,0,29,1,0
/mnt/c/Users/User/Downloads/ta4j/ta4j/ta4j/src/test/java/eu/verdelhan/ta4j/indicators/helpers/AverageTrueRangeIndicatorTest.java,eu.verdelhan.ta4j.indicators.helpers.AverageTrueRangeIndicatorTest,class,5,5,0,5,1,1,0,4,0,0.0,NaN,NaN,1,0,1,0,0,0,1,0,0,0,0,0,0,0,0,0,0,0,0,16,0,0,0,0,6,0,67,2,36,2,0,0,0,0,21,1,0
/mnt/c/Users/User/Downloads/ta4j/ta4j/ta4j/src/test/java/eu/verdelhan/ta4j/indicators/simple/ClosePriceIndicatorTest.java,eu.verdelhan.ta4j.indicators.simple.ClosePriceIndicatorTest,class,5,5,0,5,3,1,0,5,0,0.0,0.0,0.0,2,0,2,0,0,0,2,0,0,0,2,0,0,1,0,1,0,0,0,13,0,1,0,0,0,0,2,3,0,3,1,0,0,0,18,1,0
/mnt/c/Users/User/Downloads/ta4j/ta4j/ta4j/src/main/java/eu/verdelhan/ta4j/indicators/helpers/MeanDeviationIndicator.java,eu.verdelhan.ta4j.indicators.helpers.MeanDeviationIndicator,class,2,3,1,2,4,1,0,7,0,0.22222222,0.0,0.0,3,0,3,0,0,0,3,0,0,0,3,0,0,3,0,0,0,0,2,23,2,1,0,0,0,1,4,9,7,8,1,0,0,0,30,1,0
/mnt/c/Users/User/Downloads/ta4j/ta4j/ta4j/src/main/java/eu/verdelhan/ta4j/indicators/simple/SimpleMultiplierIndicator.java,eu.verdelhan.ta4j.indicators.simple.SimpleMultiplierIndicator,class,1,2,1,1,3,1,0,4,0,0.16666667,0.0,0.0,3,0,3,0,0,0,3,0,0,0,2,0,0,2,0,0,0,0,0,14,2,0,0,0,0,1,0,2,2,2,0,0,0,0,14,1,0
/mnt/c/Users/User/Downloads/ta4j/ta4j/ta4j/src/test/java/eu/verdelhan/ta4j/strategies/MaxValueStarterStrategyTest.java,eu.verdelhan.ta4j.strategies.MaxValueStarterStrategyTest,class,8,8,0,8,3,1,0,7,0,0.5555556,0.0,0.0,3,0,3,0,0,0,3,0,0,0,6,0,0,6,0,0,0,0,0,35,0,0,0,0,0,0,21,11,0,9,0,0,0,0,30,1,0
/mnt/c/Users/User/Downloads/ta4j/ta4j/ta4j/src/main/java/eu/verdelhan/ta4j/indicators/helpers/CrossIndicator.java,eu.verdelhan.ta4j.indicators.helpers.CrossIndicator,class,1,3,2,1,10,1,0,4,0,0.2,0.0,0.0,5,0,5,0,0,0,5,0,0,0,2,0,0,2,0,0,2,0,0,33,6,1,3,0,3,2,3,3,1,3,2,0,0,0,28,1,0
/mnt/c/Users/User/Downloads/ta4j/ta4j/ta4j/src/main/java/eu/verdelhan/ta4j/TADecimal.java,eu.verdelhan.ta4j.TADecimal,class,1,2,1,1,45,1,0,13,268,0.8787879,0.0,0.0,33,4,33,0,0,0,33,0,0,0,8,7,6,2,0,0,7,0,7,109,27,0,2,0,2,0,19,12,0,8,0,0,0,0,123,1,0
/mnt/c/Users/User/Downloads/ta4j/ta4j/ta4j/src/main/java/eu/verdelhan/ta4j/strategies/CombinedBuyAndSellStrategy.java,eu.verdelhan.ta4j.strategies.CombinedBuyAndSellStrategy,class,2,3,1,2,4,2,0,3,0,0.25,0.0,0.0,4,0,4,0,0,0,4,0,0,0,2,0,0,2,0,0,0,0,1,17,3,0,0,0,0,1,0,2,0,2,0,0,0,0,29,1,0
/mnt/c/Users/User/Downloads/ta4j/ta4j/ta4j/src/main/java/eu/verdelhan/ta4j/strategies/MinValueStarterStrategy.java,eu.verdelhan.ta4j.strategies.MinValueStarterStrategy,class,3,3,0,3,5,2,0,6,0,0.41666666,0.0,0.0,4,0,4,0,0,0,4,0,0,0,3,0,0,3,0,0,0,0,1,19,3,0,0,0,1,1,0,3,0,3,0,0,0,0,29,1,0
/mnt/c/Users/User/Downloads/ta4j/ta4j/ta4j/src/main/java/eu/verdelhan/ta4j/indicators/trackers/ROCIndicator.java,eu.verdelhan.ta4j.indicators.trackers.ROCIndicator,class,1,1,0,1,2,1,0,3,0,0.0,0.0,0.0,2,0,2,0,0,0,2,0,0,0,2,0,0,2,0,0,2,0,1,14,1,0,0,0,1,0,2,5,4,5,0,0,0,0,29,1,0
/mnt/c/Users/User/Downloads/ta4j/ta4j/ta4j/src/test/java/eu/verdelhan/ta4j/indicators/helpers/DirectionalMovementDownIndicatorTest.java,eu.verdelhan.ta4j.indicators.helpers.DirectionalMovementDownIndicatorTest,class,5,5,0,5,4,1,0,4,6,0.0,0.0,0.0,4,0,4,0,0,0,4,0,0,0,0,0,0,0,0,0,0,0,0,42,0,0,0,0,0,0,40,20,0,20,0,0,0,0,22,1,0
/mnt/c/Users/User/Downloads/ta4j/ta4j/ta4j/src/main/java/eu/verdelhan/ta4j/indicators/helpers/AverageDirectionalMovementDownIndicator.java,eu.verdelhan.ta4j.indicators.helpers.AverageDirectionalMovementDownIndicator,class,3,4,1,3,4,2,0,4,0,0.16666667,0.0,0.0,3,0,2,0,1,0,3,0,0,0,2,0,0,2,0,0,2,0,0,17,3,0,1,0,3,1,4,2,7,2,1,0,0,0,25,1,0
/mnt/c/Users/User/Downloads/ta4j/ta4j/ta4j/src/test/java/eu/verdelhan/ta4j/indicators/simple/SimpleMultiplierIndicatorTest.java,eu.verdelhan.ta4j.indicators.simple.SimpleMultiplierIndicatorTest,class,4,4,0,4,2,1,0,3,0,0.0,0.0,0.0,2,0,2,0,0,0,2,0,0,0,2,0,0,2,0,0,0,0,0,14,0,0,0,0,0,0,10,2,0,2,0,0,0,0,12,1,0
/mnt/c/Users/User/Downloads/ta4j/ta4j/ta4j/src/test/java/eu/verdelhan/ta4j/indicators/helpers/AverageLossIndicatorTest.java,eu.verdelhan.ta4j.indicators.helpers.AverageLossIndicatorTest,class,6,6,0,6,6,1,0,4,0,0.0,0.0,0.0,6,0,6,0,0,0,6,0,0,0,1,0,0,1,0,0,0,0,0,34,0,0,0,0,0,0,54,6,11,6,0,0,0,0,40,1,0
/mnt/c/Users/User/Downloads/ta4j/ta4j/ta4j-examples/src/main/java/ta4jexamples/Quickstart.java,ta4jexamples.Quickstart,class,16,16,0,16,2,1,0,9,0,0.0,NaN,NaN,1,1,1,0,0,0,1,0,0,0,0,0,0,0,0,0,0,0,1,25,0,0,1,0,0,6,8,14,6,11,0,0,0,0,56,1,0
/mnt/c/Users/User/Downloads/ta4j/ta4j/ta4j-examples/src/main/java/ta4jexamples/loaders/CsvTicksLoader.java,ta4jexamples.loaders.CsvTicksLoader,class,5,7,2,5,6,1,0,19,1,0.5,0.0,0.0,2,2,2,0,0,0,2,0,0,0,1,1,0,1,0,0,1,0,10,36,1,1,1,1,1,17,10,12,4,12,2,0,0,0,58,1,0
/mnt/c/Users/User/Downloads/ta4j/ta4j/ta4j/src/test/java/eu/verdelhan/ta4j/indicators/trackers/RSIIndicatorTest.java,eu.verdelhan.ta4j.indicators.trackers.RSIIndicatorTest,class,6,6,0,6,4,1,0,4,0,0.0,0.0,0.0,4,0,4,0,0,0,4,0,0,0,1,0,0,1,0,0,0,0,0,28,0,0,0,0,0,0,54,4,0,4,0,0,0,0,26,1,0
/mnt/c/Users/User/Downloads/ta4j/ta4j/ta4j/src/main/java/eu/verdelhan/ta4j/indicators/helpers/TrueRangeIndicator.java,eu.verdelhan.ta4j.indicators.helpers.TrueRangeIndicator,class,3,4,1,3,5,1,0,8,1,0.33333334,0.0,0.0,3,0,3,0,0,0,3,0,0,0,1,0,0,1,0,0,0,0,5,16,2,0,2,0,0,0,6,5,5,5,0,0,0,0,18,1,0
/mnt/c/Users/User/Downloads/ta4j/ta4j/ta4j/src/main/java/eu/verdelhan/ta4j/Operation.java,eu.verdelhan.ta4j.Operation,class,2,15,13,2,7,1,0,5,0,0.16666667,0.0,0.0,6,0,6,0,0,0,6,0,0,0,2,0,0,2,0,0,0,0,0,27,6,0,1,0,2,2,1,3,3,3,1,0,0,0,41,1,0
/mnt/c/Users/User/Downloads/ta4j/ta4j/ta4j/src/test/java/eu/verdelhan/ta4j/indicators/simple/VolumeIndicatorTest.java,eu.verdelhan.ta4j.indicators.simple.VolumeIndicatorTest,class,5,5,0,5,3,1,0,5,0,0.0,0.0,0.0,2,0,2,0,0,0,2,0,0,0,2,0,0,1,0,1,0,0,0,13,0,1,0,0,0,0,2,3,0,3,1,0,0,0,17,1,0
/mnt/c/Users/User/Downloads/ta4j/ta4j/ta4j/src/test/java/eu/verdelhan/ta4j/indicators/simple/TradeCountIndicatorTest.java,eu.verdelhan.ta4j.indicators.simple.TradeCountIndicatorTest,class,5,5,0,5,3,1,0,5,0,0.0,0.0,0.0,2,0,2,0,0,0,2,0,0,0,2,0,0,1,0,1,0,0,0,13,0,1,0,0,0,0,2,3,0,3,1,0,0,0,18,1,0
/mnt/c/Users/User/Downloads/ta4j/ta4j/ta4j/src/test/java/eu/verdelhan/ta4j/indicators/trackers/ParabolicSarIndicatorTest.java,eu.verdelhan.ta4j.indicators.trackers.ParabolicSarIndicatorTest,class,5,5,0,5,4,1,0,4,6,0.0,0.0,0.0,4,0,4,0,0,0,4,0,0,0,0,0,0,0,0,0,0,0,0,62,0,0,0,0,4,0,142,9,12,9,0,0,0,0,28,1,0
/mnt/c/Users/User/Downloads/ta4j/ta4j/ta4j/src/main/java/eu/verdelhan/ta4j/indicators/helpers/DirectionalMovementDownIndicator.java,eu.verdelhan.ta4j.indicators.helpers.DirectionalMovementDownIndicator,class,3,4,1,3,7,1,0,5,1,0.33333334,0.0,0.0,3,0,3,0,0,0,3,0,0,0,1,0,0,1,0,0,0,0,0,22,4,0,1,0,1,0,5,5,5,5,1,0,0,0,21,1,0
/mnt/c/Users/User/Downloads/ta4j/ta4j/ta4j/src/test/java/eu/verdelhan/ta4j/indicators/oscillators/StochasticOscillatorKIndicatorTest.java,eu.verdelhan.ta4j.indicators.oscillators.StochasticOscillatorKIndicatorTest,class,6,6,0,6,3,1,0,4,0,0.0,0.0,0.0,3,0,3,0,0,0,3,0,0,0,1,0,0,1,0,0,0,0,0,31,0,0,0,0,0,0,68,4,2,4,0,0,0,0,25,1,0
/mnt/c/Users/User/Downloads/ta4j/ta4j/ta4j/src/main/java/eu/verdelhan/ta4j/indicators/trackers/DirectionalMovementIndicator.java,eu.verdelhan.ta4j.indicators.trackers.DirectionalMovementIndicator,class,4,5,1,4,3,1,0,5,0,0.33333334,0.0,0.0,3,0,3,0,0,0,3,0,0,0,3,0,0,3,0,0,3,0,1,18,2,0,0,0,3,1,1,5,5,5,0,0,0,0,19,1,0
/mnt/c/Users/User/Downloads/ta4j/ta4j/ta4j/src/main/java/eu/verdelhan/ta4j/indicators/helpers/HighestValueIndicator.java,eu.verdelhan.ta4j.indicators.helpers.HighestValueIndicator,class,1,5,4,1,5,1,0,5,0,0.16666667,0.0,0.0,3,0,3,0,0,0,3,0,0,0,2,0,0,2,0,0,2,0,1,21,2,1,0,0,0,1,3,6,4,5,2,0,0,0,17,1,0
/mnt/c/Users/User/Downloads/ta4j/ta4j/ta4j/src/test/java/eu/verdelhan/ta4j/mocks/MockTick.java,eu.verdelhan.ta4j.mocks.MockTick,class,2,24,22,2,6,2,0,0,11,0.6666667,0.0,0.0,6,0,6,0,0,0,6,0,0,0,2,0,0,2,0,0,0,0,0,24,2,0,0,0,0,0,7,4,0,2,0,0,0,0,18,1,0
/mnt/c/Users/User/Downloads/ta4j/ta4j/ta4j/src/main/java/eu/verdelhan/ta4j/indicators/simple/TypicalPriceIndicator.java,eu.verdelhan.ta4j.indicators.simple.TypicalPriceIndicator,class,3,5,2,3,3,1,0,6,1,0.33333334,0.0,0.0,3,0,3,0,0,0,3,0,0,0,1,0,0,1,0,0,0,0,0,15,2,0,0,0,1,0,1,4,2,4,0,0,0,0,18,1,0
/mnt/c/Users/User/Downloads/ta4j/ta4j/ta4j/src/main/java/eu/verdelhan/ta4j/indicators/helpers/DirectionalMovementUpIndicator.java,eu.verdelhan.ta4j.indicators.helpers.DirectionalMovementUpIndicator,class,3,4,1,3,8,1,0,5,1,0.33333334,0.0,0.0,3,0,3,0,0,0,3,0,0,0,1,0,0,1,0,0,0,0,0,25,5,0,2,0,1,0,6,5,7,5,1,0,0,0,21,1,0
/mnt/c/Users/User/Downloads/ta4j/ta4j/ta4j/src/test/java/eu/verdelhan/ta4j/indicators/trackers/TripleEMAIndicatorTest.java,eu.verdelhan.ta4j.indicators.trackers.TripleEMAIndicatorTest,class,6,6,0,6,2,1,0,3,0,0.25,0.0,0.0,2,0,2,0,0,0,2,0,0,0,2,0,0,2,0,0,0,0,0,20,0,0,0,0,0,0,34,3,0,3,0,0,0,0,21,1,0
/mnt/c/Users/User/Downloads/ta4j/ta4j/ta4j/src/test/java/eu/verdelhan/ta4j/strategies/OrStrategyTest.java,eu.verdelhan.ta4j.strategies.OrStrategyTest,class,6,6,0,6,3,1,0,4,0,0.5714286,0.0,0.0,3,0,3,0,0,0,3,0,0,0,7,0,0,7,0,0,0,0,0,34,0,0,0,0,0,0,20,7,0,7,0,0,0,0,25,1,0
/mnt/c/Users/User/Downloads/ta4j/ta4j/ta4j/src/test/java/eu/verdelhan/ta4j/indicators/simple/PriceVariationIndicatorTest.java,eu.verdelhan.ta4j.indicators.simple.PriceVariationIndicatorTest,class,5,5,0,5,3,1,0,5,0,0.0,0.0,0.0,2,0,2,0,0,0,2,0,0,0,2,0,0,2,0,0,0,0,0,16,0,1,0,0,0,0,5,5,2,5,1,0,0,0,21,1,0
/mnt/c/Users/User/Downloads/ta4j/ta4j/ta4j/src/main/java/eu/verdelhan/ta4j/indicators/oscillators/AwesomeOscillatorIndicator.java,eu.verdelhan.ta4j.indicators.oscillators.AwesomeOscillatorIndicator,class,2,3,1,2,4,1,0,3,0,0.25,0.0,0.0,4,0,4,0,0,0,4,0,0,0,2,0,0,2,0,0,0,0,0,18,2,0,0,0,0,0,2,4,1,2,0,0,0,0,24,1,0
/mnt/c/Users/User/Downloads/ta4j/ta4j/ta4j/src/main/java/eu/verdelhan/ta4j/indicators/oscillators/StochasticOscillatorKIndicator.java,eu.verdelhan.ta4j.indicators.oscillators.StochasticOscillatorKIndicator,class,7,8,1,7,4,1,0,6,0,0.375,0.0,0.0,4,0,4,0,0,0,4,0,0,0,4,0,0,4,0,0,2,0,0,25,2,0,0,0,2,1,1,8,5,8,0,0,0,0,41,1,0
/mnt/c/Users/User/Downloads/ta4j/ta4j/ta4j/src/main/java/eu/verdelhan/ta4j/indicators/simple/ConstantIndicator.java,eu.verdelhan.ta4j.indicators.simple.ConstantIndicator,class,2,5,3,2,3,1,0,2,0,0.0,0.0,0.0,3,0,3,0,0,0,3,0,0,0,1,0,0,1,0,0,0,0,0,12,2,0,0,0,0,1,0,1,1,1,0,0,0,0,11,1,0
/mnt/c/Users/User/Downloads/ta4j/ta4j/ta4j/src/test/java/eu/verdelhan/ta4j/strategies/DistanceBetweenIndicatorsStrategyTest.java,eu.verdelhan.ta4j.strategies.DistanceBetweenIndicatorsStrategyTest,class,6,6,0,6,4,1,0,5,0,0.5,0.0,0.0,4,0,4,0,0,0,4,0,0,0,3,0,0,3,0,0,0,0,0,40,0,0,0,0,0,0,43,10,0,7,0,0,0,0,25,1,0
/mnt/c/Users/User/Downloads/ta4j/ta4j/ta4j/src/main/java/eu/verdelhan/ta4j/indicators/simple/PreviousPriceIndicator.java,eu.verdelhan.ta4j.indicators.simple.PreviousPriceIndicator,class,3,4,1,3,3,1,0,5,1,0.33333334,0.0,0.0,3,0,3,0,0,0,3,0,0,0,1,0,0,1,0,0,0,0,1,12,2,0,0,0,0,0,2,1,1,1,0,0,0,0,14,1,0
/mnt/c/Users/User/Downloads/ta4j/ta4j/ta4j/src/test/java/eu/verdelhan/ta4j/strategies/ParabolicSarAndDMIStrategyTest.java,eu.verdelhan.ta4j.strategies.ParabolicSarAndDMIStrategyTest,class,7,7,0,7,2,1,0,5,1,0.0,0.0,0.0,2,0,2,0,0,0,2,0,0,0,0,0,0,0,0,0,0,0,0,27,0,0,0,0,0,0,40,11,0,11,0,0,0,0,27,1,0
/mnt/c/Users/User/Downloads/ta4j/ta4j/ta4j/src/main/java/eu/verdelhan/ta4j/indicators/helpers/StandardDeviationIndicator.java,eu.verdelhan.ta4j.indicators.helpers.StandardDeviationIndicator,class,2,4,2,2,4,1,0,8,0,0.22222222,0.0,0.0,3,0,3,0,0,0,3,0,0,0,3,0,0,3,0,0,0,0,3,21,2,1,0,0,0,1,4,7,4,6,1,0,0,0,24,1,0
/mnt/c/Users/User/Downloads/ta4j/ta4j/ta4j/src/main/java/eu/verdelhan/ta4j/indicators/trackers/AccelerationDecelerationIndicator.java,eu.verdelhan.ta4j.indicators.trackers.AccelerationDecelerationIndicator,class,5,5,0,5,4,1,0,4,4,0.5,0.0,0.0,4,0,4,0,0,0,4,0,0,0,2,0,0,2,0,0,0,0,0,17,2,0,0,0,0,0,2,2,1,2,0,0,0,0,26,1,0
/mnt/c/Users/User/Downloads/ta4j/ta4j/ta4j/src/test/java/eu/verdelhan/ta4j/analysis/criteria/AverageProfitableTradesCriterionTest.java,eu.verdelhan.ta4j.analysis.criteria.AverageProfitableTradesCriterionTest,class,9,9,0,9,4,1,0,8,6,0.0,0.0,0.0,4,0,4,0,0,0,4,0,0,0,0,0,0,0,0,0,0,0,0,39,0,0,0,0,0,0,44,15,2,14,0,0,0,0,33,1,0
/mnt/c/Users/User/Downloads/ta4j/ta4j/ta4j/src/main/java/eu/verdelhan/ta4j/indicators/trackers/SMAIndicator.java,eu.verdelhan.ta4j.indicators.trackers.SMAIndicator,class,1,9,8,1,4,1,0,6,0,0.16666667,0.0,0.0,3,0,3,0,0,0,3,0,0,0,2,0,0,2,0,0,2,0,2,18,2,1,0,0,0,1,4,5,5,4,1,0,0,0,20,1,0
/mnt/c/Users/User/Downloads/ta4j/ta4j/ta4j/src/main/java/eu/verdelhan/ta4j/TimeSeries.java,eu.verdelhan.ta4j.TimeSeries,class,9,56,47,9,38,1,0,24,0,0.5416666,0.0,0.0,18,0,17,1,0,0,17,0,0,0,4,0,0,4,0,0,2,0,2,132,15,6,2,0,1,5,11,34,15,29,3,0,0,0,120,1,0
/mnt/c/Users/User/Downloads/ta4j/ta4j/ta4j/src/test/java/eu/verdelhan/ta4j/analysis/DecisionTest.java,eu.verdelhan.ta4j.analysis.DecisionTest,class,14,14,0,14,6,1,0,10,0,0.25,0.0,0.0,6,0,6,0,0,0,6,0,0,0,2,0,0,2,0,0,0,0,1,52,0,0,0,0,0,11,50,30,2,26,0,0,0,0,44,1,0
/mnt/c/Users/User/Downloads/ta4j/ta4j/ta4j/src/main/java/eu/verdelhan/ta4j/indicators/volume/AccumulationDistributionIndicator.java,eu.verdelhan.ta4j.indicators.volume.AccumulationDistributionIndicator,class,3,3,0,3,4,2,0,8,1,0.33333334,0.0,0.0,3,0,2,0,1,0,3,0,0,0,1,0,0,1,0,0,0,0,0,18,3,0,1,0,4,0,3,4,8,4,1,0,0,0,22,1,0
/mnt/c/Users/User/Downloads/ta4j/ta4j/ta4j/src/test/java/eu/verdelhan/ta4j/analysis/criteria/AverageProfitCriterionTest.java,eu.verdelhan.ta4j.analysis.criteria.AverageProfitCriterionTest,class,9,9,0,9,8,1,0,10,0,0.3125,0.0,0.0,8,0,8,0,0,0,8,0,0,0,2,0,0,2,0,0,0,0,3,59,0,0,0,0,0,0,69,18,8,13,0,0,0,0,45,1,0
/mnt/c/Users/User/Downloads/ta4j/ta4j/ta4j/src/main/java/eu/verdelhan/ta4j/analysis/criteria/AbstractAnalysisCriterion.java,eu.verdelhan.ta4j.analysis.criteria.AbstractAnalysisCriterion,class,5,16,11,5,7,1,10,14,3,0.0,0.0,0.0,3,0,3,0,0,0,3,0,0,0,0,0,0,0,0,0,0,0,0,30,3,3,0,0,0,1,5,11,1,9,2,0,0,0,31,1025,0
/mnt/c/Users/User/Downloads/ta4j/ta4j/ta4j/src/main/java/eu/verdelhan/ta4j/indicators/helpers/AverageTrueRangeIndicator.java,eu.verdelhan.ta4j.indicators.helpers.AverageTrueRangeIndicator,class,3,5,2,3,4,2,0,4,0,0.16666667,0.0,0.0,3,0,2,0,1,0,3,0,0,0,2,0,0,2,0,0,2,0,0,17,3,0,1,0,3,1,4,2,7,2,1,0,0,0,21,1,0
/mnt/c/Users/User/Downloads/ta4j/ta4j/ta4j/src/main/java/eu/verdelhan/ta4j/indicators/trackers/bollingerbands/BollingerBandsMiddleIndicator.java,eu.verdelhan.ta4j.indicators.trackers.bollingerbands.BollingerBandsMiddleIndicator,class,2,4,2,2,4,1,0,4,0,0.0,0.0,0.0,4,0,4,0,0,0,4,0,0,0,1,0,0,1,0,0,1,0,0,15,2,0,0,0,0,1,0,2,1,1,0,0,0,0,30,1,0
/mnt/c/Users/User/Downloads/ta4j/ta4j/ta4j/src/test/java/eu/verdelhan/ta4j/indicators/simple/AmountIndicatorTest.java,eu.verdelhan.ta4j.indicators.simple.AmountIndicatorTest,class,5,5,0,5,3,1,0,5,0,0.0,0.0,0.0,2,0,2,0,0,0,2,0,0,0,2,0,0,1,0,1,0,0,0,13,0,1,0,0,0,0,2,3,0,3,1,0,0,0,18,1,0
/mnt/c/Users/User/Downloads/ta4j/ta4j/ta4j/src/main/java/eu/verdelhan/ta4j/indicators/trackers/ParabolicSarIndicator.java,eu.verdelhan.ta4j.indicators.trackers.ParabolicSarIndicator,class,7,7,0,7,19,2,0,9,0,0.38888887,0.0,0.0,3,0,2,0,1,0,3,0,0,0,6,0,0,6,0,0,4,0,0,79,3,0,0,0,2,1,20,35,19,18,2,0,0,0,34,1,0
/mnt/c/Users/User/Downloads/ta4j/ta4j/ta4j/src/main/java/eu/verdelhan/ta4j/strategies/ParabolicSarAndDMIStrategy.java,eu.verdelhan.ta4j.strategies.ParabolicSarAndDMIStrategy,class,4,4,0,4,4,2,0,5,0,0.375,0.0,0.0,4,0,4,0,0,0,4,0,0,0,2,0,0,2,0,0,0,0,0,17,3,0,0,0,0,0,0,2,0,2,0,0,0,0,35,1,0
/mnt/c/Users/User/Downloads/ta4j/ta4j/ta4j/src/test/java/eu/verdelhan/ta4j/indicators/trackers/bollingerbands/BollingerBandsMiddleIndicatorTest.java,eu.verdelhan.ta4j.indicators.trackers.bollingerbands.BollingerBandsMiddleIndicatorTest,class,7,7,0,7,4,1,0,4,0,0.0,0.0,0.0,3,0,3,0,0,0,3,0,0,0,1,0,0,1,0,0,0,0,0,19,0,1,0,0,0,0,20,6,0,6,1,0,0,0,29,1,0
/mnt/c/Users/User/Downloads/ta4j/ta4j/ta4j/src/test/java/eu/verdelhan/ta4j/indicators/trackers/DoubleEMAIndicatorTest.java,eu.verdelhan.ta4j.indicators.trackers.DoubleEMAIndicatorTest,class,6,6,0,6,2,1,0,3,0,0.25,0.0,0.0,2,0,2,0,0,0,2,0,0,0,2,0,0,2,0,0,0,0,0,20,0,0,0,0,0,0,34,3,0,3,0,0,0,0,21,1,0
/mnt/c/Users/User/Downloads/ta4j/ta4j/ta4j/src/main/java/eu/verdelhan/ta4j/analysis/criteria/NumberOfTicksCriterion.java,eu.verdelhan.ta4j.analysis.criteria.NumberOfTicksCriterion,class,5,7,2,5,5,2,0,4,3,0.0,0.0,0.0,3,0,3,0,0,0,3,0,0,0,0,0,0,0,0,0,0,0,0,15,3,1,0,0,1,0,2,2,2,1,1,0,0,0,26,1,0
/mnt/c/Users/User/Downloads/ta4j/ta4j/ta4j/src/main/java/eu/verdelhan/ta4j/indicators/simple/OpenPriceIndicator.java,eu.verdelhan.ta4j.indicators.simple.OpenPriceIndicator,class,3,4,1,3,3,1,0,4,1,0.33333334,0.0,0.0,3,0,3,0,0,0,3,0,0,0,1,0,0,1,0,0,0,0,0,12,2,0,0,0,0,0,0,1,0,1,0,0,0,0,14,1,0
/mnt/c/Users/User/Downloads/ta4j/ta4j/ta4j-examples/src/main/java/ta4jexamples/strategies/RSI2Strategy.java,ta4jexamples.strategies.RSI2Strategy,class,12,14,2,12,3,1,0,7,1,0.0,0.0,0.0,2,2,2,0,0,0,2,0,0,0,0,0,0,0,0,0,0,0,1,24,1,0,1,0,0,3,5,12,2,12,1,0,0,0,55,1,0
/mnt/c/Users/User/Downloads/ta4j/ta4j/ta4j/src/main/java/eu/verdelhan/ta4j/indicators/oscillators/StochasticOscillatorDIndicator.java,eu.verdelhan.ta4j.indicators.oscillators.StochasticOscillatorDIndicator,class,3,3,0,3,4,1,0,4,0,0.0,0.0,0.0,4,0,4,0,0,0,4,0,0,0,1,0,0,1,0,0,0,0,0,15,2,0,0,0,0,1,1,2,1,1,0,0,0,0,23,1,0
/mnt/c/Users/User/Downloads/ta4j/ta4j/ta4j/src/main/java/eu/verdelhan/ta4j/strategies/DistanceBetweenIndicatorsStrategy.java,eu.verdelhan.ta4j.strategies.DistanceBetweenIndicatorsStrategy,class,4,4,0,4,7,2,0,5,0,0.1,0.0,0.0,5,0,5,0,0,0,5,0,0,0,4,0,0,4,0,0,0,0,1,33,5,0,0,0,6,1,2,8,6,4,1,0,0,0,35,1,0
/mnt/c/Users/User/Downloads/ta4j/ta4j/ta4j/src/main/java/eu/verdelhan/ta4j/indicators/volume/OnBalanceVolumeIndicator.java,eu.verdelhan.ta4j.indicators.volume.OnBalanceVolumeIndicator,class,3,3,0,3,6,2,0,6,1,0.33333334,0.0,0.0,3,0,2,0,1,0,3,0,0,0,1,0,0,1,0,0,1,0,0,23,5,0,1,0,0,0,6,3,6,3,1,0,0,0,21,1,0
/mnt/c/Users/User/Downloads/ta4j/ta4j/ta4j/src/test/java/eu/verdelhan/ta4j/indicators/trackers/WMAIndicatorTest.java,eu.verdelhan.ta4j.indicators.trackers.WMAIndicatorTest,class,5,5,0,5,3,1,0,3,3,0.0,0.0,0.0,3,0,3,0,0,0,3,0,0,0,0,0,0,0,0,0,0,0,0,30,0,0,0,0,0,0,58,9,11,9,0,0,0,0,32,1,0
/mnt/c/Users/User/Downloads/ta4j/ta4j/ta4j-examples/src/main/java/ta4jexamples/indicators/IndicatorsToCsv.java,ta4jexamples.indicators.IndicatorsToCsv,class,14,15,1,14,5,1,0,14,0,0.0,NaN,NaN,1,1,1,0,0,0,1,0,0,0,0,0,0,0,0,0,0,0,2,40,0,1,1,2,0,3,13,19,1,18,3,0,0,0,65,1,0
/mnt/c/Users/User/Downloads/ta4j/ta4j/ta4j/src/main/java/eu/verdelhan/ta4j/analysis/Decision.java,eu.verdelhan.ta4j.analysis.Decision,class,5,10,5,5,29,1,0,10,0,0.375,0.0,0.0,10,0,10,0,0,0,10,0,0,0,4,0,0,4,0,0,0,0,1,87,19,0,15,0,8,1,6,11,8,7,2,0,0,0,47,1,0
/mnt/c/Users/User/Downloads/ta4j/ta4j/ta4j/src/main/java/eu/verdelhan/ta4j/indicators/simple/MedianPriceIndicator.java,eu.verdelhan.ta4j.indicators.simple.MedianPriceIndicator,class,3,5,2,3,3,1,0,5,1,0.33333334,0.0,0.0,3,0,3,0,0,0,3,0,0,0,1,0,0,1,0,0,0,0,0,12,2,0,0,0,1,0,1,1,2,1,0,0,0,0,17,1,0
/mnt/c/Users/User/Downloads/ta4j/ta4j/ta4j/src/main/java/eu/verdelhan/ta4j/indicators/trackers/TripleEMAIndicator.java,eu.verdelhan.ta4j.indicators.trackers.TripleEMAIndicator,class,3,3,0,3,2,1,0,1,0,0.0,0.0,0.0,2,0,2,0,0,0,2,0,0,0,2,0,0,2,0,0,2,0,0,13,1,0,0,0,1,0,2,4,4,4,0,0,0,0,21,1,0
/mnt/c/Users/User/Downloads/ta4j/ta4j/ta4j/src/test/java/eu/verdelhan/ta4j/indicators/volume/OnBalanceVolumeIndicatorTest.java,eu.verdelhan.ta4j.indicators.volume.OnBalanceVolumeIndicatorTest,class,5,5,0,5,1,1,0,4,0,0.0,NaN,NaN,1,0,1,0,0,0,1,0,0,0,0,0,0,0,0,0,0,0,0,18,0,0,0,0,0,0,54,2,0,2,0,0,0,0,19,1,0
/mnt/c/Users/User/Downloads/ta4j/ta4j/ta4j/src/main/java/eu/verdelhan/ta4j/indicators/trackers/RSIIndicator.java,eu.verdelhan.ta4j.indicators.trackers.RSIIndicator,class,4,5,1,4,5,1,0,5,0,0.375,0.0,0.0,4,0,3,1,0,0,3,0,0,0,2,0,0,2,0,0,2,0,0,20,4,0,1,0,1,1,5,4,5,4,1,0,0,0,25,1,0
/mnt/c/Users/User/Downloads/ta4j/ta4j/ta4j/src/main/java/eu/verdelhan/ta4j/indicators/CachedIndicator.java,eu.verdelhan.ta4j.indicators.CachedIndicator,class,3,16,13,3,10,1,0,9,4,0.5,0.0,0.0,4,0,2,1,1,0,3,1,0,0,1,0,0,1,0,0,0,0,1,27,2,2,3,0,3,0,2,2,2,2,3,0,0,0,28,1025,0
/mnt/c/Users/User/Downloads/ta4j/ta4j/ta4j/src/main/java/eu/verdelhan/ta4j/indicators/helpers/DirectionalDownIndicator.java,eu.verdelhan.ta4j.indicators.helpers.DirectionalDownIndicator,class,4,5,1,4,3,1,0,3,0,0.33333334,0.0,0.0,3,0,3,0,0,0,3,0,0,0,3,0,0,3,0,0,3,0,0,16,2,0,0,0,0,1,0,3,2,3,0,0,0,0,21,1,0
/mnt/c/Users/User/Downloads/ta4j/ta4j/ta4j-examples/src/main/java/ta4jexamples/loaders/CsvTradesLoader.java,ta4jexamples.loaders.CsvTradesLoader,class,6,14,8,6,16,1,0,35,6,0.0,0.0,0.0,4,4,2,2,0,0,2,0,0,0,0,0,0,0,0,0,0,0,10,73,2,4,3,2,1,14,18,22,9,16,4,0,0,0,67,1,0
/mnt/c/Users/User/Downloads/ta4j/ta4j/ta4j/src/main/java/eu/verdelhan/ta4j/indicators/helpers/DirectionalUpIndicator.java,eu.verdelhan.ta4j.indicators.helpers.DirectionalUpIndicator,class,4,5,1,4,3,1,0,3,0,0.33333334,0.0,0.0,3,0,3,0,0,0,3,0,0,0,3,0,0,3,0,0,2,0,0,16,2,0,0,0,0,1,0,3,2,3,0,0,0,0,21,1,0
/mnt/c/Users/User/Downloads/ta4j/ta4j/ta4j/src/main/java/eu/verdelhan/ta4j/analysis/criteria/NumberOfTradesCriterion.java,eu.verdelhan.ta4j.analysis.criteria.NumberOfTradesCriterion,class,3,3,0,3,4,2,0,1,3,0.0,0.0,0.0,3,0,3,0,0,0,3,0,0,0,0,0,0,0,0,0,0,0,0,11,3,0,0,0,0,0,1,0,0,0,0,0,0,0,19,1,0
/mnt/c/Users/User/Downloads/ta4j/ta4j/ta4j/src/main/java/eu/verdelhan/ta4j/analysis/criteria/LinearTransactionCostCriterion.java,eu.verdelhan.ta4j.analysis.criteria.LinearTransactionCostCriterion,class,6,7,1,6,13,2,0,5,0,0.5357143,0.0,0.0,7,0,5,2,0,0,5,0,0,0,4,0,0,4,0,0,0,0,0,51,6,1,4,0,2,0,4,14,6,10,3,0,0,0,60,1,0
/mnt/c/Users/User/Downloads/ta4j/ta4j/ta4j/src/test/java/eu/verdelhan/ta4j/strategies/StopGainStrategyGainTest.java,eu.verdelhan.ta4j.strategies.StopGainStrategyGainTest,class,9,9,0,9,3,1,0,8,0,0.0,0.0,0.0,3,0,3,0,0,0,3,0,0,0,1,0,0,1,0,0,0,0,0,45,0,0,0,0,0,0,31,16,0,13,0,0,0,0,27,1,0
/mnt/c/Users/User/Downloads/ta4j/ta4j/ta4j/src/test/java/eu/verdelhan/ta4j/TradeTest.java,eu.verdelhan.ta4j.TradeTest,class,4,4,0,4,11,1,0,11,5,0.72727275,0.0,0.0,11,0,11,0,0,0,11,0,0,0,1,0,0,1,0,0,0,0,0,69,0,0,0,0,0,0,25,12,0,12,0,0,0,0,47,1,0
/mnt/c/Users/User/Downloads/ta4j/ta4j/ta4j/src/test/java/eu/verdelhan/ta4j/strategies/JustBuyOnceStrategyTest.java,eu.verdelhan.ta4j.strategies.JustBuyOnceStrategyTest,class,6,6,0,6,3,1,0,7,0,0.0,0.0,0.0,3,0,3,0,0,0,3,0,0,0,2,0,0,2,0,0,0,0,0,26,0,0,0,0,0,0,10,5,0,5,0,0,0,0,22,1,0
/mnt/c/Users/User/Downloads/ta4j/ta4j/ta4j/src/test/java/eu/verdelhan/ta4j/strategies/ResistanceStrategyTest.java,eu.verdelhan.ta4j.strategies.ResistanceStrategyTest,class,8,8,0,8,2,1,0,6,0,0.0,0.0,0.0,2,0,2,0,0,0,2,0,0,0,1,0,0,1,0,0,0,0,0,24,0,0,0,0,0,0,18,7,0,5,0,0,0,0,16,1,0
/mnt/c/Users/User/Downloads/ta4j/ta4j/ta4j/src/test/java/eu/verdelhan/ta4j/analysis/criteria/MaximumDrawdownCriterionTest.java,eu.verdelhan.ta4j.analysis.criteria.MaximumDrawdownCriterionTest,class,10,10,0,10,9,1,0,9,36,0.0,0.0,0.0,9,0,9,0,0,0,9,0,0,0,0,0,0,0,0,0,0,0,0,84,0,0,0,0,0,0,103,32,0,32,0,0,0,0,48,1,0
/mnt/c/Users/User/Downloads/ta4j/ta4j/ta4j/src/test/java/eu/verdelhan/ta4j/TimeSeriesTest.java,eu.verdelhan.ta4j.TimeSeriesTest,class,14,14,0,14,18,1,0,36,61,0.7301588,0.0,0.0,18,0,18,0,0,0,18,0,0,0,7,0,0,7,0,0,0,0,0,201,0,0,0,0,0,15,271,52,3,45,0,0,0,0,73,1,0
/mnt/c/Users/User/Downloads/ta4j/ta4j/ta4j/src/test/java/eu/verdelhan/ta4j/indicators/helpers/MeanDeviationIndicatorTest.java,eu.verdelhan.ta4j.indicators.helpers.MeanDeviationIndicatorTest,class,6,6,0,6,4,1,0,3,0,0.0,0.0,0.0,4,0,4,0,0,0,4,0,0,0,1,0,0,1,0,0,0,0,0,23,0,0,0,0,0,0,30,4,0,4,0,0,0,0,27,1,0
/mnt/c/Users/User/Downloads/ta4j/ta4j/ta4j/src/test/java/eu/verdelhan/ta4j/strategies/AndStrategyTest.java,eu.verdelhan.ta4j.strategies.AndStrategyTest,class,5,5,0,5,3,1,0,4,0,0.5714286,0.0,0.0,3,0,3,0,0,0,3,0,0,0,7,0,0,7,0,0,0,0,0,34,0,0,0,0,0,0,23,7,0,7,0,0,0,0,24,1,0
/mnt/c/Users/User/Downloads/ta4j/ta4j/ta4j/src/test/java/eu/verdelhan/ta4j/TickTest.java,eu.verdelhan.ta4j.TickTest,class,4,4,0,4,3,1,0,15,0,0.22222222,0.0,0.0,3,0,3,0,0,0,3,0,0,0,3,0,0,3,0,0,0,0,0,30,0,0,0,0,0,0,31,3,5,3,0,0,0,0,16,1,0
/mnt/c/Users/User/Downloads/ta4j/ta4j/ta4j/src/main/java/eu/verdelhan/ta4j/strategies/PipeEnterStrategy.java,eu.verdelhan.ta4j.strategies.PipeEnterStrategy,class,3,3,0,3,4,2,0,4,0,0.25,0.0,0.0,4,0,4,0,0,0,4,0,0,0,2,0,0,2,0,0,2,0,1,17,3,0,0,0,2,1,0,2,0,2,0,0,0,0,28,1,0
/mnt/c/Users/User/Downloads/ta4j/ta4j/ta4j/src/test/java/eu/verdelhan/ta4j/analysis/criteria/TotalProfitCriterionTest.java,eu.verdelhan.ta4j.analysis.criteria.TotalProfitCriterionTest,class,6,6,0,6,6,1,0,8,15,0.0,0.0,0.0,6,0,6,0,0,0,6,0,0,0,0,0,0,0,0,0,0,0,0,45,0,0,0,0,2,0,58,16,5,16,0,0,0,0,32,1,0
/mnt/c/Users/User/Downloads/ta4j/ta4j/ta4j/src/test/java/eu/verdelhan/ta4j/indicators/simple/MaxPriceIndicatorTest.java,eu.verdelhan.ta4j.indicators.simple.MaxPriceIndicatorTest,class,5,5,0,5,3,1,0,5,0,0.0,0.0,0.0,2,0,2,0,0,0,2,0,0,0,2,0,0,1,0,1,0,0,0,13,0,1,0,0,0,0,2,3,0,3,1,0,0,0,18,1,0
/mnt/c/Users/User/Downloads/ta4j/ta4j/ta4j/src/test/java/eu/verdelhan/ta4j/indicators/simple/MedianPriceIndicatorTest.java,eu.verdelhan.ta4j.indicators.simple.MedianPriceIndicatorTest,class,7,7,0,7,3,1,0,7,0,0.0,0.0,0.0,2,0,2,0,0,0,2,0,0,0,2,0,0,1,0,1,0,0,0,26,0,1,0,0,1,0,43,5,2,5,1,0,0,0,22,1,0
/mnt/c/Users/User/Downloads/ta4j/ta4j/ta4j/src/main/java/eu/verdelhan/ta4j/indicators/oscillators/PPOIndicator.java,eu.verdelhan.ta4j.indicators.oscillators.PPOIndicator,class,3,3,0,3,3,1,0,1,0,0.0,0.0,0.0,2,0,2,0,0,0,2,0,0,0,2,0,0,2,0,0,2,0,0,14,1,0,0,0,1,1,1,2,3,2,1,0,0,0,30,1,0
/mnt/c/Users/User/Downloads/ta4j/ta4j/ta4j/src/test/java/eu/verdelhan/ta4j/analysis/criteria/RewardRiskRatioCriterionTest.java,eu.verdelhan.ta4j.analysis.criteria.RewardRiskRatioCriterionTest,class,9,9,0,9,7,1,0,9,1,0.2857143,0.0,0.0,7,0,7,0,0,0,7,0,0,0,1,0,0,1,0,0,0,0,2,60,0,0,0,0,23,0,96,25,31,25,0,0,0,0,52,1,0
/mnt/c/Users/User/Downloads/ta4j/ta4j/ta4j/src/main/java/eu/verdelhan/ta4j/strategies/IndicatorOverIndicatorStrategy.java,eu.verdelhan.ta4j.strategies.IndicatorOverIndicatorStrategy,class,2,3,1,2,6,2,0,4,0,0.0,0.0,0.0,4,0,4,0,0,0,4,0,0,0,2,0,0,2,0,0,0,0,1,17,3,0,0,0,2,1,0,2,0,2,0,0,0,0,25,1,0
/mnt/c/Users/User/Downloads/ta4j/ta4j/ta4j/src/main/java/eu/verdelhan/ta4j/analysis/criteria/MaximumDrawdownCriterion.java,eu.verdelhan.ta4j.analysis.criteria.MaximumDrawdownCriterion,class,5,7,2,5,7,2,0,5,3,0.0,0.0,0.0,3,0,3,0,0,0,3,0,0,0,0,0,0,0,0,0,0,0,0,26,3,1,0,0,1,0,2,9,2,7,2,0,0,0,29,1,0
/mnt/c/Users/User/Downloads/ta4j/ta4j/ta4j/src/main/java/eu/verdelhan/ta4j/analysis/criteria/TotalProfitCriterion.java,eu.verdelhan.ta4j.analysis.criteria.TotalProfitCriterion,class,6,11,5,6,8,2,0,8,6,0.0,0.0,0.0,4,0,3,1,0,0,3,0,0,0,0,0,0,0,0,0,0,0,0,29,4,1,1,0,0,0,2,7,2,4,2,0,0,0,37,1,0
/mnt/c/Users/User/Downloads/ta4j/ta4j/ta4j/src/test/java/eu/verdelhan/ta4j/analysis/criteria/AbstractAnalysisCriterionTest.java,eu.verdelhan.ta4j.analysis.criteria.AbstractAnalysisCriterionTest,class,13,13,0,13,4,1,0,6,0,0.41666666,0.0,0.0,4,0,4,0,0,0,4,0,0,0,3,0,0,3,0,0,0,0,0,30,0,0,0,0,0,3,10,10,0,10,0,0,0,0,41,1,0
/mnt/c/Users/User/Downloads/ta4j/ta4j/ta4j/src/test/java/eu/verdelhan/ta4j/strategies/IndicatorOverIndicatorStrategyTest.java,eu.verdelhan.ta4j.strategies.IndicatorOverIndicatorStrategyTest,class,8,8,0,8,2,1,0,8,0,0.0,0.0,0.0,2,0,2,0,0,0,2,0,0,0,2,0,0,2,0,0,0,0,0,29,0,0,0,0,0,0,24,8,0,6,0,0,0,0,19,1,0
/mnt/c/Users/User/Downloads/ta4j/ta4j/ta4j/src/test/java/eu/verdelhan/ta4j/indicators/simple/ConstantIndicatorTest.java,eu.verdelhan.ta4j.indicators.simple.ConstantIndicatorTest,class,3,3,0,3,2,1,0,3,0,0.0,0.0,0.0,2,0,2,0,0,0,2,0,0,0,1,0,0,1,0,0,0,0,0,12,0,0,0,0,0,0,9,1,0,1,0,0,0,0,8,1,0
/mnt/c/Users/User/Downloads/ta4j/ta4j/ta4j/src/test/java/eu/verdelhan/ta4j/indicators/oscillators/AwesomeOscillatorIndicatorTest.java,eu.verdelhan.ta4j.indicators.oscillators.AwesomeOscillatorIndicatorTest,class,8,8,0,8,4,1,0,4,0,0.0,0.0,0.0,4,0,4,0,0,0,4,0,0,0,1,0,0,1,0,0,0,0,0,36,0,0,0,0,0,0,54,5,0,5,0,0,0,0,31,1,0
/mnt/c/Users/User/Downloads/ta4j/ta4j/ta4j/src/test/java/eu/verdelhan/ta4j/indicators/volume/AccumulationDistributionIndicatorTest.java,eu.verdelhan.ta4j.indicators.volume.AccumulationDistributionIndicatorTest,class,6,6,0,6,1,1,0,1,0,0.0,NaN,NaN,1,0,1,0,0,0,1,0,0,0,0,0,0,0,0,0,0,0,0,12,0,0,0,0,0,0,35,3,0,3,0,0,0,0,12,1,0
/mnt/c/Users/User/Downloads/ta4j/ta4j/ta4j/src/main/java/eu/verdelhan/ta4j/indicators/simple/PriceVariationIndicator.java,eu.verdelhan.ta4j.indicators.simple.PriceVariationIndicator,class,3,4,1,3,3,1,0,5,1,0.33333334,0.0,0.0,3,0,3,0,0,0,3,0,0,0,1,0,0,1,0,0,0,0,1,14,2,0,0,0,0,0,2,3,2,3,0,0,0,0,18,1,0
/mnt/c/Users/User/Downloads/ta4j/ta4j/ta4j/src/test/java/eu/verdelhan/ta4j/strategies/PipeEnterStrategyTest.java,eu.verdelhan.ta4j.strategies.PipeEnterStrategyTest,class,5,5,0,5,3,1,0,5,0,0.0,0.0,0.0,3,0,3,0,0,0,3,0,0,0,2,0,0,2,0,0,0,0,0,33,0,0,0,0,0,0,74,9,0,8,0,0,0,0,18,1,0
/mnt/c/Users/User/Downloads/ta4j/ta4j/ta4j/src/main/java/eu/verdelhan/ta4j/indicators/helpers/AverageLossIndicator.java,eu.verdelhan.ta4j.indicators.helpers.AverageLossIndicator,class,1,2,1,1,5,1,0,6,0,0.16666667,0.0,0.0,3,0,3,0,0,0,3,0,0,0,2,0,0,2,0,0,2,0,2,20,2,1,0,0,0,1,6,5,8,4,2,0,0,0,17,1,0
/mnt/c/Users/User/Downloads/ta4j/ta4j/ta4j-examples/src/main/java/ta4jexamples/analysis/StrategyAnalysis.java,ta4jexamples.analysis.StrategyAnalysis,class,14,14,0,14,1,1,0,5,0,0.0,NaN,NaN,1,1,1,0,0,0,1,0,0,0,0,0,0,0,0,0,0,0,1,18,0,0,0,0,0,10,2,4,10,4,0,0,0,0,54,1,0
/mnt/c/Users/User/Downloads/ta4j/ta4j/ta4j-examples/src/main/java/ta4jexamples/walkforward/WalkForward.java,ta4jexamples.walkforward.WalkForward,class,8,9,1,8,4,1,0,21,1,0.0,0.0,0.0,2,2,2,0,0,0,2,0,0,0,0,0,0,0,0,0,0,0,3,28,1,2,0,0,0,9,2,10,3,10,2,0,0,0,38,1,0
/mnt/c/Users/User/Downloads/ta4j/ta4j/ta4j/src/test/java/eu/verdelhan/ta4j/strategies/OppositeStrategyTest.java,eu.verdelhan.ta4j.strategies.OppositeStrategyTest,class,6,6,0,6,5,1,0,4,0,0.22222222,0.0,0.0,3,0,3,0,0,0,3,0,0,0,3,0,0,3,0,0,0,0,0,22,0,2,0,0,0,0,7,7,0,7,1,0,0,0,18,1,0
/mnt/c/Users/User/Downloads/ta4j/ta4j/ta4j/src/main/java/eu/verdelhan/ta4j/indicators/trackers/DoubleEMAIndicator.java,eu.verdelhan.ta4j.indicators.trackers.DoubleEMAIndicator,class,3,3,0,3,2,1,0,1,0,0.0,0.0,0.0,2,0,2,0,0,0,2,0,0,0,2,0,0,2,0,0,2,0,0,12,1,0,0,0,1,0,1,3,2,3,0,0,0,0,16,1,0
/mnt/c/Users/User/Downloads/ta4j/ta4j/ta4j/src/main/java/eu/verdelhan/ta4j/Strategy.java,eu.verdelhan.ta4j.Strategy,interface,2,22,20,2,6,1,0,0,15,0.0,0.0,0.0,6,0,0,0,0,6,6,0,0,0,0,0,0,0,0,0,0,0,0,8,0,0,0,0,0,0,0,0,0,0,0,0,0,0,55,1,0
/mnt/c/Users/User/Downloads/ta4j/ta4j/ta4j/src/test/java/eu/verdelhan/ta4j/indicators/trackers/WilliamsRIndicatorTest.java,eu.verdelhan.ta4j.indicators.trackers.WilliamsRIndicatorTest,class,9,9,0,9,5,1,0,4,0,0.0,0.0,0.0,5,0,5,0,0,0,5,0,0,0,1,0,0,1,0,0,0,0,0,49,0,0,0,0,4,0,98,6,8,6,0,0,0,0,33,1,0
/mnt/c/Users/User/Downloads/ta4j/ta4j/ta4j/src/main/java/eu/verdelhan/ta4j/strategies/OrStrategy.java,eu.verdelhan.ta4j.strategies.OrStrategy,class,2,3,1,2,4,2,0,3,0,0.0,0.0,0.0,4,0,4,0,0,0,4,0,0,0,2,0,0,2,0,0,0,0,1,17,3,0,0,0,0,1,0,2,0,2,0,0,0,0,26,1,0
/mnt/c/Users/User/Downloads/ta4j/ta4j/ta4j/src/main/java/eu/verdelhan/ta4j/OperationType.java,eu.verdelhan.ta4j.OperationType,enum,1,7,6,1,1,1,0,0,0,0.0,NaN,NaN,1,0,1,0,0,0,1,1,0,0,0,0,0,0,0,0,0,0,0,13,0,0,0,0,0,0,0,0,0,0,0,2,0,0,22,1,0
/mnt/c/Users/User/Downloads/ta4j/ta4j/ta4j/src/main/java/eu/verdelhan/ta4j/indicators/simple/MinPriceIndicator.java,eu.verdelhan.ta4j.indicators.simple.MinPriceIndicator,class,3,7,4,3,3,1,0,4,1,0.33333334,0.0,0.0,3,0,3,0,0,0,3,0,0,0,1,0,0,1,0,0,0,0,0,12,2,0,0,0,0,0,0,1,0,1,0,0,0,0,15,1,0
/mnt/c/Users/User/Downloads/ta4j/ta4j/ta4j/src/test/java/eu/verdelhan/ta4j/indicators/trackers/ROCIndicatorTest.java,eu.verdelhan.ta4j.indicators.trackers.ROCIndicatorTest,class,6,6,0,6,3,1,0,4,0,0.25,0.0,0.0,2,0,2,0,0,0,2,0,0,0,2,0,0,2,0,0,0,0,0,18,0,1,0,0,0,0,38,5,1,5,1,0,0,0,24,1,0
/mnt/c/Users/User/Downloads/ta4j/ta4j/ta4j/src/main/java/eu/verdelhan/ta4j/indicators/helpers/LowestValueIndicator.java,eu.verdelhan.ta4j.indicators.helpers.LowestValueIndicator,class,1,5,4,1,5,1,0,5,0,0.16666667,0.0,0.0,3,0,3,0,0,0,3,0,0,0,2,0,0,2,0,0,2,0,1,21,2,1,0,0,0,1,3,6,4,5,2,0,0,0,17,1,0
/mnt/c/Users/User/Downloads/ta4j/ta4j/ta4j/src/test/java/eu/verdelhan/ta4j/indicators/trackers/EMAIndicatorTest.java,eu.verdelhan.ta4j.indicators.trackers.EMAIndicatorTest,class,7,7,0,7,7,1,0,3,0,0.0,0.0,0.0,6,0,6,0,0,0,6,0,0,0,1,0,0,1,0,0,0,0,0,33,0,1,0,0,0,0,32,8,0,8,1,0,0,0,38,1,0
/mnt/c/Users/User/Downloads/ta4j/ta4j/ta4j/src/main/java/eu/verdelhan/ta4j/indicators/simple/MaxPriceIndicator.java,eu.verdelhan.ta4j.indicators.simple.MaxPriceIndicator,class,3,7,4,3,3,1,0,4,1,0.33333334,0.0,0.0,3,0,3,0,0,0,3,0,0,0,1,0,0,1,0,0,0,0,0,12,2,0,0,0,0,0,0,1,0,1,0,0,0,0,15,1,0
/mnt/c/Users/User/Downloads/ta4j/ta4j/ta4j/src/main/java/eu/verdelhan/ta4j/indicators/helpers/AverageDirectionalMovementUpIndicator.java,eu.verdelhan.ta4j.indicators.helpers.AverageDirectionalMovementUpIndicator,class,3,4,1,3,4,2,0,4,0,0.16666667,0.0,0.0,3,0,2,0,1,0,3,0,0,0,2,0,0,2,0,0,2,0,0,17,3,0,1,0,3,1,5,2,8,2,1,0,0,0,25,1,0
/mnt/c/Users/User/Downloads/ta4j/ta4j/ta4j/src/main/java/eu/verdelhan/ta4j/strategies/SupportStrategy.java,eu.verdelhan.ta4j.strategies.SupportStrategy,class,3,3,0,3,5,2,0,7,0,0.25,0.0,0.0,4,0,4,0,0,0,4,0,0,0,3,0,0,3,0,0,2,0,1,22,4,0,0,0,0,1,0,3,0,3,1,0,0,0,26,1,0
/mnt/c/Users/User/Downloads/ta4j/ta4j/ta4j/src/test/java/eu/verdelhan/ta4j/indicators/helpers/AverageDirectionalMovementDownIndicatorTest.java,eu.verdelhan.ta4j.indicators.helpers.AverageDirectionalMovementDownIndicatorTest,class,5,5,0,5,1,1,0,4,0,0.0,NaN,NaN,1,0,1,0,0,0,1,0,0,0,0,0,0,0,0,0,0,0,0,22,0,0,0,0,6,0,75,8,44,8,0,0,0,0,23,1,0
/mnt/c/Users/User/Downloads/ta4j/ta4j/ta4j/src/test/java/eu/verdelhan/ta4j/indicators/helpers/DirectionalDownIndicatorTest.java,eu.verdelhan.ta4j.indicators.helpers.DirectionalDownIndicatorTest,class,5,5,0,5,1,1,0,4,0,0.0,NaN,NaN,1,0,1,0,0,0,1,0,0,0,0,0,0,0,0,0,0,0,0,17,0,0,0,0,26,0,115,3,84,3,0,0,0,0,21,1,0
/mnt/c/Users/User/Downloads/ta4j/ta4j/ta4j/src/main/java/eu/verdelhan/ta4j/strategies/JustBuyOnceStrategy.java,eu.verdelhan.ta4j.strategies.JustBuyOnceStrategy,class,1,1,0,1,4,2,0,2,3,0.6666667,0.0,0.0,3,0,3,0,0,0,3,0,0,0,1,0,0,1,0,0,0,0,0,16,4,0,0,0,0,0,0,2,0,1,1,0,0,0,26,1,0
/mnt/c/Users/User/Downloads/ta4j/ta4j/ta4j/src/main/java/eu/verdelhan/ta4j/indicators/helpers/AverageGainIndicator.java,eu.verdelhan.ta4j.indicators.helpers.AverageGainIndicator,class,1,2,1,1,5,1,0,6,0,0.16666667,0.0,0.0,3,0,3,0,0,0,3,0,0,0,2,0,0,2,0,0,2,0,2,20,2,1,0,0,0,1,6,5,8,4,2,0,0,0,17,1,0
/mnt/c/Users/User/Downloads/ta4j/ta4j/ta4j/src/test/java/eu/verdelhan/ta4j/strategies/AlwaysOperateStrategyTest.java,eu.verdelhan.ta4j.strategies.AlwaysOperateStrategyTest,class,4,4,0,4,6,1,0,5,0,0.0,0.0,0.0,6,0,6,0,0,0,6,0,0,0,1,0,0,1,0,0,0,0,0,30,0,0,0,0,0,0,9,6,0,6,0,0,0,0,24,1,0
/mnt/c/Users/User/Downloads/ta4j/ta4j/ta4j/src/main/java/eu/verdelhan/ta4j/strategies/IndicatorCrossedIndicatorStrategy.java,eu.verdelhan.ta4j.strategies.IndicatorCrossedIndicatorStrategy,class,3,4,1,3,4,2,0,2,0,0.5,0.0,0.0,4,0,4,0,0,0,4,0,0,0,4,0,0,4,0,0,2,0,1,21,3,0,0,0,0,1,0,4,0,4,0,0,0,0,27,1,0
/mnt/c/Users/User/Downloads/ta4j/ta4j/ta4j/src/main/java/eu/verdelhan/ta4j/indicators/simple/AmountIndicator.java,eu.verdelhan.ta4j.indicators.simple.AmountIndicator,class,3,4,1,3,3,1,0,4,1,0.33333334,0.0,0.0,3,0,3,0,0,0,3,0,0,0,1,0,0,1,0,0,0,0,0,12,2,0,0,0,0,0,0,1,0,1,0,0,0,0,12,1,0
/mnt/c/Users/User/Downloads/ta4j/ta4j/ta4j/src/main/java/eu/verdelhan/ta4j/OperationType.java,eu.verdelhan.ta4j.OperationType$Anonymous1,anonymous,1,1,0,1,1,1,0,0,0,0.0,NaN,NaN,1,0,1,0,0,0,1,0,0,0,0,0,0,0,0,0,0,0,0,5,1,0,0,0,0,0,0,0,0,0,0,0,0,0,6,-1,0
/mnt/c/Users/User/Downloads/ta4j/ta4j/ta4j/src/test/java/eu/verdelhan/ta4j/indicators/trackers/bollingerbands/BollingerBandsLowerIndicatorTest.java,eu.verdelhan.ta4j.indicators.trackers.bollingerbands.BollingerBandsLowerIndicatorTest,class,9,9,0,9,3,1,0,3,0,0.16666667,0.0,0.0,3,0,3,0,0,0,3,0,0,0,4,0,0,4,0,0,0,0,0,31,0,0,0,0,0,0,32,10,0,10,0,0,0,0,37,1,0
/mnt/c/Users/User/Downloads/ta4j/ta4j/ta4j/src/main/java/eu/verdelhan/ta4j/OperationType.java,eu.verdelhan.ta4j.OperationType$Anonymous2,anonymous,1,1,0,1,1,1,0,0,0,0.0,NaN,NaN,1,0,1,0,0,0,1,0,0,0,0,0,0,0,0,0,0,0,0,5,1,0,0,0,0,0,0,0,0,0,0,0,0,0,6,-1,0
/mnt/c/Users/User/Downloads/ta4j/ta4j/ta4j/src/test/java/eu/verdelhan/ta4j/indicators/trackers/SMAIndicatorTest.java,eu.verdelhan.ta4j.indicators.trackers.SMAIndicatorTest,class,6,6,0,6,5,1,0,6,0,0.0,0.0,0.0,4,0,4,0,0,0,4,0,0,0,1,0,0,1,0,0,0,0,0,32,0,1,0,0,0,0,51,5,6,5,1,0,0,0,32,1,0
/mnt/c/Users/User/Downloads/ta4j/ta4j/ta4j/src/main/java/eu/verdelhan/ta4j/analysis/criteria/RewardRiskRatioCriterion.java,eu.verdelhan.ta4j.analysis.criteria.RewardRiskRatioCriterion,class,7,10,3,7,4,2,0,3,3,0.6666667,0.0,0.0,3,0,3,0,0,0,3,0,0,0,2,0,0,2,0,0,0,0,0,15,3,0,0,0,0,0,0,3,1,3,0,0,0,0,30,1,0
/mnt/c/Users/User/Downloads/ta4j/ta4j/ta4j/src/main/java/eu/verdelhan/ta4j/analysis/CashFlow.java,eu.verdelhan.ta4j.analysis.CashFlow,class,6,9,3,6,9,1,0,16,0,0.33333334,0.0,0.0,4,0,3,1,0,0,3,0,0,0,3,0,0,3,0,0,2,0,3,40,2,2,0,0,2,0,7,8,10,7,3,0,0,0,42,1,0
/mnt/c/Users/User/Downloads/ta4j/ta4j/ta4j/src/main/java/eu/verdelhan/ta4j/strategies/StopLossStrategy.java,eu.verdelhan.ta4j.strategies.StopLossStrategy,class,3,3,0,3,6,2,0,7,0,0.25,0.0,0.0,4,0,4,0,0,0,4,0,0,0,4,0,0,4,0,0,0,0,1,27,5,0,0,0,3,2,1,4,4,4,1,0,0,0,29,1,0
/mnt/c/Users/User/Downloads/ta4j/ta4j/ta4j/src/test/java/eu/verdelhan/ta4j/mocks/MockDecision.java,eu.verdelhan.ta4j.mocks.MockDecision,class,3,11,8,3,3,2,0,0,1,0.33333334,0.0,0.0,3,0,3,0,0,0,3,0,0,0,1,0,0,1,0,0,0,0,0,13,1,0,0,0,0,0,0,1,0,1,0,0,0,0,8,1,0
/mnt/c/Users/User/Downloads/ta4j/ta4j/ta4j/src/test/java/eu/verdelhan/ta4j/indicators/trackers/AccelerationDecelerationIndicatorTest.java,eu.verdelhan.ta4j.indicators.trackers.AccelerationDecelerationIndicatorTest,class,7,7,0,7,4,1,0,5,0,0.0,0.0,0.0,4,0,4,0,0,0,4,0,0,0,1,0,0,1,0,0,0,0,0,36,0,0,0,0,0,0,45,5,3,5,0,0,0,0,27,1,0
/mnt/c/Users/User/Downloads/ta4j/ta4j/ta4j/src/test/java/eu/verdelhan/ta4j/indicators/CachedIndicatorTest.java,eu.verdelhan.ta4j.indicators.CachedIndicatorTest,class,7,7,0,7,3,1,0,4,1,0.33333334,0.0,0.0,3,0,3,0,0,0,3,0,0,0,1,0,0,1,0,0,0,0,1,19,0,0,0,0,0,0,21,7,0,7,0,0,0,0,30,1,0
/mnt/c/Users/User/Downloads/ta4j/ta4j/ta4j/src/test/java/eu/verdelhan/ta4j/mocks/MockIndicator.java,eu.verdelhan.ta4j.mocks.MockIndicator,class,2,13,11,2,4,1,0,5,0,0.25,0.0,0.0,4,0,4,0,0,0,4,0,0,0,1,0,0,1,0,0,0,0,1,15,2,0,0,0,0,0,0,1,0,1,0,0,0,0,14,1,0
/mnt/c/Users/User/Downloads/ta4j/ta4j/ta4j/src/test/java/eu/verdelhan/ta4j/indicators/helpers/TrueRangeIndicatorTest.java,eu.verdelhan.ta4j.indicators.helpers.TrueRangeIndicatorTest,class,5,5,0,5,1,1,0,4,0,0.0,NaN,NaN,1,0,1,0,0,0,1,0,0,0,0,0,0,0,0,0,0,0,0,16,0,0,0,0,0,0,30,2,0,2,0,0,0,0,19,1,0
