file,class,type,cbo,cboModified,fanin,fanout,wmc,dit,noc,rfc,lcom,lcom*,tcc,lcc,totalMethodsQty,staticMethodsQty,publicMethodsQty,privateMethodsQty,protectedMethodsQty,defaultMethodsQty,visibleMethodsQty,abstractMethodsQty,finalMethodsQty,synchronizedMethodsQty,totalFieldsQty,staticFieldsQty,publicFieldsQty,privateFieldsQty,protectedFieldsQty,defaultFieldsQty,finalFieldsQty,synchronizedFieldsQty,nosi,loc,returnQty,loopQty,comparisonsQty,tryCatchQty,parenthesizedExpsQty,stringLiteralsQty,numbersQty,assignmentsQty,mathOperationsQty,variablesQty,maxNestedBlocksQty,anonymousClassesQty,innerClassesQty,lambdasQty,uniqueWordsQty,modifiers,logStatementsQty
/mnt/c/Users/User/Downloads/ta4j/ta4j/src/main/java/eu/verdelhan/tailtest/sample/SampleDecision.java,eu.verdelhan.tailtest.sample.SampleDecision,class,2,2,0,2,2,2,0,0,0,0.0,0.0,0.0,2,0,2,0,0,0,2,0,0,0,1,0,0,1,0,0,0,0,0,10,1,0,0,0,0,0,1,1,0,1,0,0,0,0,9,1,0
/mnt/c/Users/User/Downloads/ta4j/ta4j/src/main/java/eu/verdelhan/tailtest/indicator/tracker/AccelerationDeceleration.java,eu.verdelhan.tailtest.indicator.tracker.AccelerationDeceleration,class,5,5,0,5,4,2,0,3,4,0.5,0.0,0.0,4,0,3,0,1,0,4,0,0,0,2,0,0,2,0,0,0,0,0,17,2,0,0,0,0,0,2,2,1,2,0,0,0,0,25,1,0
/mnt/c/Users/User/Downloads/ta4j/ta4j/src/test/java/eu/verdelhan/tailtest/series/PartialMemorizesSlicerTest.java,eu.verdelhan.tailtest.series.PartialMemorizesSlicerTest,class,7,7,0,7,14,1,0,16,0,0.21428573,0.0,0.0,14,0,14,0,0,0,14,0,0,0,3,0,0,3,0,0,0,0,0,171,0,0,0,0,0,0,424,43,1,25,0,0,0,0,55,1,0
/mnt/c/Users/User/Downloads/ta4j/ta4j/src/main/java/eu/verdelhan/tailtest/series/RegularSlicer.java,eu.verdelhan.tailtest.series.RegularSlicer,class,7,9,2,7,3,2,0,2,3,0.0,0.0,0.0,3,0,3,0,0,0,3,0,0,0,0,0,0,0,0,0,0,0,0,11,1,0,0,0,0,0,2,0,0,0,0,0,0,0,13,1,0
/mnt/c/Users/User/Downloads/ta4j/ta4j/src/main/java/eu/verdelhan/tailtest/Strategy.java,eu.verdelhan.tailtest.Strategy,interface,2,21,19,2,5,1,0,0,10,0.0,0.0,0.0,5,0,0,0,0,5,5,0,0,0,0,0,0,0,0,0,0,0,0,7,0,0,0,0,0,0,0,0,0,0,0,0,0,0,26,1,0
/mnt/c/Users/User/Downloads/ta4j/ta4j/src/main/java/eu/verdelhan/tailtest/indicator/helper/AverageDirectionalMovementUp.java,eu.verdelhan.tailtest.indicator.helper.AverageDirectionalMovementUp,class,3,4,1,3,4,2,0,4,0,0.16666667,0.0,0.0,3,0,2,0,1,0,3,0,0,0,2,0,0,2,0,0,2,0,0,15,3,0,1,0,3,1,5,2,8,2,1,0,0,0,19,1,0
/mnt/c/Users/User/Downloads/ta4j/ta4j/src/test/java/eu/verdelhan/tailtest/indicator/tracker/DirectionalMovementTest.java,eu.verdelhan.tailtest.indicator.tracker.DirectionalMovementTest,class,4,4,0,4,1,1,0,3,0,0.0,NaN,NaN,1,0,1,0,0,0,1,0,0,0,0,0,0,0,0,0,0,0,0,17,0,0,0,0,15,0,58,7,43,5,0,0,0,0,22,1,0
/mnt/c/Users/User/Downloads/ta4j/ta4j/src/main/java/eu/verdelhan/tailtest/strategy/NotSoFastStrategy.java,eu.verdelhan.tailtest.strategy.NotSoFastStrategy,class,3,5,2,3,16,2,0,6,0,0.22222222,0.0,0.0,6,0,6,0,0,0,6,0,0,0,3,0,0,3,0,0,0,0,0,54,12,0,7,0,7,2,4,9,6,6,2,0,0,0,32,1,0
/mnt/c/Users/User/Downloads/ta4j/ta4j/src/main/java/eu/verdelhan/tailtest/indicator/helper/DirectionalDown.java,eu.verdelhan.tailtest.indicator.helper.DirectionalDown,class,4,5,1,4,3,1,0,3,0,0.33333334,0.0,0.0,3,0,3,0,0,0,3,0,0,0,3,0,0,3,0,0,3,0,0,16,2,0,0,0,0,1,0,3,2,3,0,0,0,0,19,1,0
/mnt/c/Users/User/Downloads/ta4j/ta4j/src/test/java/eu/verdelhan/tailtest/strategy/ParabolicSarAndDMIStrategyTest.java,eu.verdelhan.tailtest.strategy.ParabolicSarAndDMIStrategyTest,class,8,8,0,8,2,1,0,4,1,0.0,0.0,0.0,2,0,2,0,0,0,2,0,0,0,0,0,0,0,0,0,0,0,0,27,0,0,0,0,0,0,40,11,0,11,0,0,0,0,28,1,0
/mnt/c/Users/User/Downloads/ta4j/ta4j/src/main/java/eu/verdelhan/tailtest/sample/SampleIndicator.java,eu.verdelhan.tailtest.sample.SampleIndicator,class,2,2,0,2,4,1,0,5,0,0.25,0.0,0.0,4,0,4,0,0,0,4,0,0,0,1,0,0,1,0,0,0,0,1,15,2,0,0,0,0,0,0,1,0,1,0,0,0,0,14,1,0
/mnt/c/Users/User/Downloads/ta4j/ta4j/src/main/java/eu/verdelhan/tailtest/strategy/DistanceBetweenIndicatorsStrategy.java,eu.verdelhan.tailtest.strategy.DistanceBetweenIndicatorsStrategy,class,3,4,1,3,21,2,0,8,0,0.083333336,0.0,0.0,6,0,6,0,0,0,6,0,0,0,4,0,0,0,0,4,0,0,7,74,16,0,11,0,18,1,8,13,16,8,2,0,0,0,53,1,0
/mnt/c/Users/User/Downloads/ta4j/ta4j/src/main/java/eu/verdelhan/tailtest/strategy/JustBuyOnceStrategy.java,eu.verdelhan.tailtest.strategy.JustBuyOnceStrategy,class,2,3,1,2,11,2,0,2,4,0.4,0.0,0.0,5,0,5,0,0,0,5,0,0,0,1,0,0,1,0,0,0,0,0,38,10,0,4,0,2,0,4,6,2,4,1,0,0,0,25,1,0
/mnt/c/Users/User/Downloads/ta4j/ta4j/src/main/java/eu/verdelhan/tailtest/indicator/helper/DirectionalMovementUp.java,eu.verdelhan.tailtest.indicator.helper.DirectionalMovementUp,class,3,4,1,3,8,1,0,6,1,0.33333334,0.0,0.0,3,0,3,0,0,0,3,0,0,0,1,0,0,1,0,0,0,0,0,19,5,0,2,0,1,0,6,5,7,5,1,0,0,0,18,1,0
/mnt/c/Users/User/Downloads/ta4j/ta4j/src/main/java/eu/verdelhan/tailtest/indicator/tracker/EMA.java,eu.verdelhan.tailtest.indicator.tracker.EMA,class,4,5,1,4,6,2,0,7,0,0.25,0.0,0.0,4,0,2,1,1,0,3,0,0,0,2,0,0,2,0,0,2,0,0,20,5,0,1,0,3,1,6,3,8,3,1,0,0,0,19,1,0
/mnt/c/Users/User/Downloads/ta4j/ta4j/src/test/java/eu/verdelhan/tailtest/indicator/simple/VolumeTest.java,eu.verdelhan.tailtest.indicator.simple.VolumeTest,class,5,5,0,5,4,1,0,4,0,0.16666667,0.0,0.0,3,0,3,0,0,0,3,0,0,0,2,0,0,1,0,1,0,0,0,16,0,1,0,0,0,0,3,3,0,3,1,0,0,0,25,1,0
/mnt/c/Users/User/Downloads/ta4j/ta4j/src/test/java/eu/verdelhan/tailtest/indicator/oscillator/StochasticOscillatorKTest.java,eu.verdelhan.tailtest.indicator.oscillator.StochasticOscillatorKTest,class,6,6,0,6,4,1,0,3,0,0.0,0.0,0.0,4,0,4,0,0,0,4,0,0,0,1,0,0,1,0,0,0,0,0,35,0,0,0,0,0,0,74,5,2,5,0,0,0,0,33,1,0
/mnt/c/Users/User/Downloads/ta4j/ta4j/src/test/java/eu/verdelhan/tailtest/analysis/criteria/AbstractAnalysisCriterionTest.java,eu.verdelhan.tailtest.analysis.criteria.AbstractAnalysisCriterionTest,class,5,5,0,5,1,1,0,2,0,0.0,NaN,NaN,1,0,1,0,0,0,1,0,0,0,0,0,0,0,0,0,0,0,0,10,0,0,0,0,0,3,0,3,0,3,0,0,0,0,20,1,0
/mnt/c/Users/User/Downloads/ta4j/ta4j/src/main/java/eu/verdelhan/tailtest/runner/ShortSellRunnerFactory.java,eu.verdelhan.tailtest.runner.ShortSellRunnerFactory,class,5,5,0,5,1,1,0,0,0,0.0,NaN,NaN,1,0,1,0,0,0,1,0,0,0,0,0,0,0,0,0,0,0,0,5,1,0,0,0,0,0,0,0,0,0,0,0,0,0,10,1,0
/mnt/c/Users/User/Downloads/ta4j/ta4j/src/main/java/eu/verdelhan/tailtest/Indicator.java,eu.verdelhan.tailtest.Indicator,interface,1,47,46,1,1,1,0,0,0,0.0,NaN,NaN,1,0,0,0,0,1,1,0,0,0,0,0,0,0,0,0,0,0,0,3,0,0,0,0,0,0,0,0,0,0,0,0,0,0,25,1,0
/mnt/c/Users/User/Downloads/ta4j/ta4j/src/test/java/eu/verdelhan/tailtest/indicator/simple/MaxPriceTest.java,eu.verdelhan.tailtest.indicator.simple.MaxPriceTest,class,5,5,0,5,4,1,0,4,0,0.16666667,0.0,0.0,3,0,3,0,0,0,3,0,0,0,2,0,0,1,0,1,0,0,0,16,0,1,0,0,0,0,3,3,0,3,1,0,0,0,26,1,0
/mnt/c/Users/User/Downloads/ta4j/ta4j/src/test/java/eu/verdelhan/tailtest/indicator/helper/DirectionalMovementUpTest.java,eu.verdelhan.tailtest.indicator.helper.DirectionalMovementUpTest,class,4,4,0,4,4,1,0,3,6,0.0,0.0,0.0,4,0,4,0,0,0,4,0,0,0,0,0,0,0,0,0,0,0,0,42,0,0,0,0,0,0,40,20,0,20,0,0,0,0,21,1,0
/mnt/c/Users/User/Downloads/ta4j/ta4j/src/test/java/eu/verdelhan/tailtest/indicator/helper/LowestValueTest.java,eu.verdelhan.tailtest.indicator.helper.LowestValueTest,class,7,7,0,7,6,1,0,3,0,0.0,0.0,0.0,6,0,6,0,0,0,6,0,0,0,1,0,0,1,0,0,0,0,14,35,0,0,0,0,0,0,47,6,0,6,0,0,0,0,38,1,0
/mnt/c/Users/User/Downloads/ta4j/ta4j/src/main/java/eu/verdelhan/tailtest/indicator/tracker/DirectionalMovement.java,eu.verdelhan.tailtest.indicator.tracker.DirectionalMovement,class,4,5,1,4,3,1,0,5,0,0.33333334,0.0,0.0,3,0,3,0,0,0,3,0,0,0,3,0,0,3,0,0,3,0,1,18,2,0,0,0,3,1,1,5,5,5,0,0,0,0,17,1,0
/mnt/c/Users/User/Downloads/ta4j/ta4j/src/main/java/eu/verdelhan/tailtest/indicator/oscillator/StochasticOscillatorK.java,eu.verdelhan.tailtest.indicator.oscillator.StochasticOscillatorK,class,7,8,1,7,4,1,0,7,0,0.375,0.0,0.0,4,0,4,0,0,0,4,0,0,0,4,0,0,4,0,0,2,0,0,25,2,0,0,0,3,1,1,8,5,8,0,0,0,0,40,1,0
/mnt/c/Users/User/Downloads/ta4j/ta4j/src/main/java/eu/verdelhan/tailtest/Trade.java,eu.verdelhan.tailtest.Trade,class,3,33,30,3,23,1,0,8,0,0.44444442,0.0,0.0,12,0,12,0,0,0,12,0,0,0,3,0,0,3,0,0,0,0,0,57,9,0,7,0,8,4,2,6,4,4,2,0,0,0,42,1,0
/mnt/c/Users/User/Downloads/ta4j/ta4j/src/main/java/eu/verdelhan/tailtest/analysis/criteria/BuyAndHoldCriterion.java,eu.verdelhan.tailtest.analysis.criteria.BuyAndHoldCriterion,class,6,7,1,6,4,2,0,11,3,0.0,0.0,0.0,3,0,3,0,0,0,3,0,0,0,0,0,0,0,0,0,0,0,0,18,4,0,1,0,0,0,0,2,0,2,1,0,0,0,17,1,0
/mnt/c/Users/User/Downloads/ta4j/ta4j/src/main/java/eu/verdelhan/tailtest/analysis/evaluator/Decision.java,eu.verdelhan.tailtest.analysis.evaluator.Decision,class,9,17,8,9,37,1,2,22,0,0.5769231,0.0,0.0,13,0,13,0,0,0,13,0,0,0,6,0,0,6,0,0,0,0,1,86,26,0,19,0,10,3,10,16,15,10,2,0,0,0,43,1,0
/mnt/c/Users/User/Downloads/ta4j/ta4j/src/test/java/eu/verdelhan/tailtest/indicator/helper/DirectionalUpTest.java,eu.verdelhan.tailtest.indicator.helper.DirectionalUpTest,class,4,4,0,4,1,1,0,3,0,0.0,NaN,NaN,1,0,1,0,0,0,1,0,0,0,0,0,0,0,0,0,0,0,0,17,0,0,0,0,22,0,104,3,73,3,0,0,0,0,22,1,0
/mnt/c/Users/User/Downloads/ta4j/ta4j/src/main/java/eu/verdelhan/tailtest/indicator/simple/SimpleMultiplier.java,eu.verdelhan.tailtest.indicator.simple.SimpleMultiplier,class,1,2,1,1,3,1,0,4,0,0.16666667,0.0,0.0,3,0,3,0,0,0,3,0,0,0,2,0,0,2,0,0,0,0,0,14,2,0,0,0,0,1,0,2,2,2,0,0,0,0,12,1,0
/mnt/c/Users/User/Downloads/ta4j/ta4j/src/main/java/eu/verdelhan/tailtest/strategy/ResistanceStrategy.java,eu.verdelhan.tailtest.strategy.ResistanceStrategy,class,4,5,1,4,19,2,0,10,0,0.16666667,0.0,0.0,6,0,6,0,0,0,6,0,0,0,3,0,0,3,0,0,2,0,4,64,14,0,10,0,9,1,5,10,7,7,2,0,0,0,41,1,0
/mnt/c/Users/User/Downloads/ta4j/ta4j/src/test/java/eu/verdelhan/tailtest/analysis/criteria/AverageProfitableTradesCriterionTest.java,eu.verdelhan.tailtest.analysis.criteria.AverageProfitableTradesCriterionTest,class,13,13,0,13,3,1,0,6,3,0.0,0.0,0.0,3,0,3,0,0,0,3,0,0,0,0,0,0,0,0,0,0,0,0,35,0,0,0,0,0,0,42,15,2,14,0,0,0,0,34,1,0
/mnt/c/Users/User/Downloads/ta4j/ta4j/src/main/java/eu/verdelhan/tailtest/indicator/tracker/AverageDirectionalMovement.java,eu.verdelhan.tailtest.indicator.tracker.AverageDirectionalMovement,class,3,3,0,3,4,2,0,4,0,0.16666667,0.0,0.0,3,0,2,0,1,0,3,0,0,0,2,0,0,2,0,0,2,0,0,15,3,0,1,0,3,1,4,2,7,2,1,0,0,0,17,1,0
/mnt/c/Users/User/Downloads/ta4j/ta4j/src/main/java/eu/verdelhan/tailtest/OperationType.java,eu.verdelhan.tailtest.OperationType,enum,1,7,6,1,1,1,0,0,0,0.0,NaN,NaN,1,0,1,0,0,0,1,1,0,0,0,0,0,0,0,0,0,0,0,13,0,0,0,0,0,0,0,0,0,0,0,2,0,0,23,1,0
/mnt/c/Users/User/Downloads/ta4j/ta4j/src/test/java/eu/verdelhan/tailtest/indicator/simple/SimpleMultiplierTest.java,eu.verdelhan.tailtest.indicator.simple.SimpleMultiplierTest,class,4,4,0,4,2,1,0,2,0,0.25,0.0,0.0,2,0,2,0,0,0,2,0,0,0,2,0,0,2,0,0,0,0,0,14,0,0,0,0,0,0,10,2,0,2,0,0,0,0,13,1,0
/mnt/c/Users/User/Downloads/ta4j/ta4j/src/test/java/eu/verdelhan/tailtest/strategy/AbstractStrategyTest.java,eu.verdelhan.tailtest.strategy.AbstractStrategyTest,class,5,5,0,5,3,1,0,5,0,0.44444445,0.0,0.0,3,0,3,0,0,0,3,0,0,0,6,0,0,6,0,0,0,0,0,46,0,0,0,0,0,0,35,8,0,8,0,0,0,0,20,1,0
/mnt/c/Users/User/Downloads/ta4j/ta4j/src/test/java/eu/verdelhan/tailtest/strategy/CombinedBuyAndSellStrategyTest.java,eu.verdelhan.tailtest.strategy.CombinedBuyAndSellStrategyTest,class,8,8,0,8,4,1,0,5,0,0.26666668,0.0,0.0,3,0,3,0,0,0,3,0,0,0,5,0,0,5,0,0,0,0,0,51,0,1,0,0,0,0,40,15,0,9,1,0,0,0,30,1,0
/mnt/c/Users/User/Downloads/ta4j/ta4j/src/test/java/eu/verdelhan/tailtest/strategy/IndicatorOverIndicatorStrategyTest.java,eu.verdelhan.tailtest.strategy.IndicatorOverIndicatorStrategyTest,class,8,8,0,8,2,1,0,8,0,0.0,0.0,0.0,2,0,2,0,0,0,2,0,0,0,2,0,0,2,0,0,0,0,12,29,0,0,0,0,0,0,24,8,0,6,0,0,0,0,21,1,0
/mnt/c/Users/User/Downloads/ta4j/ta4j/src/test/java/eu/verdelhan/tailtest/strategy/NotSoFastStrategyTest.java,eu.verdelhan.tailtest.strategy.NotSoFastStrategyTest,class,5,5,0,5,3,1,0,4,0,0.4166667,0.0,0.0,3,0,3,0,0,0,3,0,0,0,4,0,0,4,0,0,0,0,0,31,0,0,0,0,0,0,21,5,0,4,0,0,0,0,20,1,0
/mnt/c/Users/User/Downloads/ta4j/ta4j/src/main/java/eu/verdelhan/tailtest/indicator/helper/AverageLoss.java,eu.verdelhan.tailtest.indicator.helper.AverageLoss,class,1,2,1,1,5,1,0,6,0,0.16666667,0.0,0.0,3,0,3,0,0,0,3,0,0,0,2,0,0,2,0,0,2,0,2,18,2,1,0,0,0,1,6,5,8,4,2,0,0,0,15,1,0
/mnt/c/Users/User/Downloads/ta4j/ta4j/src/test/java/eu/verdelhan/tailtest/indicator/tracker/ParabolicSarTest.java,eu.verdelhan.tailtest.indicator.tracker.ParabolicSarTest,class,4,4,0,4,4,1,0,4,6,0.0,0.0,0.0,4,0,4,0,0,0,4,0,0,0,0,0,0,0,0,0,0,0,22,62,0,0,0,0,4,0,142,9,12,9,0,0,0,0,28,1,0
/mnt/c/Users/User/Downloads/ta4j/ta4j/src/test/java/eu/verdelhan/tailtest/indicator/simple/AverageHighLowTest.java,eu.verdelhan.tailtest.indicator.simple.AverageHighLowTest,class,6,6,0,6,4,1,0,8,0,0.16666667,0.0,0.0,3,0,3,0,0,0,3,0,0,0,2,0,0,1,0,1,0,0,1,29,0,1,0,0,0,0,44,5,0,5,1,0,0,0,34,1,0
/mnt/c/Users/User/Downloads/ta4j/ta4j/src/main/java/eu/verdelhan/tailtest/strategy/SupportStrategy.java,eu.verdelhan.tailtest.strategy.SupportStrategy,class,4,5,1,4,19,2,0,10,0,0.16666667,0.0,0.0,6,0,6,0,0,0,6,0,0,0,3,0,0,3,0,0,2,0,4,64,14,0,10,0,9,1,5,10,7,7,2,0,0,0,41,1,0
/mnt/c/Users/User/Downloads/ta4j/ta4j/src/test/java/eu/verdelhan/tailtest/indicator/simple/ConstantTest.java,eu.verdelhan.tailtest.indicator.simple.ConstantTest,class,3,3,0,3,2,1,0,2,0,0.0,0.0,0.0,2,0,2,0,0,0,2,0,0,0,1,0,0,1,0,0,0,0,0,12,0,0,0,0,0,0,9,1,0,1,0,0,0,0,9,1,0
/mnt/c/Users/User/Downloads/ta4j/ta4j/src/test/java/eu/verdelhan/tailtest/runner/ShortSellRunnerTest.java,eu.verdelhan.tailtest.runner.ShortSellRunnerTest,class,14,14,0,14,4,1,0,9,0,0.125,0.0,0.0,4,0,4,0,0,0,4,0,0,0,4,0,0,4,0,0,0,0,0,46,0,0,0,0,0,0,52,20,0,20,0,0,0,0,36,1,0
/mnt/c/Users/User/Downloads/ta4j/ta4j/src/main/java/eu/verdelhan/tailtest/analysis/criteria/NumberOfTicksCriterion.java,eu.verdelhan.tailtest.analysis.criteria.NumberOfTicksCriterion,class,4,6,2,4,4,2,0,6,1,0.0,0.0,0.0,2,0,2,0,0,0,2,0,0,0,0,0,0,0,0,0,0,0,0,17,3,1,0,0,1,0,3,3,2,2,1,0,0,0,14,1,0
/mnt/c/Users/User/Downloads/ta4j/ta4j/src/test/java/eu/verdelhan/tailtest/indicator/helper/TrueRangeTest.java,eu.verdelhan.tailtest.indicator.helper.TrueRangeTest,class,4,4,0,4,1,1,0,3,0,0.0,NaN,NaN,1,0,1,0,0,0,1,0,0,0,0,0,0,0,0,0,0,0,0,16,0,0,0,0,0,0,30,2,0,2,0,0,0,0,15,1,0
/mnt/c/Users/User/Downloads/ta4j/ta4j/src/main/java/eu/verdelhan/tailtest/analysis/criteria/AverageProfitableTradesCriterion.java,eu.verdelhan.tailtest.analysis.criteria.AverageProfitableTradesCriterion,class,4,4,0,4,8,2,0,9,1,0.0,0.0,0.0,2,0,2,0,0,0,2,0,0,0,0,0,0,0,0,0,0,0,0,31,2,1,5,0,1,0,6,8,1,7,3,0,0,0,22,1,0
/mnt/c/Users/User/Downloads/ta4j/ta4j/src/main/java/eu/verdelhan/tailtest/indicator/helper/CrossIndicator.java,eu.verdelhan.tailtest.indicator.helper.CrossIndicator,class,1,3,2,1,12,1,0,4,0,0.2,0.0,0.0,5,0,5,0,0,0,5,0,0,0,2,0,0,2,0,0,2,0,0,29,8,1,3,0,1,2,5,5,3,3,3,0,0,0,17,1,0
/mnt/c/Users/User/Downloads/ta4j/ta4j/src/test/java/eu/verdelhan/tailtest/strategy/PipeEnterStrategyTest.java,eu.verdelhan.tailtest.strategy.PipeEnterStrategyTest,class,5,5,0,5,3,1,0,4,0,0.0,0.0,0.0,3,0,3,0,0,0,3,0,0,0,2,0,0,2,0,0,0,0,0,33,0,0,0,0,0,0,74,9,0,8,0,0,0,0,20,1,0
/mnt/c/Users/User/Downloads/ta4j/ta4j/src/main/java/eu/verdelhan/tailtest/analysis/criteria/AverageProfitCriterion.java,eu.verdelhan.tailtest.analysis.criteria.AverageProfitCriterion,class,7,8,1,7,3,2,0,4,1,0.5,0.0,0.0,2,0,2,0,0,0,2,0,0,0,2,0,0,2,0,0,0,0,1,16,3,0,1,0,0,0,3,4,1,4,1,0,0,0,18,1,0
/mnt/c/Users/User/Downloads/ta4j/ta4j/src/test/java/eu/verdelhan/tailtest/indicator/tracker/AccelerationDecelerationTest.java,eu.verdelhan.tailtest.indicator.tracker.AccelerationDecelerationTest,class,6,6,0,6,4,1,0,4,0,0.0,0.0,0.0,4,0,4,0,0,0,4,0,0,0,1,0,0,1,0,0,0,0,3,36,0,0,0,0,0,0,45,5,3,5,0,0,0,0,26,1,0
/mnt/c/Users/User/Downloads/ta4j/ta4j/src/test/java/eu/verdelhan/tailtest/OperationTest.java,eu.verdelhan.tailtest.OperationTest,class,6,7,1,6,7,1,0,6,0,0.2,0.0,0.0,5,1,5,0,0,0,5,0,0,0,1,0,0,0,0,1,0,0,0,30,1,0,2,0,0,0,4,4,0,4,0,0,0,0,22,1,0
/mnt/c/Users/User/Downloads/ta4j/ta4j/src/test/java/eu/verdelhan/tailtest/indicator/helper/DirectionalMovementDownTest.java,eu.verdelhan.tailtest.indicator.helper.DirectionalMovementDownTest,class,4,4,0,4,4,1,0,3,6,0.0,0.0,0.0,4,0,4,0,0,0,4,0,0,0,0,0,0,0,0,0,0,0,0,42,0,0,0,0,0,0,40,20,0,20,0,0,0,0,21,1,0
/mnt/c/Users/User/Downloads/ta4j/ta4j/src/test/java/eu/verdelhan/tailtest/indicator/simple/OpenPriceTest.java,eu.verdelhan.tailtest.indicator.simple.OpenPriceTest,class,5,5,0,5,4,1,0,4,0,0.16666667,0.0,0.0,3,0,3,0,0,0,3,0,0,0,2,0,0,1,0,1,0,0,0,16,0,1,0,0,0,0,3,3,0,3,1,0,0,0,26,1,0
/mnt/c/Users/User/Downloads/ta4j/ta4j/src/test/java/eu/verdelhan/tailtest/indicator/helper/StandardDeviationTest.java,eu.verdelhan.tailtest.indicator.helper.StandardDeviationTest,class,7,7,0,7,6,1,0,3,0,0.0,0.0,0.0,6,0,6,0,0,0,6,0,0,0,1,0,0,1,0,0,0,0,14,42,0,0,0,0,0,0,77,6,0,6,0,0,0,0,39,1,0
/mnt/c/Users/User/Downloads/ta4j/ta4j/src/test/java/eu/verdelhan/tailtest/strategy/DistanceBetweenIndicatorsStrategyTest.java,eu.verdelhan.tailtest.strategy.DistanceBetweenIndicatorsStrategyTest,class,6,6,0,6,3,1,0,4,0,0.44444445,0.0,0.0,3,0,3,0,0,0,3,0,0,0,3,0,0,3,0,0,0,0,0,30,0,0,0,0,0,0,28,7,0,5,0,0,0,0,23,1,0
/mnt/c/Users/User/Downloads/ta4j/ta4j/src/main/java/eu/verdelhan/tailtest/indicator/simple/ClosePrice.java,eu.verdelhan.tailtest.indicator.simple.ClosePrice,class,3,6,3,3,3,1,0,4,1,0.33333334,0.0,0.0,3,0,3,0,0,0,3,0,0,0,1,0,0,1,0,0,0,0,0,12,2,0,0,0,0,0,0,1,0,1,0,0,0,0,13,1,0
/mnt/c/Users/User/Downloads/ta4j/ta4j/src/main/java/eu/verdelhan/tailtest/runner/ShortSellRunner.java,eu.verdelhan.tailtest.runner.ShortSellRunner,class,5,6,1,5,4,1,0,9,0,0.0,0.0,0.0,2,0,2,0,0,0,2,0,0,0,1,0,0,1,0,0,0,0,0,23,1,1,0,0,1,0,4,7,3,7,1,0,0,0,21,1,0
/mnt/c/Users/User/Downloads/ta4j/ta4j/src/test/java/eu/verdelhan/tailtest/indicator/helper/AverageDirectionalMovementDownTest.java,eu.verdelhan.tailtest.indicator.helper.AverageDirectionalMovementDownTest,class,4,4,0,4,1,1,0,3,0,0.0,NaN,NaN,1,0,1,0,0,0,1,0,0,0,0,0,0,0,0,0,0,0,0,22,0,0,0,0,6,0,75,8,44,8,0,0,0,0,23,1,0
/mnt/c/Users/User/Downloads/ta4j/ta4j/src/test/java/eu/verdelhan/tailtest/indicator/helper/DirectionalDownTest.java,eu.verdelhan.tailtest.indicator.helper.DirectionalDownTest,class,4,4,0,4,1,1,0,3,0,0.0,NaN,NaN,1,0,1,0,0,0,1,0,0,0,0,0,0,0,0,0,0,0,0,17,0,0,0,0,26,0,115,3,84,3,0,0,0,0,22,1,0
/mnt/c/Users/User/Downloads/ta4j/ta4j/src/main/java/eu/verdelhan/tailtest/TimeSeries.java,eu.verdelhan.tailtest.TimeSeries,interface,2,50,48,2,7,1,0,0,21,0.0,0.0,0.0,7,0,0,0,0,7,7,0,0,0,0,0,0,0,0,0,0,0,0,9,0,0,0,0,0,0,0,0,0,0,0,0,0,0,25,1,0
/mnt/c/Users/User/Downloads/ta4j/ta4j/src/test/java/eu/verdelhan/tailtest/indicator/simple/ClosePriceTest.java,eu.verdelhan.tailtest.indicator.simple.ClosePriceTest,class,5,5,0,5,4,1,0,4,0,0.16666667,0.0,0.0,3,0,3,0,0,0,3,0,0,0,2,0,0,1,0,1,0,0,0,16,0,1,0,0,0,0,3,3,0,3,1,0,0,0,26,1,0
/mnt/c/Users/User/Downloads/ta4j/ta4j/src/main/java/eu/verdelhan/tailtest/strategy/IndicatorOverIndicatorStrategy.java,eu.verdelhan.tailtest.strategy.IndicatorOverIndicatorStrategy,class,3,5,2,3,19,2,0,7,0,0.0,0.0,0.0,6,0,6,0,0,0,6,0,0,0,2,0,0,2,0,0,0,0,1,53,12,0,9,0,8,1,6,7,4,5,2,0,0,0,25,1,0
/mnt/c/Users/User/Downloads/ta4j/ta4j/src/main/java/eu/verdelhan/tailtest/indicator/helper/AverageDirectionalMovementDown.java,eu.verdelhan.tailtest.indicator.helper.AverageDirectionalMovementDown,class,3,4,1,3,4,2,0,4,0,0.16666667,0.0,0.0,3,0,2,0,1,0,3,0,0,0,2,0,0,2,0,0,2,0,0,15,3,0,1,0,3,1,4,2,7,2,1,0,0,0,19,1,0
/mnt/c/Users/User/Downloads/ta4j/ta4j/src/test/java/eu/verdelhan/tailtest/strategy/StopGainStrategyGainTest.java,eu.verdelhan.tailtest.strategy.StopGainStrategyGainTest,class,9,9,0,9,3,1,0,7,0,0.0,0.0,0.0,3,0,3,0,0,0,3,0,0,0,1,0,0,1,0,0,0,0,0,45,0,0,0,0,0,0,31,16,0,13,0,0,0,0,32,1,0
/mnt/c/Users/User/Downloads/ta4j/ta4j/src/test/java/eu/verdelhan/tailtest/indicator/volume/OnBalanceVolumeTest.java,eu.verdelhan.tailtest.indicator.volume.OnBalanceVolumeTest,class,4,4,0,4,1,1,0,3,0,0.0,NaN,NaN,1,0,1,0,0,0,1,0,0,0,0,0,0,0,0,0,0,0,0,18,0,0,0,0,0,0,66,2,0,2,0,0,0,0,16,1,0
/mnt/c/Users/User/Downloads/ta4j/ta4j/src/main/java/eu/verdelhan/tailtest/indicator/tracker/WMA.java,eu.verdelhan.tailtest.indicator.tracker.WMA,class,1,1,0,1,7,1,0,5,0,0.16666667,0.0,0.0,3,0,3,0,0,0,3,0,0,0,2,0,0,2,0,0,0,0,1,27,4,2,1,0,7,1,13,8,15,6,2,0,0,0,18,1,0
/mnt/c/Users/User/Downloads/ta4j/ta4j/src/main/java/eu/verdelhan/tailtest/strategy/IndicatorCrossedIndicatorStrategy.java,eu.verdelhan.tailtest.strategy.IndicatorCrossedIndicatorStrategy,class,4,6,2,4,25,2,0,5,0,0.33333334,0.0,0.0,6,0,6,0,0,0,6,0,0,0,4,0,0,4,0,0,2,0,1,75,16,0,15,0,12,1,6,11,8,7,2,0,0,0,38,1,0
/mnt/c/Users/User/Downloads/ta4j/ta4j/src/test/java/eu/verdelhan/tailtest/strategy/JustBuyOnceStrategyTest.java,eu.verdelhan.tailtest.strategy.JustBuyOnceStrategyTest,class,6,6,0,6,3,1,0,6,0,0.0,0.0,0.0,3,0,3,0,0,0,3,0,0,0,2,0,0,2,0,0,0,0,0,26,0,0,0,0,0,0,10,5,0,5,0,0,0,0,25,1,0
/mnt/c/Users/User/Downloads/ta4j/ta4j/src/main/java/eu/verdelhan/tailtest/analysis/criteria/RewardRiskRatioCriterion.java,eu.verdelhan.tailtest.analysis.criteria.RewardRiskRatioCriterion,class,7,9,2,7,2,2,0,4,1,0.5,0.0,0.0,2,0,2,0,0,0,2,0,0,0,2,0,0,2,0,0,0,0,0,12,2,0,0,0,0,0,0,3,1,3,0,0,0,0,20,1,0
/mnt/c/Users/User/Downloads/ta4j/ta4j/src/test/java/eu/verdelhan/tailtest/indicator/oscillator/StochasticOscillatorDTest.java,eu.verdelhan.tailtest.indicator.oscillator.StochasticOscillatorDTest,class,8,8,0,8,5,1,0,3,0,0.0,0.0,0.0,5,0,5,0,0,0,5,0,0,0,1,0,0,1,0,0,0,0,0,48,0,0,0,0,0,0,85,13,0,13,0,0,0,0,42,1,0
/mnt/c/Users/User/Downloads/ta4j/ta4j/src/main/java/eu/verdelhan/tailtest/indicator/helper/TrueRange.java,eu.verdelhan.tailtest.indicator.helper.TrueRange,class,3,4,1,3,5,1,0,10,1,0.33333334,0.0,0.0,3,0,3,0,0,0,3,0,0,0,1,0,0,1,0,0,0,0,5,16,2,0,2,0,0,0,6,5,2,5,0,0,0,0,16,1,0
/mnt/c/Users/User/Downloads/ta4j/ta4j/src/main/java/eu/verdelhan/tailtest/runner/HistoryRunner.java,eu.verdelhan.tailtest.runner.HistoryRunner,class,7,11,4,7,38,1,0,27,0,0.28000003,0.0,0.0,5,0,5,0,0,0,5,0,0,0,5,1,0,5,0,0,1,0,2,132,14,4,15,0,15,3,15,30,16,20,4,0,0,0,46,1,3
/mnt/c/Users/User/Downloads/ta4j/ta4j/src/main/java/eu/verdelhan/tailtest/series/FullyMemorizedSlicer.java,eu.verdelhan.tailtest.series.FullyMemorizedSlicer,class,7,8,1,7,3,2,0,3,3,0.0,0.0,0.0,3,0,3,0,0,0,3,0,0,0,0,0,0,0,0,0,0,0,0,11,1,0,0,0,0,0,1,0,0,0,0,0,0,0,13,1,0
/mnt/c/Users/User/Downloads/ta4j/ta4j/src/main/java/eu/verdelhan/tailtest/indicator/tracker/bollingerbands/BollingerBandsMiddle.java,eu.verdelhan.tailtest.indicator.tracker.bollingerbands.BollingerBandsMiddle,class,2,4,2,2,4,1,0,4,0,0.0,0.0,0.0,4,0,4,0,0,0,4,0,0,0,1,0,0,1,0,0,1,0,0,15,2,0,0,0,0,1,0,2,1,1,0,0,0,0,30,1,0
/mnt/c/Users/User/Downloads/ta4j/ta4j/src/main/java/eu/verdelhan/tailtest/indicator/tracker/RSI.java,eu.verdelhan.tailtest.indicator.tracker.RSI,class,4,5,1,4,5,1,0,5,0,0.375,0.0,0.0,4,0,3,1,0,0,3,0,0,0,2,0,0,2,0,0,2,0,0,20,4,0,1,0,1,1,5,4,5,4,1,0,0,0,22,1,0
/mnt/c/Users/User/Downloads/ta4j/ta4j/src/main/java/eu/verdelhan/tailtest/indicator/tracker/SMA.java,eu.verdelhan.tailtest.indicator.tracker.SMA,class,2,8,6,2,4,2,0,6,0,0.16666667,0.0,0.0,3,0,2,0,1,0,3,0,0,0,2,0,0,2,0,0,2,0,2,18,2,1,0,0,0,1,4,5,5,4,1,0,0,0,16,1,0
/mnt/c/Users/User/Downloads/ta4j/ta4j/src/main/java/eu/verdelhan/tailtest/strategy/PipeEnterStrategy.java,eu.verdelhan.tailtest.strategy.PipeEnterStrategy,class,4,5,1,4,17,2,0,6,0,0.16666667,0.0,0.0,6,0,6,0,0,0,6,0,0,0,2,0,0,2,0,0,2,0,1,53,12,0,9,0,8,1,4,7,4,5,2,0,0,0,55,1,0
/mnt/c/Users/User/Downloads/ta4j/ta4j/src/main/java/eu/verdelhan/tailtest/indicator/helper/LowestValue.java,eu.verdelhan.tailtest.indicator.helper.LowestValue,class,2,5,3,2,5,1,0,5,0,0.16666667,0.0,0.0,3,0,3,0,0,0,3,0,0,0,2,0,0,2,0,0,2,0,1,19,2,1,0,0,0,1,3,6,4,5,2,0,0,0,15,1,0
/mnt/c/Users/User/Downloads/ta4j/ta4j/src/test/java/eu/verdelhan/tailtest/series/RegularSlicerTest.java,eu.verdelhan.tailtest.series.RegularSlicerTest,class,7,7,0,7,9,1,0,14,0,0.11111111,0.0,0.0,9,0,9,0,0,0,9,0,0,0,2,0,0,2,0,0,0,0,0,122,0,0,0,0,0,0,310,29,0,20,0,0,0,0,41,1,0
/mnt/c/Users/User/Downloads/ta4j/ta4j/src/main/java/eu/verdelhan/tailtest/sample/SampleTimeSeries.java,eu.verdelhan.tailtest.sample.SampleTimeSeries,class,6,7,1,6,17,1,0,9,0,0.16666667,0.0,0.0,12,0,12,0,0,0,12,0,0,0,1,0,0,1,0,0,0,0,1,56,7,4,1,0,1,3,21,10,12,6,1,0,0,0,31,1,0
/mnt/c/Users/User/Downloads/ta4j/ta4j/src/main/java/eu/verdelhan/tailtest/Tick.java,eu.verdelhan.tailtest.Tick,interface,1,28,27,1,12,1,0,0,66,0.0,0.0,0.0,12,0,0,0,0,12,12,0,0,0,0,0,0,0,0,0,0,0,0,14,0,0,0,0,0,0,0,0,0,0,0,0,0,0,22,1,0
/mnt/c/Users/User/Downloads/ta4j/ta4j/src/test/java/eu/verdelhan/tailtest/indicator/simple/PreviousPriceTest.java,eu.verdelhan.tailtest.indicator.simple.PreviousPriceTest,class,5,5,0,5,4,1,0,4,0,0.16666667,0.0,0.0,3,0,3,0,0,0,3,0,0,0,2,0,0,1,0,1,0,0,0,16,0,1,0,0,0,0,3,3,0,3,1,0,0,0,26,1,0
/mnt/c/Users/User/Downloads/ta4j/ta4j/src/main/java/eu/verdelhan/tailtest/Operation.java,eu.verdelhan.tailtest.Operation,class,2,7,5,2,7,1,0,5,0,0.16666667,0.0,0.0,6,0,6,0,0,0,6,0,0,0,2,0,0,2,0,0,0,0,0,27,6,0,1,0,2,2,1,3,3,3,1,0,0,0,29,1,0
/mnt/c/Users/User/Downloads/ta4j/ta4j/src/main/java/eu/verdelhan/tailtest/series/PartialMemorizedSlicer.java,eu.verdelhan.tailtest.series.PartialMemorizedSlicer,class,9,12,3,9,43,1,2,38,0,0.6574074,0.0,0.0,18,0,15,2,1,0,16,0,0,0,6,1,0,1,5,0,0,0,5,135,21,3,9,0,5,14,16,38,16,21,2,0,0,0,75,1,3
/mnt/c/Users/User/Downloads/ta4j/ta4j/src/test/java/eu/verdelhan/tailtest/indicator/cache/CachedIndicatorTest.java,eu.verdelhan.tailtest.indicator.cache.CachedIndicatorTest,class,10,10,0,10,6,1,0,4,9,0.5,0.0,0.0,6,0,6,0,0,0,6,0,0,0,1,0,0,1,0,0,0,0,3,37,0,0,0,0,0,0,31,16,2,16,0,0,0,0,52,1,0
/mnt/c/Users/User/Downloads/ta4j/ta4j/src/test/java/eu/verdelhan/tailtest/analysis/criteria/NumberOfTradesCriterionTest.java,eu.verdelhan.tailtest.analysis.criteria.NumberOfTradesCriterionTest,class,12,12,0,12,4,1,0,6,6,0.0,0.0,0.0,4,0,4,0,0,0,4,0,0,0,0,0,0,0,0,0,0,0,0,36,0,0,0,0,0,0,32,16,0,16,0,0,0,0,38,1,0
/mnt/c/Users/User/Downloads/ta4j/ta4j/src/test/java/eu/verdelhan/tailtest/analysis/criteria/LinearTransactionCostsCriterionTest.java,eu.verdelhan.tailtest.analysis.criteria.LinearTransactionCostsCriterionTest,class,11,11,0,11,3,1,0,6,3,0.0,0.0,0.0,3,0,3,0,0,0,3,0,0,0,0,0,0,0,0,0,0,0,0,34,0,0,0,0,0,0,49,12,0,11,0,0,0,0,30,1,0
/mnt/c/Users/User/Downloads/ta4j/ta4j/src/test/java/eu/verdelhan/tailtest/analysis/criteria/BuyAndHoldCriterionTest.java,eu.verdelhan.tailtest.analysis.criteria.BuyAndHoldCriterionTest,class,12,12,0,12,5,1,0,6,10,0.0,0.0,0.0,5,0,5,0,0,0,5,0,0,0,0,0,0,0,0,0,0,0,0,45,0,0,0,0,0,0,48,20,1,20,0,0,0,0,40,1,0
/mnt/c/Users/User/Downloads/ta4j/ta4j/src/test/java/eu/verdelhan/tailtest/indicator/tracker/RSITest.java,eu.verdelhan.tailtest.indicator.tracker.RSITest,class,7,7,0,7,5,1,0,2,0,0.0,0.0,0.0,5,0,5,0,0,0,5,0,0,0,1,0,0,1,0,0,0,0,0,32,0,0,0,0,0,0,71,5,0,5,0,0,0,0,35,1,0
/mnt/c/Users/User/Downloads/ta4j/ta4j/src/test/java/eu/verdelhan/tailtest/analysis/evaluator/BestStrategyEvaluatorTest.java,eu.verdelhan.tailtest.analysis.evaluator.BestStrategyEvaluatorTest,class,15,15,0,15,3,1,0,5,0,0.4,0.0,0.0,3,0,3,0,0,0,3,0,0,0,5,0,0,5,0,0,0,0,0,30,0,0,0,0,0,0,14,13,0,13,0,0,0,0,45,1,0
/mnt/c/Users/User/Downloads/ta4j/ta4j/src/main/java/eu/verdelhan/tailtest/indicator/simple/Amount.java,eu.verdelhan.tailtest.indicator.simple.Amount,class,3,4,1,3,3,1,0,4,1,0.33333334,0.0,0.0,3,0,3,0,0,0,3,0,0,0,1,0,0,1,0,0,0,0,0,12,2,0,0,0,0,0,0,1,0,1,0,0,0,0,12,1,0
/mnt/c/Users/User/Downloads/ta4j/ta4j/src/main/java/eu/verdelhan/tailtest/analysis/criteria/TotalProfitCriterion.java,eu.verdelhan.tailtest.analysis.criteria.TotalProfitCriterion,class,4,7,3,4,5,2,0,9,3,0.0,0.0,0.0,3,0,2,1,0,0,2,0,0,0,0,0,0,0,0,0,0,0,0,22,4,1,1,0,0,0,1,4,0,3,1,0,0,0,19,1,0
/mnt/c/Users/User/Downloads/ta4j/ta4j/src/main/java/eu/verdelhan/tailtest/indicator/volume/OnBalanceVolume.java,eu.verdelhan.tailtest.indicator.volume.OnBalanceVolume,class,3,3,0,3,6,2,0,7,1,0.33333334,0.0,0.0,3,0,2,0,1,0,3,0,0,0,1,0,0,1,0,0,1,0,0,17,5,0,1,0,0,0,6,3,6,3,1,0,0,0,18,1,0
/mnt/c/Users/User/Downloads/ta4j/ta4j/src/main/java/eu/verdelhan/tailtest/StrategyEvaluator.java,eu.verdelhan.tailtest.StrategyEvaluator,interface,1,2,1,1,1,1,0,0,0,0.0,NaN,NaN,1,0,0,0,0,1,1,0,0,0,0,0,0,0,0,0,0,0,0,3,0,0,0,0,0,0,0,0,0,0,0,0,0,0,25,1,0
/mnt/c/Users/User/Downloads/ta4j/ta4j/src/test/java/eu/verdelhan/tailtest/indicator/tracker/bollingerbands/BollingerBandsLowerTest.java,eu.verdelhan.tailtest.indicator.tracker.bollingerbands.BollingerBandsLowerTest,class,10,10,0,10,4,1,0,3,0,0.125,0.0,0.0,4,0,4,0,0,0,4,0,0,0,4,0,0,4,0,0,0,0,0,37,0,0,0,0,0,0,40,13,0,13,0,0,0,0,43,1,0
/mnt/c/Users/User/Downloads/ta4j/ta4j/src/test/java/eu/verdelhan/tailtest/series/FullyMemorizedSlicerTest.java,eu.verdelhan.tailtest.series.FullyMemorizedSlicerTest,class,7,7,0,7,10,1,0,14,0,0.1,0.0,0.0,10,0,10,0,0,0,10,0,0,0,2,0,0,2,0,0,0,0,0,138,0,0,0,0,0,0,368,32,0,22,0,0,0,0,42,1,0
/mnt/c/Users/User/Downloads/ta4j/ta4j/src/main/java/eu/verdelhan/tailtest/indicator/tracker/WilliamsR.java,eu.verdelhan.tailtest.indicator.tracker.WilliamsR,class,7,7,0,7,4,1,0,7,0,0.4375,0.0,0.0,4,0,4,0,0,0,4,0,0,0,4,0,0,4,0,0,2,0,0,25,2,0,0,0,3,0,1,8,4,8,0,0,0,0,27,1,0
/mnt/c/Users/User/Downloads/ta4j/ta4j/src/test/java/eu/verdelhan/tailtest/indicator/oscillator/AwesomeOscillatorTest.java,eu.verdelhan.tailtest.indicator.oscillator.AwesomeOscillatorTest,class,7,7,0,7,4,1,0,3,0,0.0,0.0,0.0,4,0,4,0,0,0,4,0,0,0,1,0,0,1,0,0,0,0,0,36,0,0,0,0,0,0,56,5,0,5,0,0,0,0,27,1,0
/mnt/c/Users/User/Downloads/ta4j/ta4j/src/test/java/eu/verdelhan/tailtest/analysis/criteria/RewardRiskRatioCriterionTest.java,eu.verdelhan.tailtest.analysis.criteria.RewardRiskRatioCriterionTest,class,12,12,0,12,6,1,0,8,0,0.16666667,0.0,0.0,6,0,6,0,0,0,6,0,0,0,1,0,0,1,0,0,0,0,2,56,0,0,0,0,23,0,95,25,31,25,0,0,0,0,53,1,0
/mnt/c/Users/User/Downloads/ta4j/ta4j/src/test/java/eu/verdelhan/tailtest/strategy/OrStrategyTest.java,eu.verdelhan.tailtest.strategy.OrStrategyTest,class,6,6,0,6,3,1,0,3,0,0.5714286,0.0,0.0,3,0,3,0,0,0,3,0,0,0,7,0,0,7,0,0,0,0,0,34,0,0,0,0,0,0,20,7,0,7,0,0,0,0,24,1,0
/mnt/c/Users/User/Downloads/ta4j/ta4j/src/main/java/eu/verdelhan/tailtest/tick/DefaultTick.java,eu.verdelhan.tailtest.tick.DefaultTick,class,3,6,3,3,22,1,0,16,34,0.7666667,0.0,0.0,21,0,21,0,0,0,21,0,0,0,10,0,0,10,0,0,0,0,1,100,16,0,10,0,11,3,1,25,1,11,1,0,0,0,51,1,0
/mnt/c/Users/User/Downloads/ta4j/ta4j/src/main/java/eu/verdelhan/tailtest/analysis/criteria/MaximumDrawDownCriterion.java,eu.verdelhan.tailtest.analysis.criteria.MaximumDrawDownCriterion,class,5,7,2,5,5,2,0,6,1,0.0,0.0,0.0,2,0,2,0,0,0,2,0,0,0,0,0,0,0,0,0,0,0,0,23,2,1,0,0,1,0,2,9,2,7,2,0,0,0,22,1,0
/mnt/c/Users/User/Downloads/ta4j/ta4j/src/main/java/eu/verdelhan/tailtest/indicator/simple/TradeCount.java,eu.verdelhan.tailtest.indicator.simple.TradeCount,class,3,4,1,3,3,1,0,4,1,0.33333334,0.0,0.0,3,0,3,0,0,0,3,0,0,0,1,0,0,1,0,0,0,0,0,12,2,0,0,0,0,0,0,1,0,1,0,0,0,0,12,1,0
/mnt/c/Users/User/Downloads/ta4j/ta4j/src/test/java/eu/verdelhan/tailtest/analysis/evaluator/DecisionTest.java,eu.verdelhan.tailtest.analysis.evaluator.DecisionTest,class,19,19,0,19,6,1,0,11,0,0.25,0.0,0.0,6,0,6,0,0,0,6,0,0,0,2,0,0,2,0,0,0,0,1,64,0,0,0,0,0,0,78,40,2,36,0,0,0,0,49,1,0
/mnt/c/Users/User/Downloads/ta4j/ta4j/src/test/java/eu/verdelhan/tailtest/runner/HistoryRunnerTest.java,eu.verdelhan.tailtest.runner.HistoryRunnerTest,class,14,14,0,14,7,1,0,8,0,0.2857143,0.0,0.0,7,0,7,0,0,0,7,0,0,0,4,0,0,4,0,0,0,0,0,91,0,0,0,0,0,1,125,39,0,32,0,0,0,0,42,1,0
/mnt/c/Users/User/Downloads/ta4j/ta4j/src/main/java/eu/verdelhan/tailtest/series/DefaultTimeSeries.java,eu.verdelhan.tailtest.series.DefaultTimeSeries,class,5,6,1,5,23,1,0,13,0,0.45454544,0.0,0.0,11,0,11,0,0,0,11,0,0,0,2,0,0,2,0,0,2,0,1,68,16,0,10,0,6,3,11,7,8,5,2,0,0,0,30,1,0
/mnt/c/Users/User/Downloads/ta4j/ta4j/src/main/java/eu/verdelhan/tailtest/analysis/criteria/AbstractAnalysisCriterion.java,eu.verdelhan.tailtest.analysis.criteria.AbstractAnalysisCriterion,class,4,14,10,4,4,1,10,11,1,0.0,0.0,0.0,2,0,2,0,0,0,2,0,0,0,0,0,0,0,0,0,0,0,0,18,2,2,0,0,0,1,4,4,2,4,1,0,0,0,22,1025,0
/mnt/c/Users/User/Downloads/ta4j/ta4j/src/main/java/eu/verdelhan/tailtest/indicator/tracker/bollingerbands/BollingerBandsLower.java,eu.verdelhan.tailtest.indicator.tracker.bollingerbands.BollingerBandsLower,class,3,3,0,3,4,1,0,6,0,0.0,0.0,0.0,4,0,4,0,0,0,4,0,0,0,2,0,0,2,0,0,2,0,0,18,2,0,0,0,0,2,1,4,3,2,0,0,0,0,30,1,0
/mnt/c/Users/User/Downloads/ta4j/ta4j/src/test/java/eu/verdelhan/tailtest/flow/CashFlowTest.java,eu.verdelhan.tailtest.flow.CashFlowTest,class,9,9,0,9,13,1,0,7,78,0.0,0.0,0.0,13,0,13,0,0,0,13,0,0,0,0,0,0,0,0,0,0,0,39,150,0,0,0,0,0,0,259,41,40,41,0,0,0,0,51,1,0
/mnt/c/Users/User/Downloads/ta4j/ta4j/src/main/java/eu/verdelhan/tailtest/indicator/helper/AverageGain.java,eu.verdelhan.tailtest.indicator.helper.AverageGain,class,1,2,1,1,5,1,0,6,0,0.16666667,0.0,0.0,3,0,3,0,0,0,3,0,0,0,2,0,0,2,0,0,2,0,2,18,2,1,0,0,0,1,6,5,8,4,2,0,0,0,15,1,0
/mnt/c/Users/User/Downloads/ta4j/ta4j/src/test/java/eu/verdelhan/tailtest/strategy/AlwaysOperateStrategyTest.java,eu.verdelhan.tailtest.strategy.AlwaysOperateStrategyTest,class,4,4,0,4,6,1,0,4,0,0.0,0.0,0.0,6,0,6,0,0,0,6,0,0,0,1,0,0,1,0,0,0,0,0,30,0,0,0,0,0,0,9,6,0,6,0,0,0,0,25,1,0
/mnt/c/Users/User/Downloads/ta4j/ta4j/src/main/java/eu/verdelhan/tailtest/strategy/ParabolicSarAndDMIStrategy.java,eu.verdelhan.tailtest.strategy.ParabolicSarAndDMIStrategy,class,5,6,1,5,17,2,0,9,0,0.25,0.0,0.0,6,0,6,0,0,0,6,0,0,0,2,0,0,2,0,0,0,0,0,53,12,0,9,0,6,0,4,7,4,5,2,0,0,0,33,1,0
/mnt/c/Users/User/Downloads/ta4j/ta4j/src/main/java/eu/verdelhan/tailtest/runner/HistoryRunnerFactory.java,eu.verdelhan.tailtest.runner.HistoryRunnerFactory,class,5,5,0,5,1,1,0,0,0,0.0,NaN,NaN,1,0,1,0,0,0,1,0,0,0,0,0,0,0,0,0,0,0,0,5,1,0,0,0,0,0,0,0,0,0,0,0,0,0,9,1,0
/mnt/c/Users/User/Downloads/ta4j/ta4j/src/main/java/eu/verdelhan/tailtest/indicator/cache/CachedIndicator.java,eu.verdelhan.tailtest.indicator.cache.CachedIndicator,class,3,16,13,3,12,1,0,10,4,0.4,0.0,0.0,5,0,3,1,1,0,4,1,0,0,1,0,0,1,0,0,0,0,1,34,2,2,4,0,3,1,3,4,3,3,3,0,0,0,25,1025,0
/mnt/c/Users/User/Downloads/ta4j/ta4j/src/main/java/eu/verdelhan/tailtest/strategy/OrStrategy.java,eu.verdelhan.tailtest.strategy.OrStrategy,class,3,5,2,3,17,2,0,6,0,0.0,0.0,0.0,6,0,6,0,0,0,6,0,0,0,2,0,0,2,0,0,0,0,1,53,12,0,9,0,6,1,4,7,4,5,2,0,0,0,31,1,0
/mnt/c/Users/User/Downloads/ta4j/ta4j/src/test/java/eu/verdelhan/tailtest/indicator/tracker/bollingerbands/BollingerBandsUpperTest.java,eu.verdelhan.tailtest.indicator.tracker.bollingerbands.BollingerBandsUpperTest,class,10,10,0,10,4,1,0,3,0,0.125,0.0,0.0,4,0,4,0,0,0,4,0,0,0,4,0,0,4,0,0,0,0,0,40,0,0,0,0,0,0,50,13,0,13,0,0,0,0,43,1,0
/mnt/c/Users/User/Downloads/ta4j/ta4j/src/main/java/eu/verdelhan/tailtest/analysis/criteria/NumberOfTradesCriterion.java,eu.verdelhan.tailtest.analysis.criteria.NumberOfTradesCriterion,class,3,3,0,3,2,2,0,1,1,0.0,0.0,0.0,2,0,2,0,0,0,2,0,0,0,0,0,0,0,0,0,0,0,0,8,2,0,0,0,0,0,1,0,0,0,0,0,0,0,13,1,0
/mnt/c/Users/User/Downloads/ta4j/ta4j/src/test/java/eu/verdelhan/tailtest/indicator/tracker/WMATest.java,eu.verdelhan.tailtest.indicator.tracker.WMATest,class,6,6,0,6,3,1,0,2,3,0.0,0.0,0.0,3,0,3,0,0,0,3,0,0,0,0,0,0,0,0,0,0,0,0,30,0,0,0,0,0,0,58,9,11,9,0,0,0,0,32,1,0
/mnt/c/Users/User/Downloads/ta4j/ta4j/src/main/java/eu/verdelhan/tailtest/strategy/AndStrategy.java,eu.verdelhan.tailtest.strategy.AndStrategy,class,3,6,3,3,17,2,0,6,0,0.0,0.0,0.0,6,0,6,0,0,0,6,0,0,0,2,0,0,2,0,0,0,0,1,53,12,0,9,0,6,1,4,7,4,5,2,0,0,0,32,1,0
/mnt/c/Users/User/Downloads/ta4j/ta4j/src/main/java/eu/verdelhan/tailtest/indicator/simple/Variation.java,eu.verdelhan.tailtest.indicator.simple.Variation,class,3,4,1,3,3,1,0,4,1,0.33333334,0.0,0.0,3,0,3,0,0,0,3,0,0,0,1,0,0,1,0,0,0,0,0,12,2,0,0,0,0,0,0,1,0,1,0,0,0,0,12,1,0
/mnt/c/Users/User/Downloads/ta4j/ta4j/src/main/java/eu/verdelhan/tailtest/indicator/simple/Volume.java,eu.verdelhan.tailtest.indicator.simple.Volume,class,3,4,1,3,3,1,0,4,1,0.33333334,0.0,0.0,3,0,3,0,0,0,3,0,0,0,1,0,0,1,0,0,0,0,0,12,2,0,0,0,0,0,0,1,0,1,0,0,0,0,12,1,0
/mnt/c/Users/User/Downloads/ta4j/ta4j/src/main/java/eu/verdelhan/tailtest/Runner.java,eu.verdelhan.tailtest.Runner,interface,1,8,7,1,1,1,0,0,0,0.0,NaN,NaN,1,0,0,0,0,1,1,0,0,0,0,0,0,0,0,0,0,0,0,3,0,0,0,0,0,0,0,0,0,0,0,0,0,0,11,1,0
/mnt/c/Users/User/Downloads/ta4j/ta4j/src/main/java/eu/verdelhan/tailtest/indicator/helper/DirectionalUp.java,eu.verdelhan.tailtest.indicator.helper.DirectionalUp,class,4,5,1,4,3,1,0,3,0,0.33333334,0.0,0.0,3,0,3,0,0,0,3,0,0,0,3,0,0,3,0,0,2,0,0,16,2,0,0,0,0,1,0,3,2,3,0,0,0,0,19,1,0
/mnt/c/Users/User/Downloads/ta4j/ta4j/src/test/java/eu/verdelhan/tailtest/indicator/simple/MinPriceTest.java,eu.verdelhan.tailtest.indicator.simple.MinPriceTest,class,5,5,0,5,4,1,0,4,0,0.16666667,0.0,0.0,3,0,3,0,0,0,3,0,0,0,2,0,0,1,0,1,0,0,0,16,0,1,0,0,0,0,3,3,0,3,1,0,0,0,26,1,0
/mnt/c/Users/User/Downloads/ta4j/ta4j/src/test/java/eu/verdelhan/tailtest/strategy/IndicatorCrossedIndicatorStrategyTest.java,eu.verdelhan.tailtest.strategy.IndicatorCrossedIndicatorStrategyTest,class,7,7,0,7,11,1,0,9,15,0.0,0.0,0.0,6,0,6,0,0,0,6,0,0,0,0,0,0,0,0,0,0,0,0,81,0,5,0,0,0,0,101,34,0,34,1,0,0,0,36,1,0
/mnt/c/Users/User/Downloads/ta4j/ta4j/src/test/java/eu/verdelhan/tailtest/analysis/criteria/VersusBuyAndHoldCriterionTest.java,eu.verdelhan.tailtest.analysis.criteria.VersusBuyAndHoldCriterionTest,class,15,15,0,15,7,1,0,7,21,0.0,0.0,0.0,7,0,7,0,0,0,7,0,0,0,0,0,0,0,0,0,0,0,2,61,0,0,0,0,2,0,94,26,18,26,0,0,0,0,50,1,0
/mnt/c/Users/User/Downloads/ta4j/ta4j/src/main/java/eu/verdelhan/tailtest/analysis/evaluator/HigherValueEvaluator.java,eu.verdelhan.tailtest.analysis.evaluator.HigherValueEvaluator,class,9,10,1,9,5,1,0,13,0,0.0,0.0,0.0,2,0,2,0,0,0,2,0,0,0,5,1,0,5,0,0,1,0,1,32,1,2,0,0,0,1,0,12,0,10,2,0,0,0,29,1,1
/mnt/c/Users/User/Downloads/ta4j/ta4j/src/main/java/eu/verdelhan/tailtest/runner/RunnerFactory.java,eu.verdelhan.tailtest.runner.RunnerFactory,interface,3,6,3,3,1,1,0,0,0,0.0,NaN,NaN,1,0,0,0,0,1,1,0,0,0,0,0,0,0,0,0,0,0,0,3,0,0,0,0,0,0,0,0,0,0,0,0,0,0,8,1,0
/mnt/c/Users/User/Downloads/ta4j/ta4j/src/test/java/eu/verdelhan/tailtest/ConstrainedTimeSeriesTest.java,eu.verdelhan.tailtest.ConstrainedTimeSeriesTest,class,8,8,0,8,7,1,0,16,0,0.33333334,0.0,0.0,7,0,7,0,0,0,7,0,0,0,3,1,0,3,0,0,0,0,0,36,0,0,0,0,0,3,19,4,4,4,0,0,0,0,32,1,0
/mnt/c/Users/User/Downloads/ta4j/ta4j/src/test/java/eu/verdelhan/tailtest/indicator/tracker/bollingerbands/BollingerBandsMiddleTest.java,eu.verdelhan.tailtest.indicator.tracker.bollingerbands.BollingerBandsMiddleTest,class,8,8,0,8,5,1,0,3,0,0.0,0.0,0.0,4,0,4,0,0,0,4,0,0,0,1,0,0,1,0,0,0,0,0,24,0,1,0,0,0,0,22,8,0,8,1,0,0,0,36,1,0
/mnt/c/Users/User/Downloads/ta4j/ta4j/src/main/java/eu/verdelhan/tailtest/indicator/simple/AverageHighLow.java,eu.verdelhan.tailtest.indicator.simple.AverageHighLow,class,3,5,2,3,3,1,0,8,1,0.33333334,0.0,0.0,3,0,3,0,0,0,3,0,0,0,1,0,0,1,0,0,0,0,1,12,2,0,0,0,0,0,1,1,0,1,0,0,0,0,14,1,0
/mnt/c/Users/User/Downloads/ta4j/ta4j/src/test/java/eu/verdelhan/tailtest/series/DefaultTimeSeriesTest.java,eu.verdelhan.tailtest.series.DefaultTimeSeriesTest,class,7,7,0,7,5,1,0,18,0,0.26666668,0.0,0.0,5,0,5,0,0,0,5,0,0,0,3,0,0,3,0,0,0,0,0,29,0,0,0,0,0,3,20,3,2,3,0,0,0,0,21,1,0
/mnt/c/Users/User/Downloads/ta4j/ta4j/src/test/java/eu/verdelhan/tailtest/strategy/MinValueStarterStrategyTest.java,eu.verdelhan.tailtest.strategy.MinValueStarterStrategyTest,class,8,8,0,8,3,1,0,6,0,0.5555556,0.0,0.0,3,0,3,0,0,0,3,0,0,0,6,0,0,6,0,0,0,0,0,35,0,0,0,0,0,0,21,11,0,9,0,0,0,0,32,1,0
/mnt/c/Users/User/Downloads/ta4j/ta4j/src/test/java/eu/verdelhan/tailtest/indicator/helper/HighestValueTest.java,eu.verdelhan.tailtest.indicator.helper.HighestValueTest,class,7,7,0,7,6,1,0,3,0,0.0,0.0,0.0,6,0,6,0,0,0,6,0,0,0,1,0,0,1,0,0,0,0,13,35,0,0,0,0,0,0,46,6,0,6,0,0,0,0,38,1,0
/mnt/c/Users/User/Downloads/ta4j/ta4j/src/test/java/eu/verdelhan/tailtest/analysis/criteria/MaximumDrawDownCriterionTest.java,eu.verdelhan.tailtest.analysis.criteria.MaximumDrawDownCriterionTest,class,12,12,0,12,8,1,0,6,28,0.0,0.0,0.0,8,0,8,0,0,0,8,0,0,0,0,0,0,0,0,0,0,0,0,80,0,0,0,0,0,0,100,32,0,32,0,0,0,0,49,1,0
/mnt/c/Users/User/Downloads/ta4j/ta4j/src/main/java/eu/verdelhan/tailtest/indicator/volume/AccumulationDistribution.java,eu.verdelhan.tailtest.indicator.volume.AccumulationDistribution,class,3,3,0,3,4,2,0,12,1,0.33333334,0.0,0.0,3,0,2,0,1,0,3,0,0,0,1,0,0,1,0,0,0,0,0,18,3,0,1,0,0,0,2,4,1,4,1,0,0,0,20,1,0
/mnt/c/Users/User/Downloads/ta4j/ta4j/src/main/java/eu/verdelhan/tailtest/strategy/AlwaysOperateStrategy.java,eu.verdelhan.tailtest.strategy.AlwaysOperateStrategy,class,1,2,1,1,3,2,0,2,3,0.0,0.0,0.0,3,0,3,0,0,0,3,0,0,0,0,0,0,0,0,0,0,0,0,11,3,0,0,0,0,0,0,0,0,0,0,0,0,0,11,1,0
/mnt/c/Users/User/Downloads/ta4j/ta4j/src/main/java/eu/verdelhan/tailtest/indicator/helper/DirectionalMovementDown.java,eu.verdelhan.tailtest.indicator.helper.DirectionalMovementDown,class,3,4,1,3,7,1,0,6,1,0.33333334,0.0,0.0,3,0,3,0,0,0,3,0,0,0,1,0,0,1,0,0,0,0,0,18,4,0,1,0,1,0,5,5,5,5,1,0,0,0,18,1,0
/mnt/c/Users/User/Downloads/ta4j/ta4j/src/main/java/eu/verdelhan/tailtest/indicator/oscillator/AwesomeOscillator.java,eu.verdelhan.tailtest.indicator.oscillator.AwesomeOscillator,class,3,4,1,3,4,2,0,3,0,0.25,0.0,0.0,4,0,3,0,1,0,4,0,0,0,2,0,0,2,0,0,0,0,0,18,2,0,0,0,0,0,2,4,1,2,0,0,0,0,19,1,0
/mnt/c/Users/User/Downloads/ta4j/ta4j/src/main/java/eu/verdelhan/tailtest/indicator/simple/PreviousPrice.java,eu.verdelhan.tailtest.indicator.simple.PreviousPrice,class,3,4,1,3,3,1,0,4,1,0.33333334,0.0,0.0,3,0,3,0,0,0,3,0,0,0,1,0,0,1,0,0,0,0,0,12,2,0,0,0,0,0,0,1,0,1,0,0,0,0,13,1,0
/mnt/c/Users/User/Downloads/ta4j/ta4j/src/test/java/eu/verdelhan/tailtest/strategy/SupportStrategyTest.java,eu.verdelhan.tailtest.strategy.SupportStrategyTest,class,8,8,0,8,2,1,0,6,0,0.0,0.0,0.0,2,0,2,0,0,0,2,0,0,0,1,0,0,1,0,0,0,0,0,26,0,0,0,0,0,0,19,7,0,5,0,0,0,0,21,1,0
/mnt/c/Users/User/Downloads/ta4j/ta4j/src/test/java/eu/verdelhan/tailtest/indicator/simple/AmountTest.java,eu.verdelhan.tailtest.indicator.simple.AmountTest,class,5,5,0,5,4,1,0,4,0,0.16666667,0.0,0.0,3,0,3,0,0,0,3,0,0,0,2,0,0,1,0,1,0,0,0,16,0,1,0,0,0,0,3,3,0,3,1,0,0,0,26,1,0
/mnt/c/Users/User/Downloads/ta4j/ta4j/src/test/java/eu/verdelhan/tailtest/indicator/simple/VariationPriceTest.java,eu.verdelhan.tailtest.indicator.simple.VariationPriceTest,class,5,5,0,5,4,1,0,4,0,0.16666667,0.0,0.0,3,0,3,0,0,0,3,0,0,0,2,0,0,2,0,0,0,0,0,16,0,1,0,0,0,0,3,3,0,3,1,0,0,0,26,1,0
/mnt/c/Users/User/Downloads/ta4j/ta4j/src/main/java/eu/verdelhan/tailtest/indicator/tracker/bollingerbands/BollingerBandsUpper.java,eu.verdelhan.tailtest.indicator.tracker.bollingerbands.BollingerBandsUpper,class,3,3,0,3,4,1,0,6,0,0.0,0.0,0.0,4,0,4,0,0,0,4,0,0,0,2,0,0,2,0,0,2,0,0,18,2,0,0,0,0,2,1,4,3,2,0,0,0,0,30,1,0
/mnt/c/Users/User/Downloads/ta4j/ta4j/src/main/java/eu/verdelhan/tailtest/strategy/AbstractStrategy.java,eu.verdelhan.tailtest.strategy.AbstractStrategy,class,4,22,18,4,5,1,17,4,3,0.0,0.0,0.0,3,0,3,0,0,0,3,0,0,0,0,0,0,0,0,0,0,0,0,17,5,0,0,0,0,0,0,0,0,0,1,0,0,0,14,1025,0
/mnt/c/Users/User/Downloads/ta4j/ta4j/src/test/java/eu/verdelhan/tailtest/indicator/tracker/SMATest.java,eu.verdelhan.tailtest.indicator.tracker.SMATest,class,7,7,0,7,6,1,0,5,0,0.0,0.0,0.0,5,0,5,0,0,0,5,0,0,0,1,0,0,1,0,0,0,0,0,36,0,1,0,0,0,0,54,6,6,6,1,0,0,0,39,1,0
/mnt/c/Users/User/Downloads/ta4j/ta4j/src/main/java/eu/verdelhan/tailtest/strategy/StopLossStrategy.java,eu.verdelhan.tailtest.strategy.StopLossStrategy,class,4,5,1,4,21,2,0,10,0,0.16666667,0.0,0.0,6,0,6,0,0,0,6,0,0,0,4,0,0,4,0,0,0,0,7,74,16,0,11,0,15,2,7,13,14,8,2,0,0,0,57,1,0
/mnt/c/Users/User/Downloads/ta4j/ta4j/src/main/java/eu/verdelhan/tailtest/ConstrainedTimeSeries.java,eu.verdelhan.tailtest.ConstrainedTimeSeries,class,3,5,2,3,9,1,0,7,0,0.45833334,0.0,0.0,8,0,8,0,0,0,8,0,0,0,3,0,0,3,0,0,0,0,1,34,7,0,0,0,1,3,5,3,9,3,1,0,0,0,23,1,0
/mnt/c/Users/User/Downloads/ta4j/ta4j/src/main/java/eu/verdelhan/tailtest/strategy/FakeStrategy.java,eu.verdelhan.tailtest.strategy.FakeStrategy,class,3,9,6,3,13,2,0,3,0,0.33333334,0.0,0.0,6,0,6,0,0,0,6,0,0,0,2,0,0,2,0,0,0,0,4,43,10,0,5,0,4,1,2,7,4,5,1,0,0,0,24,1,0
/mnt/c/Users/User/Downloads/ta4j/ta4j/src/test/java/eu/verdelhan/tailtest/strategy/ResistanceStrategyTest.java,eu.verdelhan.tailtest.strategy.ResistanceStrategyTest,class,8,8,0,8,2,1,0,5,0,0.0,0.0,0.0,2,0,2,0,0,0,2,0,0,0,1,0,0,1,0,0,0,0,0,24,0,0,0,0,0,0,18,7,0,5,0,0,0,0,19,1,0
/mnt/c/Users/User/Downloads/ta4j/ta4j/src/test/java/eu/verdelhan/tailtest/indicator/tracker/EMATest.java,eu.verdelhan.tailtest.indicator.tracker.EMATest,class,8,8,0,8,8,1,0,2,0,0.0,0.0,0.0,7,0,7,0,0,0,7,0,0,0,1,0,0,1,0,0,0,0,0,37,0,1,0,0,0,0,40,9,0,9,1,0,0,0,44,1,0
/mnt/c/Users/User/Downloads/ta4j/ta4j/src/test/java/eu/verdelhan/tailtest/indicator/simple/TradeCountTest.java,eu.verdelhan.tailtest.indicator.simple.TradeCountTest,class,5,5,0,5,4,1,0,4,0,0.16666667,0.0,0.0,3,0,3,0,0,0,3,0,0,0,2,0,0,1,0,1,0,0,0,16,0,1,0,0,0,0,3,3,0,3,1,0,0,0,26,1,0
/mnt/c/Users/User/Downloads/ta4j/ta4j/src/main/java/eu/verdelhan/tailtest/AnalysisCriterion.java,eu.verdelhan.tailtest.AnalysisCriterion,interface,3,9,6,3,3,1,0,0,3,0.0,0.0,0.0,3,0,0,0,0,3,3,0,0,0,0,0,0,0,0,0,0,0,0,5,0,0,0,0,0,0,0,0,0,0,0,0,0,0,20,1,0
/mnt/c/Users/User/Downloads/ta4j/ta4j/src/main/java/eu/verdelhan/tailtest/indicator/oscillator/StochasticOscillatorD.java,eu.verdelhan.tailtest.indicator.oscillator.StochasticOscillatorD,class,3,3,0,3,4,1,0,4,0,0.0,0.0,0.0,4,0,4,0,0,0,4,0,0,0,1,0,0,1,0,0,0,0,0,15,2,0,0,0,0,1,1,2,1,1,0,0,0,0,21,1,0
/mnt/c/Users/User/Downloads/ta4j/ta4j/src/test/java/eu/verdelhan/tailtest/analysis/criteria/AverageProfitCriterionTest.java,eu.verdelhan.tailtest.analysis.criteria.AverageProfitCriterionTest,class,13,13,0,13,7,1,0,8,0,0.21428573,0.0,0.0,7,0,7,0,0,0,7,0,0,0,2,0,0,2,0,0,0,0,3,57,0,0,0,0,0,0,70,20,8,15,0,0,0,0,50,1,0
/mnt/c/Users/User/Downloads/ta4j/ta4j/src/main/java/eu/verdelhan/tailtest/analysis/criteria/LinearTransactionCostsCriterion.java,eu.verdelhan.tailtest.analysis.criteria.LinearTransactionCostsCriterion,class,3,3,0,3,3,2,0,1,0,0.0,0.0,0.0,3,0,3,0,0,0,3,0,0,0,2,0,0,2,0,0,0,0,0,14,2,0,0,0,0,0,0,2,3,2,0,0,0,0,16,1,0
/mnt/c/Users/User/Downloads/ta4j/ta4j/src/main/java/eu/verdelhan/tailtest/indicator/helper/AverageTrueRange.java,eu.verdelhan.tailtest.indicator.helper.AverageTrueRange,class,3,5,2,3,4,2,0,4,0,0.16666667,0.0,0.0,3,0,2,0,1,0,3,0,0,0,2,0,0,2,0,0,2,0,0,15,3,0,1,0,3,1,4,2,7,2,1,0,0,0,18,1,0
/mnt/c/Users/User/Downloads/ta4j/ta4j/src/main/java/eu/verdelhan/tailtest/strategy/MinValueStarterStrategy.java,eu.verdelhan.tailtest.strategy.MinValueStarterStrategy,class,4,5,1,4,19,2,0,9,0,0.2777778,0.0,0.0,6,0,6,0,0,0,6,0,0,0,3,0,0,3,0,0,0,0,4,61,13,0,10,0,10,1,5,10,7,7,2,0,0,0,46,1,0
/mnt/c/Users/User/Downloads/ta4j/ta4j/src/test/java/eu/verdelhan/tailtest/strategy/AndStrategyTest.java,eu.verdelhan.tailtest.strategy.AndStrategyTest,class,5,5,0,5,3,1,0,3,0,0.5714286,0.0,0.0,3,0,3,0,0,0,3,0,0,0,7,0,0,7,0,0,0,0,0,34,0,0,0,0,0,0,23,7,0,7,0,0,0,0,23,1,0
/mnt/c/Users/User/Downloads/ta4j/ta4j/src/main/java/eu/verdelhan/tailtest/flow/CashFlow.java,eu.verdelhan.tailtest.flow.CashFlow,class,4,6,2,4,9,1,0,20,0,0.33333334,0.0,0.0,4,0,3,1,0,0,3,0,0,0,3,0,0,3,0,0,2,0,3,40,2,2,0,0,2,0,6,8,7,7,3,0,0,0,23,1,0
/mnt/c/Users/User/Downloads/ta4j/ta4j/src/main/java/eu/verdelhan/tailtest/TimeSeriesSlicer.java,eu.verdelhan.tailtest.TimeSeriesSlicer,interface,4,19,15,4,10,1,0,0,45,0.0,0.0,0.0,10,0,0,0,0,10,10,0,0,0,0,0,0,0,0,0,0,0,0,12,0,0,0,0,0,0,0,0,0,0,0,0,0,0,21,1,0
/mnt/c/Users/User/Downloads/ta4j/ta4j/src/main/java/eu/verdelhan/tailtest/indicator/simple/MaxPrice.java,eu.verdelhan.tailtest.indicator.simple.MaxPrice,class,3,7,4,3,3,1,0,4,1,0.33333334,0.0,0.0,3,0,3,0,0,0,3,0,0,0,1,0,0,1,0,0,0,0,0,12,2,0,0,0,0,0,0,1,0,1,0,0,0,0,13,1,0
/mnt/c/Users/User/Downloads/ta4j/ta4j/src/test/java/eu/verdelhan/tailtest/indicator/helper/AverageGainTest.java,eu.verdelhan.tailtest.indicator.helper.AverageGainTest,class,7,7,0,7,7,1,0,3,0,0.0,0.0,0.0,7,0,7,0,0,0,7,0,0,0,1,0,0,1,0,0,0,0,0,38,0,0,0,0,0,0,70,7,11,7,0,0,0,0,47,1,0
/mnt/c/Users/User/Downloads/ta4j/ta4j/src/main/java/eu/verdelhan/tailtest/indicator/helper/HighestValue.java,eu.verdelhan.tailtest.indicator.helper.HighestValue,class,2,5,3,2,5,1,0,5,0,0.16666667,0.0,0.0,3,0,3,0,0,0,3,0,0,0,2,0,0,2,0,0,2,0,1,19,2,1,0,0,0,1,3,6,4,5,2,0,0,0,15,1,0
/mnt/c/Users/User/Downloads/ta4j/ta4j/src/main/java/eu/verdelhan/tailtest/analysis/evaluator/DummyDecision.java,eu.verdelhan.tailtest.analysis.evaluator.DummyDecision,class,3,3,0,3,3,2,0,0,1,0.33333334,0.0,0.0,3,0,3,0,0,0,3,0,0,0,1,0,0,1,0,0,0,0,0,13,1,0,0,0,0,0,2,1,0,1,0,0,0,0,9,1,0
/mnt/c/Users/User/Downloads/ta4j/ta4j/src/main/java/eu/verdelhan/tailtest/indicator/simple/OpenPrice.java,eu.verdelhan.tailtest.indicator.simple.OpenPrice,class,3,4,1,3,3,1,0,4,1,0.33333334,0.0,0.0,3,0,3,0,0,0,3,0,0,0,1,0,0,1,0,0,0,0,0,12,2,0,0,0,0,0,0,1,0,1,0,0,0,0,13,1,0
/mnt/c/Users/User/Downloads/ta4j/ta4j/src/main/java/eu/verdelhan/tailtest/indicator/simple/Constant.java,eu.verdelhan.tailtest.indicator.simple.Constant,class,2,4,2,2,3,1,0,2,0,0.0,0.0,0.0,3,0,3,0,0,0,3,0,0,0,1,0,0,1,0,0,0,0,0,12,2,0,0,0,0,1,0,1,1,1,0,0,0,0,11,1,0
/mnt/c/Users/User/Downloads/ta4j/ta4j/src/test/java/eu/verdelhan/tailtest/analysis/criteria/TotalProfitCriterionTest.java,eu.verdelhan.tailtest.analysis.criteria.TotalProfitCriterionTest,class,7,7,0,7,4,1,0,3,6,0.0,0.0,0.0,4,0,4,0,0,0,4,0,0,0,0,0,0,0,0,0,0,0,0,32,0,0,0,0,2,0,45,12,5,12,0,0,0,0,28,1,0
/mnt/c/Users/User/Downloads/ta4j/ta4j/src/test/java/eu/verdelhan/tailtest/indicator/helper/AverageDirectionalMovementUpTest.java,eu.verdelhan.tailtest.indicator.helper.AverageDirectionalMovementUpTest,class,4,4,0,4,1,1,0,3,0,0.0,NaN,NaN,1,0,1,0,0,0,1,0,0,0,0,0,0,0,0,0,0,0,0,17,0,0,0,0,5,0,64,3,33,3,0,0,0,0,18,1,0
/mnt/c/Users/User/Downloads/ta4j/ta4j/src/test/java/eu/verdelhan/tailtest/analysis/criteria/NumberOfTicksCriterionTest.java,eu.verdelhan.tailtest.analysis.criteria.NumberOfTicksCriterionTest,class,12,12,0,12,3,1,0,6,3,0.0,0.0,0.0,3,0,3,0,0,0,3,0,0,0,0,0,0,0,0,0,0,0,0,31,0,0,0,0,0,0,30,14,0,14,0,0,0,0,37,1,0
/mnt/c/Users/User/Downloads/ta4j/ta4j/src/main/java/eu/verdelhan/tailtest/analysis/criteria/VersusBuyAndHoldCriterion.java,eu.verdelhan.tailtest.analysis.criteria.VersusBuyAndHoldCriterion,class,6,7,1,6,4,2,0,10,0,0.25,0.0,0.0,4,0,4,0,0,0,4,0,0,0,1,0,0,1,0,0,0,0,0,21,3,0,0,0,0,1,0,4,1,4,0,0,0,0,21,1,0
/mnt/c/Users/User/Downloads/ta4j/ta4j/src/main/java/eu/verdelhan/tailtest/OperationType.java,eu.verdelhan.tailtest.OperationType$Anonymous1,anonymous,1,1,0,1,1,1,0,0,0,0.0,NaN,NaN,1,0,1,0,0,0,1,0,0,0,0,0,0,0,0,0,0,0,0,5,1,0,0,0,0,0,0,0,0,0,0,0,0,0,6,-1,0
/mnt/c/Users/User/Downloads/ta4j/ta4j/src/test/java/eu/verdelhan/tailtest/indicator/volume/AccumulationDistributionTest.java,eu.verdelhan.tailtest.indicator.volume.AccumulationDistributionTest,class,5,5,0,5,1,1,0,1,0,0.0,NaN,NaN,1,0,1,0,0,0,1,0,0,0,0,0,0,0,0,0,0,0,0,12,0,0,0,0,0,0,45,3,0,3,0,0,0,0,12,1,0
/mnt/c/Users/User/Downloads/ta4j/ta4j/src/main/java/eu/verdelhan/tailtest/OperationType.java,eu.verdelhan.tailtest.OperationType$Anonymous2,anonymous,1,1,0,1,1,1,0,0,0,0.0,NaN,NaN,1,0,1,0,0,0,1,0,0,0,0,0,0,0,0,0,0,0,0,5,1,0,0,0,0,0,0,0,0,0,0,0,0,0,6,-1,0
/mnt/c/Users/User/Downloads/ta4j/ta4j/src/test/java/eu/verdelhan/tailtest/indicator/tracker/AverageDirectionalMovementTest.java,eu.verdelhan.tailtest.indicator.tracker.AverageDirectionalMovementTest,class,4,4,0,4,1,1,0,3,0,0.0,NaN,NaN,1,0,1,0,0,0,1,0,0,0,0,0,0,0,0,0,0,0,0,19,0,0,0,0,16,0,67,9,53,7,0,0,0,0,26,1,0
/mnt/c/Users/User/Downloads/ta4j/ta4j/src/main/java/eu/verdelhan/tailtest/indicator/helper/StandardDeviation.java,eu.verdelhan.tailtest.indicator.helper.StandardDeviation,class,3,5,2,3,4,1,0,8,0,0.22222222,0.0,0.0,3,0,3,0,0,0,3,0,0,0,3,0,0,3,0,0,0,0,3,21,2,1,0,0,0,1,4,7,4,6,1,0,0,0,20,1,0
/mnt/c/Users/User/Downloads/ta4j/ta4j/src/test/java/eu/verdelhan/tailtest/indicator/helper/AverageLossTest.java,eu.verdelhan.tailtest.indicator.helper.AverageLossTest,class,7,7,0,7,7,1,0,3,0,0.0,0.0,0.0,7,0,7,0,0,0,7,0,0,0,1,0,0,1,0,0,0,0,0,38,0,0,0,0,0,0,70,7,11,7,0,0,0,0,45,1,0
/mnt/c/Users/User/Downloads/ta4j/ta4j/src/main/java/eu/verdelhan/tailtest/indicator/simple/MinPrice.java,eu.verdelhan.tailtest.indicator.simple.MinPrice,class,3,7,4,3,3,1,0,4,1,0.33333334,0.0,0.0,3,0,3,0,0,0,3,0,0,0,1,0,0,1,0,0,0,0,0,12,2,0,0,0,0,0,0,1,0,1,0,0,0,0,13,1,0
/mnt/c/Users/User/Downloads/ta4j/ta4j/src/main/java/eu/verdelhan/tailtest/strategy/CombinedBuyAndSellStrategy.java,eu.verdelhan.tailtest.strategy.CombinedBuyAndSellStrategy,class,3,5,2,3,17,2,0,6,0,0.16666667,0.0,0.0,6,0,6,0,0,0,6,0,0,0,2,0,0,2,0,0,0,0,1,53,12,0,9,0,6,1,4,7,4,5,2,0,0,0,30,1,0
/mnt/c/Users/User/Downloads/ta4j/ta4j/src/main/java/eu/verdelhan/tailtest/indicator/tracker/ParabolicSar.java,eu.verdelhan.tailtest.indicator.tracker.ParabolicSar,class,7,7,0,7,19,2,0,14,0,0.38888887,0.0,0.0,3,0,2,0,1,0,3,0,0,0,6,0,0,6,0,0,4,0,2,71,3,0,13,0,0,1,33,35,13,18,3,0,0,0,30,1,0
/mnt/c/Users/User/Downloads/ta4j/ta4j/src/test/java/eu/verdelhan/tailtest/indicator/helper/AverageTrueRangeTest.java,eu.verdelhan.tailtest.indicator.helper.AverageTrueRangeTest,class,4,4,0,4,1,1,0,3,0,0.0,NaN,NaN,1,0,1,0,0,0,1,0,0,0,0,0,0,0,0,0,0,0,0,16,0,0,0,0,6,0,67,2,36,2,0,0,0,0,21,1,0
/mnt/c/Users/User/Downloads/ta4j/ta4j/src/test/java/eu/verdelhan/tailtest/indicator/tracker/WilliamsRTest.java,eu.verdelhan.tailtest.indicator.tracker.WilliamsRTest,class,9,9,0,9,6,1,0,3,0,0.0,0.0,0.0,6,0,6,0,0,0,6,0,0,0,1,0,0,1,0,0,0,0,0,53,0,0,0,0,4,0,117,7,8,7,0,0,0,0,40,1,0
/mnt/c/Users/User/Downloads/ta4j/ta4j/src/test/java/eu/verdelhan/tailtest/TradeTest.java,eu.verdelhan.tailtest.TradeTest,class,4,4,0,4,15,1,0,12,18,0.6666667,0.0,0.0,13,0,13,0,0,0,13,0,0,0,1,0,0,1,0,0,0,0,0,82,0,0,2,0,0,1,25,12,0,12,0,0,0,0,51,1,0
/mnt/c/Users/User/Downloads/ta4j/ta4j/src/test/java/eu/verdelhan/tailtest/strategy/StopLossStrategyTest.java,eu.verdelhan.tailtest.strategy.StopLossStrategyTest,class,9,9,0,9,3,1,0,7,0,0.0,0.0,0.0,3,0,3,0,0,0,3,0,0,0,1,0,0,1,0,0,0,0,0,36,0,0,0,0,0,0,23,13,0,13,0,0,0,0,32,1,0
/mnt/c/Users/User/Downloads/ta4j/ta4j/src/main/java/eu/verdelhan/tailtest/strategy/StopGainStrategy.java,eu.verdelhan.tailtest.strategy.StopGainStrategy,class,4,5,1,4,21,2,0,10,0,0.16666667,0.0,0.0,6,0,6,0,0,0,6,0,0,0,4,0,0,4,0,0,0,0,7,74,16,0,11,0,15,2,7,13,14,8,2,0,0,0,57,1,0
