file,class,type,cbo,cboModified,fanin,fanout,wmc,dit,noc,rfc,lcom,lcom*,tcc,lcc,totalMethodsQty,staticMethodsQty,publicMethodsQty,privateMethodsQty,protectedMethodsQty,defaultMethodsQty,visibleMethodsQty,abstractMethodsQty,finalMethodsQty,synchronizedMethodsQty,totalFieldsQty,staticFieldsQty,publicFieldsQty,privateFieldsQty,protectedFieldsQty,defaultFieldsQty,finalFieldsQty,synchronizedFieldsQty,nosi,loc,returnQty,loopQty,comparisonsQty,tryCatchQty,parenthesizedExpsQty,stringLiteralsQty,numbersQty,assignmentsQty,mathOperationsQty,variablesQty,maxNestedBlocksQty,anonymousClassesQty,innerClassesQty,lambdasQty,uniqueWordsQty,modifiers,logStatementsQty
/mnt/c/Users/User/Downloads/maven-android-plugin/maven-android-plugin/src/main/java/com/jayway/maven/plugins/android/phase10preintegrationtest/InternalPreIntegrationTestMojo.java,com.jayway.maven.plugins.android.phase10preintegrationtest.InternalPreIntegrationTestMojo,class,1,1,0,1,2,4,0,3,0,0.0,NaN,NaN,1,0,1,0,0,0,1,0,0,0,0,0,0,0,0,0,0,0,0,8,0,0,0,0,0,0,0,0,0,0,1,0,0,0,39,1,0
/mnt/c/Users/User/Downloads/maven-android-plugin/maven-android-plugin/src/main/java/com/jayway/maven/plugins/android/Sdk.java,com.jayway.maven.plugins.android.Sdk,class,0,1,1,0,2,1,0,0,1,0.5,0.0,0.0,2,0,2,0,0,0,2,0,0,0,2,0,0,2,0,0,0,0,0,10,2,0,0,0,0,0,0,0,0,2,0,0,0,0,51,1,0
/mnt/c/Users/User/Downloads/maven-android-plugin/maven-android-plugin/src/main/java/com/jayway/maven/plugins/android/standalonemojos/DeployDependenciesMojo.java,com.jayway.maven.plugins.android.standalonemojos.DeployDependenciesMojo,class,1,1,0,1,1,4,0,1,0,0.0,NaN,NaN,1,0,1,0,0,0,1,0,0,0,0,0,0,0,0,0,0,0,0,5,0,0,0,0,0,0,0,0,0,0,0,0,0,0,45,1,0
/mnt/c/Users/User/Downloads/maven-android-plugin/maven-android-plugin/src/main/java/com/jayway/maven/plugins/android/AndroidSdk.java,com.jayway.maven.plugins.android.AndroidSdk$Anonymous1,anonymous,0,0,0,0,1,1,0,1,0,0.0,NaN,NaN,0,0,0,0,0,0,1,0,0,0,0,0,0,0,0,0,0,0,0,17,0,0,0,0,0,13,0,0,0,0,0,0,0,0,1,-1,0
/mnt/c/Users/User/Downloads/maven-android-plugin/maven-android-plugin/src/main/java/com/jayway/maven/plugins/android/Emulator.java,com.jayway.maven.plugins.android.Emulator,class,0,1,1,0,3,1,0,0,3,0.6666667,0.0,0.0,3,0,3,0,0,0,3,0,0,0,3,0,0,3,0,0,0,0,0,14,3,0,0,0,0,0,0,0,0,3,0,0,0,0,56,1,0
/mnt/c/Users/User/Downloads/maven-android-plugin/maven-android-plugin/src/main/java/com/jayway/maven/plugins/android/standalonemojos/AbstractInstrumentationMojo.java,com.jayway.maven.plugins.android.standalonemojos.AbstractInstrumentationMojo,class,6,8,2,6,9,4,2,19,0,0.0,NaN,NaN,1,0,0,0,1,0,1,0,0,0,2,0,0,2,0,0,0,0,1,48,0,0,3,1,0,16,0,6,2,6,2,0,0,0,50,1025,5
/mnt/c/Users/User/Downloads/maven-android-plugin/maven-android-plugin/src/main/java/com/jayway/maven/plugins/android/CommandExecutor.java,com.jayway.maven.plugins.android.CommandExecutor$Factory$1$StreamConsumerImpl,innerclass,2,2,0,2,4,1,0,3,0,0.33333334,0.0,0.0,3,0,3,0,0,0,3,0,0,0,2,0,0,2,0,0,0,0,0,16,1,0,1,0,0,0,0,2,0,2,1,0,0,0,22,0,0
/mnt/c/Users/User/Downloads/maven-android-plugin/maven-android-plugin/src/main/java/com/jayway/maven/plugins/android/AndroidSigner.java,com.jayway.maven.plugins.android.AndroidSigner$Debug,enum,0,0,0,0,0,1,0,0,0,0.0,-1.0,-1.0,0,0,0,0,0,0,0,0,0,0,0,0,0,0,0,0,0,0,0,1,0,0,0,0,0,0,0,0,0,0,0,0,0,0,6,1,0
/mnt/c/Users/User/Downloads/maven-android-plugin/maven-android-plugin/src/main/java/com/jayway/maven/plugins/android/standalonemojos/EmulatorStopMojo.java,com.jayway.maven.plugins.android.standalonemojos.EmulatorStopMojo,class,1,1,0,1,1,4,0,1,0,0.0,NaN,NaN,1,0,1,0,0,0,1,0,0,0,0,0,0,0,0,0,0,0,0,5,0,0,0,0,0,0,0,0,0,0,0,0,0,0,22,1,0
/mnt/c/Users/User/Downloads/maven-android-plugin/maven-android-plugin/src/test/java/com/jayway/maven/plugins/android/AbstractAndroidMojoTest.java,com.jayway.maven.plugins.android.AbstractAndroidMojoTest,class,7,7,0,7,8,5,0,20,0,0.0,0.0,0.0,8,0,8,0,0,0,8,0,0,0,1,0,0,0,1,0,0,0,0,64,0,0,0,0,0,15,0,25,0,24,0,0,2,0,53,1,0
/mnt/c/Users/User/Downloads/maven-android-plugin/maven-android-plugin/src/test/java/com/jayway/maven/plugins/android/asm/AndroidTestFinderTest.java,com.jayway.maven.plugins.android.asm.AndroidTestFinderTest,class,2,2,0,2,2,1,0,3,1,0.0,0.0,0.0,2,0,2,0,0,0,2,0,0,0,0,0,0,0,0,0,0,0,2,10,0,0,0,0,0,4,0,2,0,2,0,0,0,0,31,1,0
/mnt/c/Users/User/Downloads/maven-android-plugin/maven-android-plugin/src/main/java/com/jayway/maven/plugins/android/asm/DecendantFinder.java,com.jayway.maven.plugins.android.asm.DecendantFinder,class,6,8,2,6,14,1,0,4,58,0.7916666,0.0,0.0,12,0,11,1,0,0,11,0,0,0,2,0,0,2,0,0,2,0,0,39,4,1,0,0,0,0,0,2,0,2,2,0,0,0,67,0,0
/mnt/c/Users/User/Downloads/maven-android-plugin/maven-android-plugin/src/main/java/com/jayway/maven/plugins/android/standalonemojos/DeployMojo.java,com.jayway.maven.plugins.android.standalonemojos.DeployMojo,class,1,1,0,1,2,4,0,2,0,0.0,NaN,NaN,1,0,1,0,0,0,1,0,0,0,1,0,0,1,0,0,0,0,0,11,0,0,1,0,0,0,0,0,0,1,1,0,0,0,48,1,0
/mnt/c/Users/User/Downloads/maven-android-plugin/maven-android-plugin/src/main/java/com/jayway/maven/plugins/android/standalonemojos/EmulatorStartMojo.java,com.jayway.maven.plugins.android.standalonemojos.EmulatorStartMojo,class,1,1,0,1,1,4,0,1,0,0.0,NaN,NaN,1,0,1,0,0,0,1,0,0,0,0,0,0,0,0,0,0,0,0,5,0,0,0,0,0,0,0,0,0,0,0,0,0,0,22,1,0
/mnt/c/Users/User/Downloads/maven-android-plugin/maven-android-plugin/src/main/java/com/jayway/maven/plugins/android/ExecutionException.java,com.jayway.maven.plugins.android.ExecutionException,class,0,1,1,0,4,3,0,0,6,1.0,0.0,0.0,4,0,4,0,0,0,4,0,0,0,1,1,0,0,0,1,1,0,0,15,0,0,0,0,0,0,1,1,0,1,0,0,0,0,22,1,0
/mnt/c/Users/User/Downloads/maven-android-plugin/maven-android-plugin/src/main/java/com/jayway/maven/plugins/android/standalonemojos/ZipalignMojo.java,com.jayway.maven.plugins.android.standalonemojos.ZipalignMojo,class,1,1,0,1,1,4,0,1,0,0.0,NaN,NaN,1,0,1,0,0,0,1,0,0,0,0,0,0,0,0,0,0,0,0,5,0,0,0,0,0,0,0,0,0,0,0,0,0,0,15,1,0
/mnt/c/Users/User/Downloads/maven-android-plugin/maven-android-plugin/src/main/java/com/jayway/maven/plugins/android/phase01generatesources/GenerateSourcesMojo.java,com.jayway.maven.plugins.android.phase01generatesources.GenerateSourcesMojo$Anonymous2,anonymous,2,2,0,2,1,1,0,0,0,0.0,NaN,NaN,1,0,0,0,1,0,1,0,0,0,0,0,0,0,0,0,0,0,0,5,1,0,0,0,0,1,0,0,0,0,0,0,0,0,3,-1,0
/mnt/c/Users/User/Downloads/maven-android-plugin/maven-android-plugin/src/main/java/com/jayway/maven/plugins/android/CommandExecutor.java,com.jayway.maven.plugins.android.CommandExecutor$Factory$Anonymous1,anonymous,5,5,0,5,17,1,0,17,22,0.7592593,0.0,0.0,9,0,9,0,0,0,9,0,0,0,6,0,0,5,0,1,0,0,0,100,4,0,4,1,1,8,1,7,4,6,2,0,2,0,43,-1,1
/mnt/c/Users/User/Downloads/maven-android-plugin/maven-android-plugin/src/main/java/com/jayway/maven/plugins/android/asm/AndroidTestFinder.java,com.jayway.maven.plugins.android.asm.AndroidTestFinder$Anonymous1,anonymous,0,0,0,0,4,1,0,1,6,0.0,0.0,0.0,4,0,4,0,0,0,4,0,0,0,0,0,0,0,0,0,0,0,0,11,0,0,0,0,0,0,0,0,0,0,0,0,0,0,10,-1,0
/mnt/c/Users/User/Downloads/maven-android-plugin/maven-android-plugin/src/main/java/com/jayway/maven/plugins/android/phase01generatesources/GenerateSourcesMojo.java,com.jayway.maven.plugins.android.phase01generatesources.GenerateSourcesMojo$Anonymous1,anonymous,0,0,0,0,1,1,0,2,0,0.0,NaN,NaN,0,0,0,0,0,0,1,0,0,0,0,0,0,0,0,0,0,0,2,6,0,0,0,0,0,0,0,0,0,0,0,0,0,0,7,-1,0
/mnt/c/Users/User/Downloads/maven-android-plugin/maven-android-plugin/src/main/java/com/jayway/maven/plugins/android/standalonemojos/PullMojo.java,com.jayway.maven.plugins.android.standalonemojos.PullMojo,class,4,4,0,4,5,2,0,10,0,0.0,NaN,NaN,1,0,1,0,0,0,1,0,0,0,3,0,0,2,1,0,0,0,1,32,0,0,0,1,0,9,0,2,1,5,2,0,0,0,45,1,1
/mnt/c/Users/User/Downloads/maven-android-plugin/maven-android-plugin/src/main/java/com/jayway/maven/plugins/android/phase04processclasses/DexMojo.java,com.jayway.maven.plugins.android.phase04processclasses.DexMojo,class,9,10,1,9,35,3,0,52,36,0.8888889,0.0,0.0,9,0,1,3,5,0,6,0,0,0,1,0,0,1,0,0,0,0,1,146,3,4,4,7,0,31,1,20,10,18,4,0,0,0,102,1,1
/mnt/c/Users/User/Downloads/maven-android-plugin/maven-android-plugin/src/main/java/com/jayway/maven/plugins/android/Zipalign.java,com.jayway.maven.plugins.android.Zipalign,class,0,1,1,0,4,1,0,0,6,0.75,0.0,0.0,4,0,4,0,0,0,4,0,0,0,4,0,0,4,0,0,0,0,0,18,4,0,0,0,0,0,0,0,0,4,0,0,0,0,56,1,0
/mnt/c/Users/User/Downloads/maven-android-plugin/maven-android-plugin/src/test/java/com/jayway/maven/plugins/android/asm/withtests/TestClassB.java,com.jayway.maven.plugins.android.asm.withtests.TestClassB,class,1,1,0,1,1,2,0,1,0,0.0,NaN,NaN,1,0,1,0,0,0,1,0,0,0,0,0,0,0,0,0,0,0,0,5,0,0,0,0,0,0,0,0,0,0,0,0,0,0,17,1,0
/mnt/c/Users/User/Downloads/maven-android-plugin/maven-android-plugin/src/test/java/com/jayway/maven/plugins/android/asm/withtests/TestClassA.java,com.jayway.maven.plugins.android.asm.withtests.TestClassA,class,1,1,0,1,1,2,0,1,0,0.0,NaN,NaN,1,0,1,0,0,0,1,0,0,0,0,0,0,0,0,0,0,0,0,5,0,0,0,0,0,0,0,0,0,0,0,0,0,0,16,1,0
/mnt/c/Users/User/Downloads/maven-android-plugin/maven-android-plugin/src/main/java/com/jayway/maven/plugins/android/AndroidSigner.java,com.jayway.maven.plugins.android.AndroidSigner,class,1,2,1,1,8,1,0,2,0,0.0,0.0,0.0,3,0,3,0,0,0,3,0,0,0,1,0,0,1,0,0,1,0,1,30,3,0,4,1,0,3,0,2,0,1,1,0,1,0,33,1,0
/mnt/c/Users/User/Downloads/maven-android-plugin/maven-android-plugin/src/main/java/com/jayway/maven/plugins/android/standalonemojos/PushMojo.java,com.jayway.maven.plugins.android.standalonemojos.PushMojo,class,4,4,0,4,5,2,0,10,0,0.0,NaN,NaN,1,0,1,0,0,0,1,0,0,0,3,0,0,2,1,0,0,0,1,32,0,0,0,1,0,9,0,2,1,5,2,0,0,0,44,1,1
/mnt/c/Users/User/Downloads/maven-android-plugin/maven-android-plugin/src/main/java/com/jayway/maven/plugins/android/asm/AndroidTestFinder.java,com.jayway.maven.plugins.android.asm.AndroidTestFinder,class,6,9,3,6,6,1,0,10,1,0.5,NaN,NaN,2,2,1,1,0,0,1,0,0,0,1,1,0,1,0,0,1,0,1,47,2,1,1,1,0,6,0,8,1,7,2,1,0,0,69,1,0
/mnt/c/Users/User/Downloads/maven-android-plugin/maven-android-plugin/src/main/java/com/jayway/maven/plugins/android/phase08package/ApkMojo.java,com.jayway.maven.plugins.android.phase08package.ApkMojo,class,8,9,1,8,26,3,0,28,3,0.6666667,0.0,0.0,3,0,1,1,1,0,2,0,0,0,3,0,0,3,0,0,0,0,2,123,3,2,5,4,0,33,1,9,6,11,2,0,0,0,141,1,4
/mnt/c/Users/User/Downloads/maven-android-plugin/maven-android-plugin/src/main/java/com/jayway/maven/plugins/android/AbstractAndroidMojo.java,com.jayway.maven.plugins.android.AbstractAndroidMojo,class,19,31,12,19,46,2,11,55,145,0.9739584,0.0,0.0,18,0,0,2,16,0,16,0,0,0,32,3,1,7,24,0,3,0,5,270,21,3,8,6,0,46,6,44,12,65,3,0,0,0,419,1025,11
/mnt/c/Users/User/Downloads/maven-android-plugin/maven-android-plugin/src/main/java/com/jayway/maven/plugins/android/phase01generatesources/GenerateSourcesMojo.java,com.jayway.maven.plugins.android.phase01generatesources.GenerateSourcesMojo,class,9,10,1,9,47,3,0,57,45,0.9,0.0,0.0,10,0,1,8,1,0,2,0,0,0,1,0,0,0,1,0,0,0,2,224,2,5,4,8,0,60,6,29,19,27,6,2,0,0,170,1,12
/mnt/c/Users/User/Downloads/maven-android-plugin/maven-android-plugin/src/main/java/com/jayway/maven/plugins/android/standalonemojos/UndeployMojo.java,com.jayway.maven.plugins.android.standalonemojos.UndeployMojo,class,1,1,0,1,6,3,0,4,0,0.0,0.0,0.0,2,0,2,0,0,0,2,0,0,0,2,0,0,2,0,0,0,0,0,22,0,0,2,0,0,2,0,3,0,3,2,0,0,0,45,1,0
/mnt/c/Users/User/Downloads/maven-android-plugin/maven-android-plugin/src/main/java/com/jayway/maven/plugins/android/standalonemojos/InstrumentMojo.java,com.jayway.maven.plugins.android.standalonemojos.InstrumentMojo,class,1,1,0,1,1,5,0,1,0,0.0,NaN,NaN,1,0,1,0,0,0,1,0,0,0,0,0,0,0,0,0,0,0,0,5,0,0,0,0,0,0,0,0,0,0,0,0,0,0,13,1,0
/mnt/c/Users/User/Downloads/maven-android-plugin/maven-android-plugin/src/main/java/com/jayway/maven/plugins/android/CommandExecutor.java,com.jayway.maven.plugins.android.CommandExecutor,interface,1,11,10,1,8,1,0,0,28,0.0,0.0,0.0,8,0,0,0,0,8,8,0,0,0,0,0,0,0,0,0,0,0,0,117,0,0,0,0,0,0,0,0,0,0,0,0,1,0,87,1,0
/mnt/c/Users/User/Downloads/maven-android-plugin/maven-android-plugin/src/test/java/com/jayway/maven/plugins/android/AbstractAndroidMojoTest.java,com.jayway.maven.plugins.android.AbstractAndroidMojoTest$DefaultTestAndroidMojo,innerclass,3,3,0,3,2,3,0,1,1,0.0,0.0,0.0,2,0,1,0,1,0,2,0,0,0,0,0,0,0,0,0,0,0,0,7,1,0,0,0,0,0,0,0,0,0,0,0,0,0,11,2,0
/mnt/c/Users/User/Downloads/maven-android-plugin/maven-android-plugin/src/test/java/com/jayway/maven/plugins/android/AbstractAndroidMojoTest.java,com.jayway.maven.plugins.android.AbstractAndroidMojoTest$EmptyAndroidMojo,innerclass,1,1,0,1,1,3,0,0,0,0.0,NaN,NaN,1,0,1,0,0,0,1,0,0,0,0,0,0,0,0,0,0,0,0,4,0,0,0,0,0,0,0,0,0,0,0,0,0,0,7,2,0
/mnt/c/Users/User/Downloads/maven-android-plugin/maven-android-plugin/src/main/java/com/jayway/maven/plugins/android/CommandExecutor.java,com.jayway.maven.plugins.android.CommandExecutor$Factory,innerclass,2,2,0,2,2,1,0,0,1,0.0,NaN,NaN,2,1,1,1,0,0,1,0,0,0,0,0,0,0,0,0,0,0,0,107,1,0,0,0,0,0,0,0,0,0,0,1,0,0,18,9,0
/mnt/c/Users/User/Downloads/maven-android-plugin/maven-android-plugin/src/main/java/com/jayway/maven/plugins/android/CommandExecutor.java,com.jayway.maven.plugins.android.CommandExecutor$Factory$1$ErrorStreamConsumer,innerclass,1,1,0,1,6,1,0,4,0,0.375,0.0,0.0,4,0,4,0,0,0,4,0,0,0,2,0,0,2,0,0,0,0,0,23,2,0,2,0,0,1,0,3,0,2,1,0,0,0,57,0,1
/mnt/c/Users/User/Downloads/maven-android-plugin/maven-android-plugin/src/test/java/com/jayway/maven/plugins/android/SdkTestSupport.java,com.jayway.maven.plugins.android.SdkTestSupport,class,1,4,3,1,4,1,0,2,0,0.5,0.0,0.0,4,0,4,0,0,0,4,0,0,0,3,0,0,3,0,0,3,0,1,19,3,0,0,0,0,3,0,3,0,3,0,0,0,0,37,1,0
/mnt/c/Users/User/Downloads/maven-android-plugin/maven-android-plugin/src/main/java/com/jayway/maven/plugins/android/AndroidSdk.java,com.jayway.maven.plugins.android.AndroidSdk$Platform,innerclass,0,0,0,0,1,1,0,0,0,0.0,NaN,NaN,1,0,1,0,0,0,1,0,0,0,3,0,0,0,0,3,0,0,0,11,0,0,0,0,0,0,0,3,0,3,0,0,0,0,5,26,0
/mnt/c/Users/User/Downloads/maven-android-plugin/maven-android-plugin/src/test/java/com/jayway/maven/plugins/android/AndroidSdkTest.java,com.jayway.maven.plugins.android.AndroidSdkTest,class,5,5,0,5,12,1,0,12,0,0.083333336,0.0,0.0,12,0,12,0,0,0,12,0,0,0,1,0,0,1,0,0,0,0,1,64,0,0,0,0,0,32,0,29,5,29,0,0,0,0,81,1,0
/mnt/c/Users/User/Downloads/maven-android-plugin/maven-android-plugin/src/main/java/com/jayway/maven/plugins/android/AbstractIntegrationtestMojo.java,com.jayway.maven.plugins.android.AbstractIntegrationtestMojo,class,4,9,5,4,14,3,4,14,6,0.75,0.0,0.0,4,0,0,0,4,0,4,0,0,0,2,0,0,2,0,0,0,0,1,50,5,1,2,0,0,12,0,4,4,6,4,0,0,0,107,1025,3
/mnt/c/Users/User/Downloads/maven-android-plugin/maven-android-plugin/src/main/java/com/jayway/maven/plugins/android/phase11integrationtest/InternalIntegrationTestMojo.java,com.jayway.maven.plugins.android.phase11integrationtest.InternalIntegrationTestMojo,class,2,2,0,2,2,5,0,2,0,0.0,NaN,NaN,1,0,1,0,0,0,1,0,0,0,0,0,0,0,0,0,0,0,0,7,0,0,0,0,0,0,0,0,0,0,1,0,0,0,34,1,0
/mnt/c/Users/User/Downloads/maven-android-plugin/maven-android-plugin/src/test/java/com/jayway/maven/plugins/android/asm/withouttests/NoTestClassB.java,com.jayway.maven.plugins.android.asm.withouttests.NoTestClassB,class,0,0,0,0,0,1,0,0,0,0.0,-1.0,-1.0,0,0,0,0,0,0,0,0,0,0,0,0,0,0,0,0,0,0,0,2,0,0,0,0,0,0,0,0,0,0,0,0,0,0,10,1,0
/mnt/c/Users/User/Downloads/maven-android-plugin/maven-android-plugin/src/main/java/com/jayway/maven/plugins/android/Sign.java,com.jayway.maven.plugins.android.Sign,class,0,1,1,0,1,1,0,0,0,0.0,NaN,NaN,1,0,1,0,0,0,1,0,0,0,1,0,0,1,0,0,0,0,0,6,1,0,0,0,0,0,0,0,0,1,0,0,0,0,46,1,0
/mnt/c/Users/User/Downloads/maven-android-plugin/maven-android-plugin/src/test/java/com/jayway/maven/plugins/android/asm/withouttests/NoTestClassA.java,com.jayway.maven.plugins.android.asm.withouttests.NoTestClassA,class,0,0,0,0,0,1,0,0,0,0.0,-1.0,-1.0,0,0,0,0,0,0,0,0,0,0,0,0,0,0,0,0,0,0,0,2,0,0,0,0,0,0,0,0,0,0,0,0,0,0,9,1,0
/mnt/c/Users/User/Downloads/maven-android-plugin/maven-android-plugin/src/main/java/com/jayway/maven/plugins/android/AndroidSdk.java,com.jayway.maven.plugins.android.AndroidSdk$Layout,enum,0,0,0,0,0,1,0,0,0,0.0,-1.0,-1.0,0,0,0,0,0,0,0,0,0,0,0,0,0,0,0,0,0,0,0,1,0,0,0,0,0,0,0,0,0,0,0,0,0,0,10,1,0
/mnt/c/Users/User/Downloads/maven-android-plugin/maven-android-plugin/src/main/java/com/jayway/maven/plugins/android/InvalidSdkException.java,com.jayway.maven.plugins.android.InvalidSdkException,class,0,2,2,0,1,4,0,0,0,0.0,NaN,NaN,1,0,1,0,0,0,1,0,0,0,0,0,0,0,0,0,0,0,0,5,0,0,0,0,0,0,0,0,0,0,0,0,0,0,11,1,0
/mnt/c/Users/User/Downloads/maven-android-plugin/maven-android-plugin/src/main/java/com/jayway/maven/plugins/android/AbstractZipalignMojo.java,com.jayway.maven.plugins.android.AbstractZipalignMojo,class,7,9,2,7,22,3,1,24,26,0.8181818,NaN,NaN,8,0,0,7,1,0,1,0,0,0,11,0,0,11,0,0,0,0,1,133,6,0,11,1,0,17,0,27,10,20,2,0,0,0,117,1025,12
/mnt/c/Users/User/Downloads/maven-android-plugin/maven-android-plugin/src/main/java/com/jayway/maven/plugins/android/AndroidSdk.java,com.jayway.maven.plugins.android.AndroidSdk,class,5,17,12,5,40,1,0,23,22,0.78632474,0.0,0.0,13,0,9,4,0,0,9,0,0,0,9,6,0,9,0,0,8,0,1,167,18,3,11,1,0,31,1,23,16,22,2,1,2,0,167,1,0
/mnt/c/Users/User/Downloads/maven-android-plugin/maven-android-plugin/src/main/java/com/jayway/maven/plugins/android/AbstractEmulatorMojo.java,com.jayway.maven.plugins.android.AbstractEmulatorMojo,class,7,10,3,7,30,3,2,45,54,0.8615386,0.0,0.0,13,0,0,11,2,0,2,0,0,0,15,8,1,14,0,0,8,0,6,200,8,0,7,2,0,38,0,51,17,42,2,0,0,0,203,1025,7
