file,class,type,cbo,cboModified,fanin,fanout,wmc,dit,noc,rfc,lcom,lcom*,tcc,lcc,totalMethodsQty,staticMethodsQty,publicMethodsQty,privateMethodsQty,protectedMethodsQty,defaultMethodsQty,visibleMethodsQty,abstractMethodsQty,finalMethodsQty,synchronizedMethodsQty,totalFieldsQty,staticFieldsQty,publicFieldsQty,privateFieldsQty,protectedFieldsQty,defaultFieldsQty,finalFieldsQty,synchronizedFieldsQty,nosi,loc,returnQty,loopQty,comparisonsQty,tryCatchQty,parenthesizedExpsQty,stringLiteralsQty,numbersQty,assignmentsQty,mathOperationsQty,variablesQty,maxNestedBlocksQty,anonymousClassesQty,innerClassesQty,lambdasQty,uniqueWordsQty,modifiers,logStatementsQty
/mnt/c/Users/User/Downloads/ta4j/ta4j/ta4j/src/test/java/eu/verdelhan/ta4j/indicators/candles/ThreeWhiteSoldiersIndicatorTest.java,eu.verdelhan.ta4j.indicators.candles.ThreeWhiteSoldiersIndicatorTest,class,7,7,0,7,2,1,0,5,0,0.0,0.0,0.0,2,0,2,0,0,0,2,0,0,0,1,0,0,1,0,0,0,0,0,26,0,0,0,0,0,1,41,3,0,3,0,0,0,0,19,1,0
/mnt/c/Users/User/Downloads/ta4j/ta4j/ta4j/src/test/java/eu/verdelhan/ta4j/indicators/statistics/CovarianceIndicatorTest.java,eu.verdelhan.ta4j.indicators.statistics.CovarianceIndicatorTest,class,10,10,0,10,4,1,0,4,0,0.25,0.0,0.0,4,0,4,0,0,0,4,0,0,0,2,0,0,2,0,0,0,0,23,62,0,0,0,0,0,0,90,7,0,7,0,0,0,0,33,1,0
/mnt/c/Users/User/Downloads/ta4j/ta4j/ta4j/src/test/java/eu/verdelhan/ta4j/indicators/simple/PreviousPriceIndicatorTest.java,eu.verdelhan.ta4j.indicators.simple.PreviousPriceIndicatorTest,class,5,5,0,5,3,1,0,4,0,0.0,0.0,0.0,2,0,2,0,0,0,2,0,0,0,2,0,0,1,0,1,0,0,0,14,0,1,0,0,0,0,5,3,1,3,1,0,0,0,18,1,0
/mnt/c/Users/User/Downloads/ta4j/ta4j/ta4j-examples/src/main/java/ta4jexamples/indicators/CandlestickChart.java,ta4jexamples.indicators.CandlestickChart,class,18,19,1,18,6,1,0,38,6,0.0,NaN,NaN,4,4,1,3,0,0,1,0,0,0,0,0,0,0,0,0,0,0,4,66,2,2,0,0,0,6,8,32,0,26,1,0,0,0,83,1,0
/mnt/c/Users/User/Downloads/ta4j/ta4j/ta4j-examples/src/main/java/ta4jexamples/indicators/IndicatorsToChart.java,ta4jexamples.indicators.IndicatorsToChart,class,18,19,1,18,4,1,0,22,3,0.0,NaN,NaN,3,3,1,2,0,0,1,0,0,0,0,0,0,0,0,0,0,0,5,37,1,1,0,0,0,8,3,14,0,14,1,0,0,0,80,1,0
/mnt/c/Users/User/Downloads/ta4j/ta4j/ta4j/src/main/java/eu/verdelhan/ta4j/indicators/oscillators/AroonUpIndicator.java,eu.verdelhan.ta4j.indicators.oscillators.AroonUpIndicator,class,5,5,0,5,4,3,0,6,0,0.0,0.0,0.0,2,0,1,0,1,0,2,0,0,0,3,0,0,3,0,0,3,0,3,23,1,1,0,0,0,0,2,7,3,7,2,0,0,0,24,1,0
/mnt/c/Users/User/Downloads/ta4j/ta4j/ta4j/src/main/java/eu/verdelhan/ta4j/Indicator.java,eu.verdelhan.ta4j.Indicator,interface,2,45,43,2,2,1,0,0,1,0.0,0.0,0.0,2,0,0,0,0,2,2,0,0,0,0,0,0,0,0,0,0,0,0,4,0,0,0,0,0,0,0,0,0,0,0,0,0,0,24,1,0
/mnt/c/Users/User/Downloads/ta4j/ta4j/ta4j/src/main/java/eu/verdelhan/ta4j/indicators/trackers/ichimoku/IchimokuSenkouSpanBIndicator.java,eu.verdelhan.ta4j.indicators.trackers.ichimoku.IchimokuSenkouSpanBIndicator,class,2,2,0,2,2,2,0,0,1,0.0,0.0,0.0,2,0,2,0,0,0,2,0,0,0,0,0,0,0,0,0,0,0,0,8,0,0,0,0,0,0,1,0,0,0,0,0,0,0,18,1,0
/mnt/c/Users/User/Downloads/ta4j/ta4j/ta4j/src/main/java/eu/verdelhan/ta4j/indicators/candles/ThreeBlackCrowsIndicator.java,eu.verdelhan.ta4j.indicators.candles.ThreeBlackCrowsIndicator,class,7,8,1,7,8,3,0,15,0,0.52,0.0,0.0,5,0,1,3,1,0,2,0,0,0,5,0,0,5,0,0,4,0,0,48,7,0,0,0,0,0,7,16,5,15,2,0,0,0,60,1,0
/mnt/c/Users/User/Downloads/ta4j/ta4j/ta4j/src/main/java/eu/verdelhan/ta4j/indicators/statistics/SimpleLinearRegressionIndicator.java,eu.verdelhan.ta4j.indicators.statistics.SimpleLinearRegressionIndicator,class,4,5,1,4,6,3,0,8,0,0.33333334,0.0,0.0,3,0,1,1,1,0,2,0,0,0,4,0,0,4,0,0,0,0,5,41,2,2,0,0,0,0,5,21,6,17,1,0,0,0,45,1,0
/mnt/c/Users/User/Downloads/ta4j/ta4j/ta4j/src/test/java/eu/verdelhan/ta4j/indicators/simple/MinPriceIndicatorTest.java,eu.verdelhan.ta4j.indicators.simple.MinPriceIndicatorTest,class,5,5,0,5,3,1,0,4,0,0.0,0.0,0.0,2,0,2,0,0,0,2,0,0,0,2,0,0,1,0,1,0,0,0,13,0,1,0,0,0,0,2,3,0,3,1,0,0,0,18,1,0
/mnt/c/Users/User/Downloads/ta4j/ta4j/ta4j/src/main/java/eu/verdelhan/ta4j/indicators/volume/NVIIndicator.java,eu.verdelhan.ta4j.indicators.volume.NVIIndicator,class,4,4,0,4,4,2,0,9,0,0.0,0.0,0.0,2,0,1,0,1,0,2,0,0,0,1,0,0,1,0,0,1,0,0,22,3,0,1,0,0,0,3,7,2,7,1,0,0,0,30,1,0
/mnt/c/Users/User/Downloads/ta4j/ta4j/ta4j/src/test/java/eu/verdelhan/ta4j/indicators/simple/TypicalPriceIndicatorTest.java,eu.verdelhan.ta4j.indicators.simple.TypicalPriceIndicatorTest,class,7,7,0,7,3,1,0,8,0,0.0,0.0,0.0,2,0,2,0,0,0,2,0,0,0,2,0,0,1,0,1,0,0,0,15,0,1,0,0,0,0,2,5,0,5,1,0,0,0,21,1,0
/mnt/c/Users/User/Downloads/ta4j/ta4j/ta4j/src/test/java/eu/verdelhan/ta4j/indicators/simple/SumIndicatorTest.java,eu.verdelhan.ta4j.indicators.simple.SumIndicatorTest,class,7,7,0,7,2,1,0,3,0,0.375,0.0,0.0,2,0,2,0,0,0,2,0,0,0,4,0,0,4,0,0,0,0,7,21,0,0,0,0,0,16,8,4,0,4,0,0,0,0,14,1,0
/mnt/c/Users/User/Downloads/ta4j/ta4j/ta4j/src/test/java/eu/verdelhan/ta4j/analysis/criteria/VersusBuyAndHoldCriterionTest.java,eu.verdelhan.ta4j.analysis.criteria.VersusBuyAndHoldCriterionTest,class,10,10,0,10,7,1,0,8,21,0.0,0.0,0.0,7,0,7,0,0,0,7,0,0,0,0,0,0,0,0,0,0,0,20,42,0,0,0,0,2,0,82,18,16,18,0,0,0,0,42,1,0
/mnt/c/Users/User/Downloads/ta4j/ta4j/ta4j/src/main/java/eu/verdelhan/ta4j/analysis/criteria/BuyAndHoldCriterion.java,eu.verdelhan.ta4j.analysis.criteria.BuyAndHoldCriterion,class,4,4,0,4,5,2,0,10,3,0.0,0.0,0.0,3,0,3,0,0,0,3,0,0,0,0,0,0,0,0,0,0,0,0,18,4,0,0,0,0,0,0,2,0,2,1,0,0,0,27,1,0
/mnt/c/Users/User/Downloads/ta4j/ta4j/ta4j/src/test/java/eu/verdelhan/ta4j/TATestsUtils.java,eu.verdelhan.ta4j.TATestsUtils,class,1,57,56,1,3,1,0,3,3,0.6666667,0.0,0.0,3,3,3,0,0,0,3,0,0,0,1,1,1,0,0,0,1,0,0,12,0,0,0,0,0,0,1,1,0,1,0,0,0,0,37,1,0
/mnt/c/Users/User/Downloads/ta4j/ta4j/ta4j/src/test/java/eu/verdelhan/ta4j/trading/rules/OverIndicatorRuleTest.java,eu.verdelhan.ta4j.trading.rules.OverIndicatorRuleTest,class,6,6,0,6,2,1,0,4,0,0.25,0.0,0.0,2,0,2,0,0,0,2,0,0,0,2,0,0,2,0,0,0,0,0,18,0,0,0,0,0,0,17,2,0,2,0,0,0,0,15,1,0
/mnt/c/Users/User/Downloads/ta4j/ta4j/ta4j/src/main/java/eu/verdelhan/ta4j/indicators/simple/SumIndicator.java,eu.verdelhan.ta4j.indicators.simple.SumIndicator,class,3,5,2,3,3,3,0,3,0,0.0,0.0,0.0,2,0,1,0,1,0,2,0,0,0,1,0,0,1,0,0,0,0,1,15,1,1,0,0,0,0,4,4,0,3,1,0,0,0,15,1,0
/mnt/c/Users/User/Downloads/ta4j/ta4j/ta4j/src/test/java/eu/verdelhan/ta4j/indicators/helpers/DirectionalMovementUpIndicatorTest.java,eu.verdelhan.ta4j.indicators.helpers.DirectionalMovementUpIndicatorTest,class,5,5,0,5,4,1,0,3,6,0.0,0.0,0.0,4,0,4,0,0,0,4,0,0,0,0,0,0,0,0,0,0,0,0,42,0,0,0,0,0,0,40,20,0,20,0,0,0,0,21,1,0
/mnt/c/Users/User/Downloads/ta4j/ta4j/ta4j/src/main/java/eu/verdelhan/ta4j/indicators/oscillators/CMOIndicator.java,eu.verdelhan.ta4j.indicators.oscillators.CMOIndicator,class,5,5,0,5,2,3,0,5,0,0.0,0.0,0.0,2,0,1,0,1,0,2,0,0,0,2,0,0,2,0,0,2,0,0,14,1,0,0,0,0,0,0,4,0,4,0,0,0,0,31,1,0
/mnt/c/Users/User/Downloads/ta4j/ta4j/ta4j/src/test/java/eu/verdelhan/ta4j/analysis/CashFlowTest.java,eu.verdelhan.ta4j.analysis.CashFlowTest,class,8,8,0,8,12,1,0,8,66,0.0,0.0,0.0,12,0,12,0,0,0,12,0,0,0,0,0,0,0,0,0,0,0,37,123,0,0,0,0,0,13,247,36,32,36,0,0,0,0,45,1,0
/mnt/c/Users/User/Downloads/ta4j/ta4j/ta4j/src/main/java/eu/verdelhan/ta4j/indicators/trackers/WilliamsRIndicator.java,eu.verdelhan.ta4j.indicators.trackers.WilliamsRIndicator,class,9,9,0,9,4,2,0,7,0,0.5,0.0,0.0,4,0,3,0,1,0,4,0,0,0,5,1,0,5,0,0,3,0,0,27,2,0,0,0,2,1,0,9,0,9,0,0,0,0,29,1,0
/mnt/c/Users/User/Downloads/ta4j/ta4j/ta4j/src/main/java/eu/verdelhan/ta4j/indicators/oscillators/CCIIndicator.java,eu.verdelhan.ta4j.indicators.oscillators.CCIIndicator,class,6,6,0,6,4,3,0,9,0,0.4,0.0,0.0,3,0,2,0,1,0,3,0,0,0,5,1,1,4,0,0,1,0,1,26,3,0,0,0,1,2,0,8,1,8,1,0,0,0,37,1,0
/mnt/c/Users/User/Downloads/ta4j/ta4j/ta4j/src/main/java/eu/verdelhan/ta4j/trading/rules/FixedRule.java,eu.verdelhan.ta4j.trading.rules.FixedRule,class,3,5,2,3,4,2,0,2,0,0.0,0.0,0.0,2,0,2,0,0,0,2,0,0,0,1,0,0,1,0,0,1,0,1,17,1,1,1,0,0,0,1,4,0,3,2,0,0,0,22,1,0
/mnt/c/Users/User/Downloads/ta4j/ta4j/ta4j/src/test/java/eu/verdelhan/ta4j/analysis/criteria/NumberOfTradesCriterionTest.java,eu.verdelhan.ta4j.analysis.criteria.NumberOfTradesCriterionTest,class,7,7,0,7,4,1,0,7,6,0.0,0.0,0.0,4,0,4,0,0,0,4,0,0,0,0,0,0,0,0,0,0,0,4,23,0,0,0,0,0,0,23,8,0,8,0,0,0,0,31,1,0
/mnt/c/Users/User/Downloads/ta4j/ta4j/ta4j/src/test/java/eu/verdelhan/ta4j/indicators/oscillators/CCIIndicatorTest.java,eu.verdelhan.ta4j.indicators.oscillators.CCIIndicatorTest,class,7,7,0,7,4,1,0,3,0,0.25,0.0,0.0,2,0,2,0,0,0,2,0,0,0,2,0,0,2,0,0,0,0,0,23,0,2,0,0,0,0,54,6,1,6,1,0,0,0,28,1,0
/mnt/c/Users/User/Downloads/ta4j/ta4j/ta4j/src/main/java/eu/verdelhan/ta4j/trading/rules/BooleanRule.java,eu.verdelhan.ta4j.trading.rules.BooleanRule,class,3,5,2,3,2,2,0,1,0,0.6666667,0.0,0.0,2,0,2,0,0,0,2,0,0,0,3,2,2,1,0,0,2,0,0,12,1,0,0,0,0,0,0,3,0,3,0,0,0,0,35,1,0
/mnt/c/Users/User/Downloads/ta4j/ta4j/ta4j/src/test/java/eu/verdelhan/ta4j/indicators/helpers/AverageGainIndicatorTest.java,eu.verdelhan.ta4j.indicators.helpers.AverageGainIndicatorTest,class,6,6,0,6,5,1,0,3,0,0.0,0.0,0.0,5,0,5,0,0,0,5,0,0,0,1,0,0,1,0,0,0,0,0,29,0,0,0,0,0,8,31,5,1,5,0,0,0,0,34,1,0
/mnt/c/Users/User/Downloads/ta4j/ta4j/ta4j/src/main/java/eu/verdelhan/ta4j/indicators/helpers/CloseLocationValueIndicator.java,eu.verdelhan.ta4j.indicators.helpers.CloseLocationValueIndicator,class,4,4,0,4,2,3,0,6,0,0.0,0.0,0.0,2,0,1,0,1,0,2,0,0,0,1,0,0,1,0,0,0,0,0,11,1,0,0,0,2,0,0,2,0,2,0,0,0,0,17,1,0
/mnt/c/Users/User/Downloads/ta4j/ta4j/ta4j/src/main/java/eu/verdelhan/ta4j/indicators/trackers/KAMAIndicator.java,eu.verdelhan.ta4j.indicators.trackers.KAMAIndicator,class,3,3,0,3,4,2,0,9,0,0.0,0.0,0.0,2,0,1,0,1,0,2,0,0,0,4,0,0,4,0,0,4,0,1,29,2,1,0,0,0,0,6,13,5,12,1,0,0,0,42,1,0
/mnt/c/Users/User/Downloads/ta4j/ta4j/ta4j/src/test/java/eu/verdelhan/ta4j/trading/rules/UnderIndicatorRuleTest.java,eu.verdelhan.ta4j.trading.rules.UnderIndicatorRuleTest,class,6,6,0,6,2,1,0,4,0,0.25,0.0,0.0,2,0,2,0,0,0,2,0,0,0,2,0,0,2,0,0,0,0,0,18,0,0,0,0,0,0,17,2,0,2,0,0,0,0,15,1,0
/mnt/c/Users/User/Downloads/ta4j/ta4j/ta4j/src/test/java/eu/verdelhan/ta4j/indicators/oscillators/PPOIndicatorTest.java,eu.verdelhan.ta4j.indicators.oscillators.PPOIndicatorTest,class,6,6,0,6,2,1,0,2,0,0.25,0.0,0.0,2,0,2,0,0,0,2,0,0,0,2,0,0,2,0,0,0,0,0,16,0,0,0,0,0,0,42,3,0,3,0,0,0,0,23,1,0
/mnt/c/Users/User/Downloads/ta4j/ta4j/ta4j/src/main/java/eu/verdelhan/ta4j/indicators/helpers/CumulatedGainsIndicator.java,eu.verdelhan.ta4j.indicators.helpers.CumulatedGainsIndicator,class,3,5,2,3,4,3,0,5,0,0.0,0.0,0.0,2,0,1,0,1,0,2,0,0,0,2,0,0,2,0,0,2,0,1,18,1,1,0,0,0,0,4,5,4,4,2,0,0,0,13,1,0
/mnt/c/Users/User/Downloads/ta4j/ta4j/ta4j/src/main/java/eu/verdelhan/ta4j/indicators/helpers/CumulatedLossesIndicator.java,eu.verdelhan.ta4j.indicators.helpers.CumulatedLossesIndicator,class,3,5,2,3,4,3,0,5,0,0.0,0.0,0.0,2,0,1,0,1,0,2,0,0,0,2,0,0,2,0,0,2,0,1,18,1,1,0,0,0,0,4,5,4,4,2,0,0,0,13,1,0
/mnt/c/Users/User/Downloads/ta4j/ta4j/ta4j/src/main/java/eu/verdelhan/ta4j/trading/rules/JustOnceRule.java,eu.verdelhan.ta4j.trading.rules.JustOnceRule,class,2,3,1,2,2,2,0,1,0,0.0,NaN,NaN,1,0,1,0,0,0,1,0,0,0,1,0,0,1,0,0,0,0,0,12,2,0,0,0,0,0,0,2,0,1,1,0,0,0,23,1,0
/mnt/c/Users/User/Downloads/ta4j/ta4j/ta4j/src/main/java/eu/verdelhan/ta4j/indicators/trackers/WMAIndicator.java,eu.verdelhan.ta4j.indicators.trackers.WMAIndicator,class,3,5,2,3,7,2,0,8,0,0.16666667,0.0,0.0,3,0,2,0,1,0,3,0,0,0,2,0,0,2,0,0,0,0,1,30,4,2,1,0,5,1,12,8,10,6,2,0,0,0,16,1,0
/mnt/c/Users/User/Downloads/ta4j/ta4j/ta4j/src/test/java/eu/verdelhan/ta4j/indicators/helpers/DirectionalUpIndicatorTest.java,eu.verdelhan.ta4j.indicators.helpers.DirectionalUpIndicatorTest,class,5,5,0,5,1,1,0,3,0,0.0,NaN,NaN,1,0,1,0,0,0,1,0,0,0,0,0,0,0,0,0,0,0,0,17,0,0,0,0,16,0,84,3,53,3,0,0,0,0,22,1,0
/mnt/c/Users/User/Downloads/ta4j/ta4j/ta4j/src/test/java/eu/verdelhan/ta4j/indicators/trackers/ichimoku/IchimokuIndicatorTest.java,eu.verdelhan.ta4j.indicators.trackers.ichimoku.IchimokuIndicatorTest,class,12,12,0,12,2,1,0,3,0,0.0,0.0,0.0,2,0,2,0,0,0,2,0,0,0,1,0,0,0,1,0,0,0,41,75,0,0,0,0,0,0,166,7,0,7,0,0,0,0,27,1,0
/mnt/c/Users/User/Downloads/ta4j/ta4j/ta4j/src/main/java/eu/verdelhan/ta4j/indicators/statistics/PeriodicalGrowthRateIndicator.java,eu.verdelhan.ta4j.indicators.statistics.PeriodicalGrowthRateIndicator,class,4,4,0,4,8,3,0,13,0,0.16666667,0.0,0.0,3,0,2,0,1,0,3,0,0,0,2,0,0,2,0,0,2,0,4,38,2,1,2,0,9,0,7,20,11,17,2,0,0,0,134,1,0
/mnt/c/Users/User/Downloads/ta4j/ta4j/ta4j/src/test/java/eu/verdelhan/ta4j/indicators/helpers/HighestValueIndicatorTest.java,eu.verdelhan.ta4j.indicators.helpers.HighestValueIndicatorTest,class,6,6,0,6,4,1,0,2,0,0.0,0.0,0.0,4,0,4,0,0,0,4,0,0,0,1,0,0,1,0,0,0,0,0,26,0,0,0,0,0,11,28,4,0,4,0,0,0,0,30,1,0
/mnt/c/Users/User/Downloads/ta4j/ta4j/ta4j/src/main/java/eu/verdelhan/ta4j/Tick.java,eu.verdelhan.ta4j.Tick,class,4,37,33,4,37,1,0,15,90,0.8109091,0.0,0.0,25,0,24,1,0,0,24,0,0,0,11,1,0,11,0,0,1,0,1,122,16,0,10,0,4,5,3,27,0,11,1,0,0,0,91,1,0
/mnt/c/Users/User/Downloads/ta4j/ta4j/ta4j/src/main/java/eu/verdelhan/ta4j/Trade.java,eu.verdelhan.ta4j.Trade,class,4,21,17,4,25,1,0,11,0,0.59615386,0.0,0.0,13,0,13,0,0,0,13,0,0,0,4,1,0,4,0,0,1,0,0,69,11,0,7,0,8,5,3,11,4,6,2,0,0,0,70,1,0
/mnt/c/Users/User/Downloads/ta4j/ta4j/ta4j/src/test/java/eu/verdelhan/ta4j/indicators/trackers/KAMAIndicatorTest.java,eu.verdelhan.ta4j.indicators.trackers.KAMAIndicatorTest,class,7,7,0,7,2,1,0,2,0,0.0,0.0,0.0,2,0,2,0,0,0,2,0,0,0,1,0,0,1,0,0,0,0,40,50,0,0,0,0,0,0,132,3,0,3,0,0,0,0,33,1,0
/mnt/c/Users/User/Downloads/ta4j/ta4j/ta4j/src/test/java/eu/verdelhan/ta4j/indicators/candles/ThreeBlackCrowsIndicatorTest.java,eu.verdelhan.ta4j.indicators.candles.ThreeBlackCrowsIndicatorTest,class,7,7,0,7,2,1,0,5,0,0.0,0.0,0.0,2,0,2,0,0,0,2,0,0,0,1,0,0,1,0,0,0,0,0,26,0,0,0,0,0,1,41,3,0,3,0,0,0,0,19,1,0
/mnt/c/Users/User/Downloads/ta4j/ta4j/ta4j/src/test/java/eu/verdelhan/ta4j/indicators/helpers/CumulatedGainsIndicatorTest.java,eu.verdelhan.ta4j.indicators.helpers.CumulatedGainsIndicatorTest,class,6,6,0,6,2,1,0,2,0,0.0,0.0,0.0,2,0,2,0,0,0,2,0,0,0,1,0,0,1,0,0,0,0,0,22,0,0,0,0,0,0,40,2,0,2,0,0,0,0,20,1,0
/mnt/c/Users/User/Downloads/ta4j/ta4j/ta4j/src/main/java/eu/verdelhan/ta4j/analysis/criteria/AverageProfitableTradesCriterion.java,eu.verdelhan.ta4j.analysis.criteria.AverageProfitableTradesCriterion,class,5,5,0,5,9,2,0,10,3,0.0,0.0,0.0,3,0,3,0,0,0,3,0,0,0,0,0,0,0,0,0,0,0,0,35,3,1,0,0,2,0,3,9,1,7,2,0,0,0,32,1,0
/mnt/c/Users/User/Downloads/ta4j/ta4j/ta4j/src/test/java/eu/verdelhan/ta4j/indicators/oscillators/StochasticOscillatorDIndicatorTest.java,eu.verdelhan.ta4j.indicators.oscillators.StochasticOscillatorDIndicatorTest,class,8,8,0,8,3,1,0,3,0,0.0,0.0,0.0,3,0,3,0,0,0,3,0,0,0,1,0,0,1,0,0,0,0,0,38,0,0,0,0,0,0,74,8,0,8,0,0,0,0,30,1,0
/mnt/c/Users/User/Downloads/ta4j/ta4j/ta4j/src/test/java/eu/verdelhan/ta4j/indicators/simple/OpenPriceIndicatorTest.java,eu.verdelhan.ta4j.indicators.simple.OpenPriceIndicatorTest,class,5,5,0,5,3,1,0,4,0,0.0,0.0,0.0,2,0,2,0,0,0,2,0,0,0,2,0,0,1,0,1,0,0,0,13,0,1,0,0,0,0,2,3,0,3,1,0,0,0,18,1,0
/mnt/c/Users/User/Downloads/ta4j/ta4j/ta4j/src/test/java/eu/verdelhan/ta4j/OrderTest.java,eu.verdelhan.ta4j.OrderTest,class,3,3,0,3,3,1,0,10,0,0.16666667,0.0,0.0,3,0,3,0,0,0,3,0,0,0,1,0,0,0,0,1,0,0,0,22,0,0,0,0,0,0,4,4,0,4,0,0,0,0,16,1,0
/mnt/c/Users/User/Downloads/ta4j/ta4j/ta4j/src/test/java/eu/verdelhan/ta4j/indicators/trackers/AverageDirectionalMovementIndicatorTest.java,eu.verdelhan.ta4j.indicators.trackers.AverageDirectionalMovementIndicatorTest,class,6,6,0,6,1,1,0,4,0,0.0,NaN,NaN,1,0,1,0,0,0,1,0,0,0,0,0,0,0,0,0,0,0,3,19,0,0,0,0,16,0,67,9,53,7,0,0,0,0,26,1,0
/mnt/c/Users/User/Downloads/ta4j/ta4j/ta4j/src/test/java/eu/verdelhan/ta4j/indicators/statistics/SimpleLinearRegressionIndicatorTest.java,eu.verdelhan.ta4j.indicators.statistics.SimpleLinearRegressionIndicatorTest,class,11,12,1,11,7,1,0,8,3,0.5833333,0.0,0.0,6,1,5,1,0,0,5,0,0,0,2,0,0,2,0,0,0,0,11,56,1,1,0,0,0,0,65,16,0,12,1,0,0,0,43,1,0
/mnt/c/Users/User/Downloads/ta4j/ta4j/ta4j/src/main/java/eu/verdelhan/ta4j/indicators/candles/LowerShadowIndicator.java,eu.verdelhan.ta4j.indicators.candles.LowerShadowIndicator,class,4,5,1,4,3,3,0,6,0,0.0,0.0,0.0,2,0,1,0,1,0,2,0,0,0,1,0,0,1,0,0,1,0,0,18,2,0,0,0,0,0,0,4,0,4,1,0,0,0,30,1,0
/mnt/c/Users/User/Downloads/ta4j/ta4j/ta4j/src/test/java/eu/verdelhan/ta4j/indicators/volume/NVIIndicatorTest.java,eu.verdelhan.ta4j.indicators.volume.NVIIndicatorTest,class,7,7,0,7,1,1,0,4,0,0.0,NaN,NaN,1,0,1,0,0,0,1,0,0,0,0,0,0,0,0,0,0,0,10,27,0,0,0,0,0,0,40,3,0,3,0,0,0,0,17,1,0
/mnt/c/Users/User/Downloads/ta4j/ta4j/ta4j/src/main/java/eu/verdelhan/ta4j/indicators/candles/BearishHaramiIndicator.java,eu.verdelhan.ta4j.indicators.candles.BearishHaramiIndicator,class,4,4,0,4,5,3,0,7,0,0.0,0.0,0.0,2,0,1,0,1,0,2,0,0,0,1,0,0,1,0,0,1,0,0,22,3,0,0,0,0,0,2,7,1,7,1,0,0,0,22,1,0
/mnt/c/Users/User/Downloads/ta4j/ta4j/ta4j/src/test/java/eu/verdelhan/ta4j/analysis/criteria/BuyAndHoldCriterionTest.java,eu.verdelhan.ta4j.analysis.criteria.BuyAndHoldCriterionTest,class,7,7,0,7,5,1,0,7,10,0.0,0.0,0.0,5,0,5,0,0,0,5,0,0,0,0,0,0,0,0,0,0,0,10,30,0,0,0,0,0,0,39,12,1,12,0,0,0,0,32,1,0
/mnt/c/Users/User/Downloads/ta4j/ta4j/ta4j/src/main/java/eu/verdelhan/ta4j/indicators/simple/TradeCountIndicator.java,eu.verdelhan.ta4j.indicators.simple.TradeCountIndicator,class,2,3,1,2,2,3,0,2,0,0.0,0.0,0.0,2,0,1,0,1,0,2,0,0,0,1,0,0,1,0,0,0,0,0,10,1,0,0,0,0,0,0,1,0,1,0,0,0,0,10,1,0
/mnt/c/Users/User/Downloads/ta4j/ta4j/ta4j/src/test/java/eu/verdelhan/ta4j/analysis/criteria/LinearTransactionCostCriterionTest.java,eu.verdelhan.ta4j.analysis.criteria.LinearTransactionCostCriterionTest,class,7,7,0,7,4,1,0,9,6,0.0,0.0,0.0,4,0,4,0,0,0,4,0,0,0,0,0,0,0,0,0,0,0,4,41,0,0,0,0,0,0,56,10,0,10,0,0,0,0,27,1,0
/mnt/c/Users/User/Downloads/ta4j/ta4j/ta4j/src/main/java/eu/verdelhan/ta4j/analysis/criteria/VersusBuyAndHoldCriterion.java,eu.verdelhan.ta4j.analysis.criteria.VersusBuyAndHoldCriterion,class,5,5,0,5,6,2,0,10,0,0.2,0.0,0.0,5,0,5,0,0,0,5,0,0,0,1,0,0,1,0,0,0,0,0,26,4,0,0,0,0,1,0,4,2,4,0,0,0,0,37,1,0
/mnt/c/Users/User/Downloads/ta4j/ta4j/ta4j/src/main/java/eu/verdelhan/ta4j/indicators/simple/VolumeIndicator.java,eu.verdelhan.ta4j.indicators.simple.VolumeIndicator,class,3,3,0,3,4,3,0,4,0,0.16666667,0.0,0.0,3,0,2,0,1,0,3,0,0,0,2,0,0,2,0,0,0,0,1,20,1,1,0,0,0,0,3,6,2,5,1,0,0,0,15,1,0
/mnt/c/Users/User/Downloads/ta4j/ta4j/ta4j/src/main/java/eu/verdelhan/ta4j/analysis/criteria/AverageProfitCriterion.java,eu.verdelhan.ta4j.analysis.criteria.AverageProfitCriterion,class,7,7,0,7,6,2,0,2,1,0.33333334,0.0,0.0,3,0,3,0,0,0,3,0,0,0,2,0,0,2,0,0,0,0,2,21,5,0,2,0,0,0,6,4,2,4,1,0,0,0,30,1,0
/mnt/c/Users/User/Downloads/ta4j/ta4j/ta4j/src/main/java/eu/verdelhan/ta4j/indicators/trackers/ichimoku/IchimokuTenkanSenIndicator.java,eu.verdelhan.ta4j.indicators.trackers.ichimoku.IchimokuTenkanSenIndicator,class,2,3,1,2,2,2,0,0,1,0.0,0.0,0.0,2,0,2,0,0,0,2,0,0,0,0,0,0,0,0,0,0,0,0,8,0,0,0,0,0,0,1,0,0,0,0,0,0,0,19,1,0
/mnt/c/Users/User/Downloads/ta4j/ta4j/ta4j/src/main/java/eu/verdelhan/ta4j/indicators/trackers/MACDIndicator.java,eu.verdelhan.ta4j.indicators.trackers.MACDIndicator,class,4,4,0,4,3,2,0,2,0,0.0,0.0,0.0,2,0,1,0,1,0,2,0,0,0,2,0,0,2,0,0,2,0,0,15,1,0,0,0,0,1,0,2,0,2,1,0,0,0,30,1,0
/mnt/c/Users/User/Downloads/ta4j/ta4j/ta4j/src/main/java/eu/verdelhan/ta4j/AnalysisCriterion.java,eu.verdelhan.ta4j.AnalysisCriterion,interface,4,8,4,4,4,1,0,0,6,0.0,0.0,0.0,4,0,0,0,0,4,4,0,0,0,0,0,0,0,0,0,0,0,0,6,0,0,0,0,0,0,0,0,0,0,0,0,0,0,52,1,0
/mnt/c/Users/User/Downloads/ta4j/ta4j/ta4j-examples/src/main/java/ta4jexamples/strategies/GlobalExtremaStrategy.java,ta4jexamples.strategies.GlobalExtremaStrategy,class,14,16,2,14,3,1,0,7,1,0.5,0.0,0.0,2,2,2,0,0,0,2,0,0,0,1,1,0,1,0,0,1,0,1,25,1,0,1,0,0,5,3,13,3,13,1,0,0,0,71,1,0
/mnt/c/Users/User/Downloads/ta4j/ta4j/ta4j/src/test/java/eu/verdelhan/ta4j/analysis/criteria/NumberOfTicksCriterionTest.java,eu.verdelhan.ta4j.analysis.criteria.NumberOfTicksCriterionTest,class,7,7,0,7,4,1,0,7,6,0.0,0.0,0.0,4,0,4,0,0,0,4,0,0,0,0,0,0,0,0,0,0,0,6,24,0,0,0,0,0,0,31,9,0,9,0,0,0,0,29,1,0
/mnt/c/Users/User/Downloads/ta4j/ta4j/ta4j/src/test/java/eu/verdelhan/ta4j/indicators/candles/BullishEngulfingIndicatorTest.java,eu.verdelhan.ta4j.indicators.candles.BullishEngulfingIndicatorTest,class,7,7,0,7,2,1,0,4,0,0.0,0.0,0.0,2,0,2,0,0,0,2,0,0,0,1,0,0,1,0,0,0,0,0,20,0,0,0,0,0,0,25,3,0,3,0,0,0,0,18,1,0
/mnt/c/Users/User/Downloads/ta4j/ta4j/ta4j/src/main/java/eu/verdelhan/ta4j/indicators/simple/AbsoluteIndicator.java,eu.verdelhan.ta4j.indicators.simple.AbsoluteIndicator,class,3,4,1,3,2,3,0,2,0,0.0,0.0,0.0,2,0,1,0,1,0,2,0,0,0,1,0,0,1,0,0,0,0,0,10,1,0,0,0,0,0,0,1,0,1,0,0,0,0,6,1,0
/mnt/c/Users/User/Downloads/ta4j/ta4j/ta4j/src/main/java/eu/verdelhan/ta4j/trading/rules/OverIndicatorRule.java,eu.verdelhan.ta4j.trading.rules.OverIndicatorRule,class,5,7,2,5,3,2,0,3,1,0.33333334,0.0,0.0,3,0,3,0,0,0,3,0,0,0,2,0,0,2,0,0,0,0,0,16,1,0,0,0,0,0,0,3,0,3,0,0,0,0,28,1,0
/mnt/c/Users/User/Downloads/ta4j/ta4j/ta4j/src/main/java/eu/verdelhan/ta4j/indicators/simple/ClosePriceIndicator.java,eu.verdelhan.ta4j.indicators.simple.ClosePriceIndicator,class,3,9,6,3,2,3,0,2,0,0.0,0.0,0.0,2,0,1,0,1,0,2,0,0,0,1,0,0,1,0,0,0,0,0,10,1,0,0,0,0,0,0,1,0,1,0,0,0,0,10,1,0
/mnt/c/Users/User/Downloads/ta4j/ta4j/ta4j/src/test/java/eu/verdelhan/ta4j/indicators/volume/PVIIndicatorTest.java,eu.verdelhan.ta4j.indicators.volume.PVIIndicatorTest,class,7,7,0,7,1,1,0,4,0,0.0,NaN,NaN,1,0,1,0,0,0,1,0,0,0,0,0,0,0,0,0,0,0,10,27,0,0,0,0,0,0,40,3,0,3,0,0,0,0,17,1,0
/mnt/c/Users/User/Downloads/ta4j/ta4j/ta4j/src/test/java/eu/verdelhan/ta4j/trading/rules/FixedRuleTest.java,eu.verdelhan.ta4j.trading.rules.FixedRuleTest,class,2,2,0,2,1,1,0,3,0,0.0,NaN,NaN,1,0,1,0,0,0,1,0,0,0,1,0,0,1,0,0,0,0,0,22,0,0,0,0,0,0,18,2,0,1,0,0,0,0,9,1,0
/mnt/c/Users/User/Downloads/ta4j/ta4j/ta4j/src/test/java/eu/verdelhan/ta4j/mocks/MockTimeSeries.java,eu.verdelhan.ta4j.mocks.MockTimeSeries,class,6,61,55,6,14,2,0,6,36,0.0,0.0,0.0,9,4,5,4,0,0,5,0,0,0,0,0,0,0,0,0,0,0,4,49,4,4,1,0,1,0,12,8,6,8,1,0,0,0,26,1,0
/mnt/c/Users/User/Downloads/ta4j/ta4j/ta4j/src/test/java/eu/verdelhan/ta4j/trading/rules/StopLossRuleTest.java,eu.verdelhan.ta4j.trading.rules.StopLossRuleTest,class,7,7,0,7,2,1,0,6,0,0.16666667,0.0,0.0,2,0,2,0,0,0,2,0,0,0,3,0,0,3,0,0,0,0,0,24,0,0,0,0,0,3,19,4,0,4,0,0,0,0,25,1,0
/mnt/c/Users/User/Downloads/ta4j/ta4j/ta4j/src/main/java/eu/verdelhan/ta4j/indicators/oscillators/AroonDownIndicator.java,eu.verdelhan.ta4j.indicators.oscillators.AroonDownIndicator,class,5,5,0,5,4,3,0,6,0,0.0,0.0,0.0,2,0,1,0,1,0,2,0,0,0,3,0,0,3,0,0,3,0,3,23,1,1,0,0,0,0,2,7,3,7,2,0,0,0,24,1,0
/mnt/c/Users/User/Downloads/ta4j/ta4j/ta4j/src/test/java/eu/verdelhan/ta4j/indicators/candles/BullishHaramiIndicatorTest.java,eu.verdelhan.ta4j.indicators.candles.BullishHaramiIndicatorTest,class,7,7,0,7,2,1,0,4,0,0.0,0.0,0.0,2,0,2,0,0,0,2,0,0,0,1,0,0,1,0,0,0,0,0,20,0,0,0,0,0,0,25,3,0,3,0,0,0,0,18,1,0
/mnt/c/Users/User/Downloads/ta4j/ta4j/ta4j/src/test/java/eu/verdelhan/ta4j/indicators/trackers/DirectionalMovementIndicatorTest.java,eu.verdelhan.ta4j.indicators.trackers.DirectionalMovementIndicatorTest,class,6,6,0,6,1,1,0,4,0,0.0,NaN,NaN,1,0,1,0,0,0,1,0,0,0,0,0,0,0,0,0,0,0,3,17,0,0,0,0,15,0,58,7,43,5,0,0,0,0,23,1,0
/mnt/c/Users/User/Downloads/ta4j/ta4j/ta4j/src/main/java/eu/verdelhan/ta4j/indicators/RecursiveCachedIndicator.java,eu.verdelhan.ta4j.indicators.RecursiveCachedIndicator,class,5,16,11,5,7,3,0,6,3,0.6666667,0.0,0.0,3,0,3,0,0,0,3,0,0,0,1,1,0,1,0,0,1,0,1,25,1,1,1,0,0,0,1,6,1,6,4,0,0,0,87,1025,0
/mnt/c/Users/User/Downloads/ta4j/ta4j/ta4j/src/test/java/eu/verdelhan/ta4j/indicators/helpers/AverageDirectionalMovementUpIndicatorTest.java,eu.verdelhan.ta4j.indicators.helpers.AverageDirectionalMovementUpIndicatorTest,class,5,5,0,5,1,1,0,3,0,0.0,NaN,NaN,1,0,1,0,0,0,1,0,0,0,0,0,0,0,0,0,0,0,0,17,0,0,0,0,2,0,52,3,21,3,0,0,0,0,19,1,0
/mnt/c/Users/User/Downloads/ta4j/ta4j/ta4j/src/main/java/eu/verdelhan/ta4j/TradingRecord.java,eu.verdelhan.ta4j.TradingRecord,class,5,38,33,5,39,1,0,21,93,0.8479532,0.0,0.0,19,0,18,1,0,0,18,0,6,0,9,1,0,9,0,0,1,0,0,130,21,1,3,0,0,3,8,15,6,13,2,0,0,0,108,1,0
/mnt/c/Users/User/Downloads/ta4j/ta4j/ta4j/src/main/java/eu/verdelhan/ta4j/indicators/trackers/EMAIndicator.java,eu.verdelhan.ta4j.indicators.trackers.EMAIndicator,class,4,8,4,4,4,4,0,8,0,0.0,0.0,0.0,2,0,1,0,1,0,2,0,0,0,3,0,0,3,0,0,3,0,1,21,3,0,1,0,0,0,5,4,3,4,1,0,0,0,22,1,0
/mnt/c/Users/User/Downloads/ta4j/ta4j/ta4j/src/main/java/eu/verdelhan/ta4j/indicators/trackers/ChandelierExitShortIndicator.java,eu.verdelhan.ta4j.indicators.trackers.ChandelierExitShortIndicator,class,7,7,0,7,3,3,0,4,1,0.33333334,0.0,0.0,3,0,2,0,1,0,3,0,0,0,3,0,0,3,0,0,3,0,0,17,1,0,0,0,0,0,1,3,0,3,0,0,0,0,32,1,0
/mnt/c/Users/User/Downloads/ta4j/ta4j/ta4j-examples/src/main/java/ta4jexamples/strategies/CCICorrectionStrategy.java,ta4jexamples.strategies.CCICorrectionStrategy,class,10,12,2,10,3,1,0,9,1,0.0,0.0,0.0,2,2,2,0,0,0,2,0,0,0,0,0,0,0,0,0,0,0,1,23,1,0,1,0,0,3,4,10,2,10,1,0,0,0,43,1,0
/mnt/c/Users/User/Downloads/ta4j/ta4j/ta4j-examples/src/main/java/ta4jexamples/analysis/CashFlowToChart.java,ta4jexamples.analysis.CashFlowToChart,class,20,21,1,20,5,1,0,31,6,0.0,NaN,NaN,4,4,1,3,0,0,1,0,0,0,0,0,0,0,0,0,0,0,5,47,1,1,0,0,0,8,9,16,0,16,1,0,0,0,82,1,0
/mnt/c/Users/User/Downloads/ta4j/ta4j/ta4j/src/test/java/eu/verdelhan/ta4j/indicators/helpers/LowestValueIndicatorTest.java,eu.verdelhan.ta4j.indicators.helpers.LowestValueIndicatorTest,class,6,6,0,6,4,1,0,2,0,0.0,0.0,0.0,4,0,4,0,0,0,4,0,0,0,1,0,0,1,0,0,0,0,0,26,0,0,0,0,0,11,28,4,0,4,0,0,0,0,29,1,0
/mnt/c/Users/User/Downloads/ta4j/ta4j/ta4j/src/test/java/eu/verdelhan/ta4j/trading/rules/XorRuleTest.java,eu.verdelhan.ta4j.trading.rules.XorRuleTest,class,4,4,0,4,2,1,0,4,0,0.0,0.0,0.0,2,0,2,0,0,0,2,0,0,0,2,0,0,2,0,0,0,0,0,18,0,0,0,0,0,0,8,2,0,2,0,0,0,0,15,1,0
/mnt/c/Users/User/Downloads/ta4j/ta4j/ta4j-examples/src/main/java/ta4jexamples/strategies/MovingMomentumStrategy.java,ta4jexamples.strategies.MovingMomentumStrategy,class,14,16,2,14,3,1,0,8,1,0.0,0.0,0.0,2,2,2,0,0,0,2,0,0,0,0,0,0,0,0,0,0,0,1,23,1,0,1,0,0,3,8,11,2,11,1,0,0,0,59,1,0
/mnt/c/Users/User/Downloads/ta4j/ta4j/ta4j/src/main/java/eu/verdelhan/ta4j/indicators/trackers/ichimoku/IchimokuChikouSpanIndicator.java,eu.verdelhan.ta4j.indicators.trackers.ichimoku.IchimokuChikouSpanIndicator,class,4,4,0,4,3,3,0,2,1,0.33333334,0.0,0.0,3,0,2,0,1,0,3,0,0,0,2,0,0,2,0,0,2,0,1,15,1,0,0,0,0,0,2,2,1,2,0,0,0,0,22,1,0
/mnt/c/Users/User/Downloads/ta4j/ta4j/ta4j/src/test/java/eu/verdelhan/ta4j/trading/rules/WaitForRuleTest.java,eu.verdelhan.ta4j.trading.rules.WaitForRuleTest,class,4,4,0,4,3,1,0,5,0,0.16666667,0.0,0.0,3,0,3,0,0,0,3,0,0,0,2,0,0,2,0,0,0,0,0,47,0,0,0,0,0,0,36,3,0,2,0,0,0,0,20,1,0
/mnt/c/Users/User/Downloads/ta4j/ta4j/ta4j/src/main/java/eu/verdelhan/ta4j/indicators/trackers/AverageDirectionalMovementIndicator.java,eu.verdelhan.ta4j.indicators.trackers.AverageDirectionalMovementIndicator,class,5,5,0,5,3,4,0,6,0,0.0,0.0,0.0,2,0,1,0,1,0,2,0,0,0,2,0,0,2,0,0,2,0,2,17,2,0,1,0,0,0,3,4,2,4,1,0,0,0,21,1,0
/mnt/c/Users/User/Downloads/ta4j/ta4j/ta4j/src/test/java/eu/verdelhan/ta4j/trading/rules/CrossedUpIndicatorRuleTest.java,eu.verdelhan.ta4j.trading.rules.CrossedUpIndicatorRuleTest,class,6,6,0,6,2,1,0,3,0,0.25,0.0,0.0,2,0,2,0,0,0,2,0,0,0,2,0,0,2,0,0,0,0,0,18,0,0,0,0,0,0,16,2,0,2,0,0,0,0,15,1,0
/mnt/c/Users/User/Downloads/ta4j/ta4j/ta4j/src/test/java/eu/verdelhan/ta4j/indicators/simple/MultiplierIndicatorTest.java,eu.verdelhan.ta4j.indicators.simple.MultiplierIndicatorTest,class,6,6,0,6,2,1,0,3,0,0.0,0.0,0.0,2,0,2,0,0,0,2,0,0,0,2,0,0,2,0,0,0,0,4,14,0,0,0,0,0,5,5,2,0,2,0,0,0,0,10,1,0
/mnt/c/Users/User/Downloads/ta4j/ta4j/ta4j/src/test/java/eu/verdelhan/ta4j/trading/rules/InPipeRuleTest.java,eu.verdelhan.ta4j.trading.rules.InPipeRuleTest,class,6,6,0,6,2,1,0,4,0,0.25,0.0,0.0,2,0,2,0,0,0,2,0,0,0,2,0,0,2,0,0,0,0,0,20,0,0,0,0,0,0,22,2,0,2,0,0,0,0,16,1,0
/mnt/c/Users/User/Downloads/ta4j/ta4j/ta4j/src/main/java/eu/verdelhan/ta4j/trading/rules/XorRule.java,eu.verdelhan.ta4j.trading.rules.XorRule,class,3,4,1,3,2,2,0,2,0,0.0,0.0,0.0,2,0,2,0,0,0,2,0,0,0,2,0,0,2,0,0,0,0,0,13,1,0,0,0,0,0,0,3,0,3,0,0,0,0,28,1,0
/mnt/c/Users/User/Downloads/ta4j/ta4j/ta4j/src/test/java/eu/verdelhan/ta4j/indicators/statistics/VarianceIndicatorTest.java,eu.verdelhan.ta4j.indicators.statistics.VarianceIndicatorTest,class,7,7,0,7,5,1,0,3,0,0.0,0.0,0.0,5,0,5,0,0,0,5,0,0,0,1,0,0,1,0,0,0,0,20,38,0,0,0,0,0,0,56,5,1,5,0,0,0,0,27,1,0
/mnt/c/Users/User/Downloads/ta4j/ta4j/ta4j/src/main/java/eu/verdelhan/ta4j/indicators/simple/DifferenceIndicator.java,eu.verdelhan.ta4j.indicators.simple.DifferenceIndicator,class,3,5,2,3,2,3,0,2,0,0.0,0.0,0.0,2,0,1,0,1,0,2,0,0,0,2,0,0,2,0,0,0,0,0,12,1,0,0,0,0,0,0,2,0,2,0,0,0,0,10,1,0
/mnt/c/Users/User/Downloads/ta4j/ta4j/ta4j/src/main/java/eu/verdelhan/ta4j/Order.java,eu.verdelhan.ta4j.Order$OrderType,enum,1,1,0,1,1,1,0,0,0,0.0,NaN,NaN,1,0,1,0,0,0,1,1,0,0,0,0,0,0,0,0,0,0,0,13,0,0,0,0,0,0,0,0,0,0,0,2,0,0,22,1,0
/mnt/c/Users/User/Downloads/ta4j/ta4j/ta4j/src/main/java/eu/verdelhan/ta4j/trading/rules/BooleanIndicatorRule.java,eu.verdelhan.ta4j.trading.rules.BooleanIndicatorRule,class,3,4,1,3,2,2,0,2,0,0.0,0.0,0.0,2,0,2,0,0,0,2,0,0,0,1,0,0,1,0,0,0,0,0,11,1,0,0,0,0,0,0,2,0,2,0,0,0,0,21,1,0
/mnt/c/Users/User/Downloads/ta4j/ta4j/ta4j-examples/src/main/java/ta4jexamples/analysis/BuyAndSellSignalsToChart.java,ta4jexamples.analysis.BuyAndSellSignalsToChart,class,19,20,1,19,6,1,0,33,6,0.0,NaN,NaN,4,4,1,3,0,0,1,0,0,0,0,0,0,0,0,0,0,0,4,48,1,2,0,0,0,8,3,16,0,16,1,0,0,0,87,1,0
/mnt/c/Users/User/Downloads/ta4j/ta4j/ta4j/src/test/java/eu/verdelhan/ta4j/indicators/helpers/AverageTrueRangeIndicatorTest.java,eu.verdelhan.ta4j.indicators.helpers.AverageTrueRangeIndicatorTest,class,5,5,0,5,1,1,0,3,0,0.0,NaN,NaN,1,0,1,0,0,0,1,0,0,0,0,0,0,0,0,0,0,0,0,16,0,0,0,0,3,0,54,2,23,2,0,0,0,0,19,1,0
/mnt/c/Users/User/Downloads/ta4j/ta4j/ta4j/src/test/java/eu/verdelhan/ta4j/indicators/simple/ClosePriceIndicatorTest.java,eu.verdelhan.ta4j.indicators.simple.ClosePriceIndicatorTest,class,5,5,0,5,3,1,0,4,0,0.0,0.0,0.0,2,0,2,0,0,0,2,0,0,0,2,0,0,1,0,1,0,0,0,13,0,1,0,0,0,0,2,3,0,3,1,0,0,0,18,1,0
/mnt/c/Users/User/Downloads/ta4j/ta4j/ta4j/src/main/java/eu/verdelhan/ta4j/indicators/candles/RealBodyIndicator.java,eu.verdelhan.ta4j.indicators.candles.RealBodyIndicator,class,4,5,1,4,2,3,0,4,0,0.0,0.0,0.0,2,0,1,0,1,0,2,0,0,0,1,0,0,1,0,0,1,0,0,11,1,0,0,0,0,0,0,2,0,2,0,0,0,0,27,1,0
/mnt/c/Users/User/Downloads/ta4j/ta4j/ta4j/src/main/java/eu/verdelhan/ta4j/Order.java,eu.verdelhan.ta4j.Order$OrderType$Anonymous2,anonymous,1,1,0,1,1,1,0,0,0,0.0,NaN,NaN,1,0,1,0,0,0,1,0,0,0,0,0,0,0,0,0,0,0,0,5,1,0,0,0,0,0,0,0,0,0,0,0,0,0,6,-1,0
/mnt/c/Users/User/Downloads/ta4j/ta4j/ta4j/src/main/java/eu/verdelhan/ta4j/trading/rules/CrossedUpIndicatorRule.java,eu.verdelhan.ta4j.trading.rules.CrossedUpIndicatorRule,class,6,7,1,6,3,2,0,2,1,0.33333334,0.0,0.0,3,0,3,0,0,0,3,0,0,0,1,0,0,1,0,0,0,0,0,14,1,0,0,0,0,0,0,2,0,2,0,0,0,0,29,1,0
/mnt/c/Users/User/Downloads/ta4j/ta4j/ta4j/src/main/java/eu/verdelhan/ta4j/Order.java,eu.verdelhan.ta4j.Order$OrderType$Anonymous1,anonymous,1,1,0,1,1,1,0,0,0,0.0,NaN,NaN,1,0,1,0,0,0,1,0,0,0,0,0,0,0,0,0,0,0,0,5,1,0,0,0,0,0,0,0,0,0,0,0,0,0,6,-1,0
/mnt/c/Users/User/Downloads/ta4j/ta4j/ta4j/src/test/java/eu/verdelhan/ta4j/indicators/candles/LowerShadowIndicatorTest.java,eu.verdelhan.ta4j.indicators.candles.LowerShadowIndicatorTest,class,7,7,0,7,2,1,0,3,0,0.0,0.0,0.0,2,0,2,0,0,0,2,0,0,0,1,0,0,1,0,0,0,0,0,20,0,0,0,0,0,0,30,3,0,3,0,0,0,0,18,1,0
/mnt/c/Users/User/Downloads/ta4j/ta4j/ta4j/src/main/java/eu/verdelhan/ta4j/indicators/helpers/MeanDeviationIndicator.java,eu.verdelhan.ta4j.indicators.helpers.MeanDeviationIndicator,class,4,5,1,4,4,3,0,10,0,0.22222222,0.0,0.0,3,0,2,0,1,0,3,0,0,0,3,0,0,3,0,0,0,0,2,24,2,1,0,0,0,1,3,9,5,8,1,0,0,0,29,1,0
/mnt/c/Users/User/Downloads/ta4j/ta4j/ta4j/src/main/java/eu/verdelhan/ta4j/indicators/trackers/bollinger/BollingerBandsUpperIndicator.java,eu.verdelhan.ta4j.indicators.trackers.bollinger.BollingerBandsUpperIndicator,class,4,6,2,4,5,3,0,6,0,0.26666668,0.0,0.0,5,0,4,0,1,0,5,0,0,0,3,0,0,3,0,0,3,0,0,23,3,0,0,0,0,2,0,3,1,3,0,0,0,0,30,1,0
/mnt/c/Users/User/Downloads/ta4j/ta4j/ta4j/src/main/java/eu/verdelhan/ta4j/indicators/candles/BullishEngulfingIndicator.java,eu.verdelhan.ta4j.indicators.candles.BullishEngulfingIndicator,class,4,4,0,4,5,3,0,7,0,0.0,0.0,0.0,2,0,1,0,1,0,2,0,0,0,1,0,0,1,0,0,1,0,0,22,3,0,0,0,0,0,2,7,1,7,1,0,0,0,23,1,0
/mnt/c/Users/User/Downloads/ta4j/ta4j/ta4j/src/main/java/eu/verdelhan/ta4j/indicators/candles/UpperShadowIndicator.java,eu.verdelhan.ta4j.indicators.candles.UpperShadowIndicator,class,4,5,1,4,3,3,0,6,0,0.0,0.0,0.0,2,0,1,0,1,0,2,0,0,0,1,0,0,1,0,0,1,0,0,18,2,0,0,0,0,0,0,4,0,4,1,0,0,0,30,1,0
/mnt/c/Users/User/Downloads/ta4j/ta4j/ta4j/src/main/java/eu/verdelhan/ta4j/indicators/helpers/CrossIndicator.java,eu.verdelhan.ta4j.indicators.helpers.CrossIndicator,class,3,3,0,3,10,3,0,6,0,0.2,0.0,0.0,5,0,4,0,1,0,5,0,0,0,2,0,0,2,0,0,2,0,0,34,6,1,2,0,2,2,3,3,1,3,2,0,0,0,27,1,0
/mnt/c/Users/User/Downloads/ta4j/ta4j/ta4j/src/test/java/eu/verdelhan/ta4j/TradingRecordTest.java,eu.verdelhan.ta4j.TradingRecordTest,class,4,4,0,4,8,1,0,16,0,0.125,0.0,0.0,8,0,8,0,0,0,8,0,0,0,1,0,0,1,0,0,0,0,0,77,0,0,0,0,0,0,47,4,0,4,0,0,0,0,25,1,0
/mnt/c/Users/User/Downloads/ta4j/ta4j/ta4j/src/test/java/eu/verdelhan/ta4j/indicators/trackers/bollinger/BollingerBandWidthIndicatorTest.java,eu.verdelhan.ta4j.indicators.trackers.bollinger.BollingerBandWidthIndicatorTest,class,12,12,0,12,2,1,0,2,0,0.25,0.0,0.0,2,0,2,0,0,0,2,0,0,0,2,0,0,2,0,0,0,0,20,36,0,0,0,0,0,0,62,8,0,8,0,0,0,0,35,1,0
/mnt/c/Users/User/Downloads/ta4j/ta4j/ta4j/src/test/java/eu/verdelhan/ta4j/indicators/trackers/keltner/KeltnerChannelUpperIndicatorTest.java,eu.verdelhan.ta4j.indicators.trackers.keltner.KeltnerChannelUpperIndicatorTest,class,10,10,0,10,2,1,0,4,0,0.0,0.0,0.0,2,0,2,0,0,0,2,0,0,0,1,0,0,1,0,0,0,0,17,60,0,0,0,0,0,0,165,4,0,4,0,0,0,0,22,1,0
/mnt/c/Users/User/Downloads/ta4j/ta4j/ta4j/src/main/java/eu/verdelhan/ta4j/indicators/trackers/keltner/KeltnerChannelLowerIndicator.java,eu.verdelhan.ta4j.indicators.trackers.keltner.KeltnerChannelLowerIndicator,class,4,4,0,4,2,2,0,4,0,0.0,0.0,0.0,2,0,1,0,1,0,2,0,0,0,3,0,0,3,0,0,3,0,0,14,1,0,0,0,0,0,0,3,0,3,0,0,0,0,23,1,0
/mnt/c/Users/User/Downloads/ta4j/ta4j/ta4j/src/main/java/eu/verdelhan/ta4j/indicators/trackers/ROCIndicator.java,eu.verdelhan.ta4j.indicators.trackers.ROCIndicator,class,3,3,0,3,2,2,0,5,0,0.0,0.0,0.0,2,0,1,0,1,0,2,0,0,0,2,0,0,2,0,0,2,0,1,15,1,0,0,0,0,0,1,5,1,5,0,0,0,0,27,1,0
/mnt/c/Users/User/Downloads/ta4j/ta4j/ta4j/src/main/java/eu/verdelhan/ta4j/indicators/volume/PVIIndicator.java,eu.verdelhan.ta4j.indicators.volume.PVIIndicator,class,4,4,0,4,4,2,0,9,0,0.0,0.0,0.0,2,0,1,0,1,0,2,0,0,0,1,0,0,1,0,0,1,0,0,22,3,0,1,0,0,0,3,7,2,7,1,0,0,0,29,1,0
/mnt/c/Users/User/Downloads/ta4j/ta4j/ta4j/src/test/java/eu/verdelhan/ta4j/indicators/helpers/DirectionalMovementDownIndicatorTest.java,eu.verdelhan.ta4j.indicators.helpers.DirectionalMovementDownIndicatorTest,class,5,5,0,5,4,1,0,3,6,0.0,0.0,0.0,4,0,4,0,0,0,4,0,0,0,0,0,0,0,0,0,0,0,0,42,0,0,0,0,0,0,40,20,0,20,0,0,0,0,21,1,0
/mnt/c/Users/User/Downloads/ta4j/ta4j/ta4j/src/main/java/eu/verdelhan/ta4j/indicators/helpers/AverageDirectionalMovementDownIndicator.java,eu.verdelhan.ta4j.indicators.helpers.AverageDirectionalMovementDownIndicator,class,5,6,1,5,3,4,0,6,0,0.0,0.0,0.0,2,0,1,0,1,0,2,0,0,0,2,0,0,2,0,0,2,0,2,17,2,0,1,0,0,0,3,4,2,4,1,0,0,0,25,1,0
/mnt/c/Users/User/Downloads/ta4j/ta4j/ta4j/src/test/java/eu/verdelhan/ta4j/indicators/helpers/AverageLossIndicatorTest.java,eu.verdelhan.ta4j.indicators.helpers.AverageLossIndicatorTest,class,6,6,0,6,5,1,0,3,0,0.0,0.0,0.0,5,0,5,0,0,0,5,0,0,0,1,0,0,1,0,0,0,0,0,29,0,0,0,0,0,8,31,5,1,5,0,0,0,0,32,1,0
/mnt/c/Users/User/Downloads/ta4j/ta4j/ta4j-examples/src/main/java/ta4jexamples/Quickstart.java,ta4jexamples.Quickstart,class,17,17,0,17,1,1,0,12,0,0.0,NaN,NaN,1,1,1,0,0,0,1,0,0,0,0,0,0,0,0,0,0,0,0,23,0,0,0,0,0,9,5,12,6,12,0,0,0,0,64,1,0
/mnt/c/Users/User/Downloads/ta4j/ta4j/ta4j-examples/src/main/java/ta4jexamples/loaders/CsvTicksLoader.java,ta4jexamples.loaders.CsvTicksLoader,class,5,7,2,5,6,1,0,19,1,0.5,0.0,0.0,2,2,2,0,0,0,2,0,0,0,1,1,0,1,0,0,1,0,10,36,1,1,1,1,1,17,10,12,4,12,2,0,0,0,59,1,0
/mnt/c/Users/User/Downloads/ta4j/ta4j/ta4j/src/test/java/eu/verdelhan/ta4j/indicators/trackers/RSIIndicatorTest.java,eu.verdelhan.ta4j.indicators.trackers.RSIIndicatorTest,class,7,7,0,7,4,1,0,3,0,0.0,0.0,0.0,4,0,4,0,0,0,4,0,0,0,1,0,0,1,0,0,0,0,10,28,0,0,0,0,0,0,52,4,0,4,0,0,0,0,28,1,0
/mnt/c/Users/User/Downloads/ta4j/ta4j/ta4j/src/main/java/eu/verdelhan/ta4j/indicators/helpers/TrueRangeIndicator.java,eu.verdelhan.ta4j.indicators.helpers.TrueRangeIndicator,class,3,4,1,3,4,3,0,7,0,0.0,0.0,0.0,2,0,1,0,1,0,2,0,0,0,1,0,0,1,0,0,0,0,0,13,1,0,2,0,0,0,4,4,2,4,0,0,0,0,13,1,0
/mnt/c/Users/User/Downloads/ta4j/ta4j/ta4j/src/test/java/eu/verdelhan/ta4j/indicators/candles/RealBodyIndicatorTest.java,eu.verdelhan.ta4j.indicators.candles.RealBodyIndicatorTest,class,7,7,0,7,2,1,0,3,0,0.0,0.0,0.0,2,0,2,0,0,0,2,0,0,0,1,0,0,1,0,0,0,0,0,20,0,0,0,0,0,0,30,3,0,3,0,0,0,0,18,1,0
/mnt/c/Users/User/Downloads/ta4j/ta4j/ta4j/src/main/java/eu/verdelhan/ta4j/indicators/trackers/RandomWalkIndexHighIndicator.java,eu.verdelhan.ta4j.indicators.trackers.RandomWalkIndexHighIndicator,class,6,6,0,6,2,2,0,7,0,0.0,0.0,0.0,2,0,1,0,1,0,2,0,0,0,5,0,0,5,0,0,5,0,1,18,1,0,0,0,0,0,1,5,1,5,0,0,0,0,27,1,0
/mnt/c/Users/User/Downloads/ta4j/ta4j/ta4j/src/main/java/eu/verdelhan/ta4j/trading/rules/OrRule.java,eu.verdelhan.ta4j.trading.rules.OrRule,class,3,4,1,3,2,2,0,2,0,0.0,0.0,0.0,2,0,2,0,0,0,2,0,0,0,2,0,0,2,0,0,0,0,0,13,1,0,0,0,0,0,0,3,0,3,0,0,0,0,31,1,0
/mnt/c/Users/User/Downloads/ta4j/ta4j/ta4j/src/test/java/eu/verdelhan/ta4j/indicators/candles/BearishHaramiIndicatorTest.java,eu.verdelhan.ta4j.indicators.candles.BearishHaramiIndicatorTest,class,7,7,0,7,2,1,0,4,0,0.0,0.0,0.0,2,0,2,0,0,0,2,0,0,0,1,0,0,1,0,0,0,0,0,20,0,0,0,0,0,0,25,3,0,3,0,0,0,0,18,1,0
/mnt/c/Users/User/Downloads/ta4j/ta4j/ta4j/src/test/java/eu/verdelhan/ta4j/indicators/simple/VolumeIndicatorTest.java,eu.verdelhan.ta4j.indicators.simple.VolumeIndicatorTest,class,7,7,0,7,3,1,0,6,1,0.0,0.0,0.0,2,0,2,0,0,0,2,0,0,0,0,0,0,0,0,0,0,0,7,27,0,1,0,0,0,0,31,5,0,5,1,0,0,0,19,1,0
/mnt/c/Users/User/Downloads/ta4j/ta4j/ta4j/src/test/java/eu/verdelhan/ta4j/indicators/simple/TradeCountIndicatorTest.java,eu.verdelhan.ta4j.indicators.simple.TradeCountIndicatorTest,class,5,5,0,5,3,1,0,4,0,0.0,0.0,0.0,2,0,2,0,0,0,2,0,0,0,2,0,0,1,0,1,0,0,0,13,0,1,0,0,0,0,2,3,0,3,1,0,0,0,18,1,0
/mnt/c/Users/User/Downloads/ta4j/ta4j/ta4j/src/test/java/eu/verdelhan/ta4j/indicators/trackers/bollinger/BollingerBandsUpperIndicatorTest.java,eu.verdelhan.ta4j.indicators.trackers.bollinger.BollingerBandsUpperIndicatorTest,class,10,10,0,10,2,1,0,5,0,0.125,0.0,0.0,2,0,2,0,0,0,2,0,0,0,4,0,0,4,0,0,0,0,22,40,0,0,0,0,0,1,56,8,0,8,0,0,0,0,34,1,0
/mnt/c/Users/User/Downloads/ta4j/ta4j/ta4j/src/test/java/eu/verdelhan/ta4j/indicators/trackers/ParabolicSarIndicatorTest.java,eu.verdelhan.ta4j.indicators.trackers.ParabolicSarIndicatorTest,class,6,6,0,6,4,1,0,4,6,0.0,0.0,0.0,4,0,4,0,0,0,4,0,0,0,0,0,0,0,0,0,0,0,21,61,0,0,0,0,4,0,140,9,12,9,0,0,0,0,20,1,0
/mnt/c/Users/User/Downloads/ta4j/ta4j/ta4j/src/test/java/eu/verdelhan/ta4j/trading/rules/JustOnceRuleTest.java,eu.verdelhan.ta4j.trading.rules.JustOnceRuleTest,class,3,3,0,3,3,1,0,3,0,0.0,0.0,0.0,3,0,3,0,0,0,3,0,0,0,1,0,0,1,0,0,0,0,0,19,0,0,0,0,0,0,9,1,0,1,0,0,0,0,15,1,0
/mnt/c/Users/User/Downloads/ta4j/ta4j/ta4j/src/main/java/eu/verdelhan/ta4j/indicators/simple/MultiplierIndicator.java,eu.verdelhan.ta4j.indicators.simple.MultiplierIndicator,class,3,5,2,3,3,3,0,4,0,0.16666667,0.0,0.0,3,0,2,0,1,0,3,0,0,0,2,0,0,2,0,0,0,0,0,15,2,0,0,0,0,1,0,2,1,2,0,0,0,0,13,1,0
/mnt/c/Users/User/Downloads/ta4j/ta4j/ta4j/src/main/java/eu/verdelhan/ta4j/indicators/oscillators/FisherIndicator.java,eu.verdelhan.ta4j.indicators.oscillators.FisherIndicator$Anonymous1,anonymous,3,3,0,3,4,1,0,9,0,0.0,NaN,NaN,1,0,0,0,1,0,1,0,0,0,0,0,0,0,0,0,0,0,0,20,2,0,0,0,0,0,2,8,1,6,1,0,0,0,30,-1,0
/mnt/c/Users/User/Downloads/ta4j/ta4j/ta4j/src/main/java/eu/verdelhan/ta4j/indicators/helpers/DirectionalMovementDownIndicator.java,eu.verdelhan.ta4j.indicators.helpers.DirectionalMovementDownIndicator,class,3,4,1,3,6,3,0,6,0,0.0,0.0,0.0,2,0,1,0,1,0,2,0,0,0,1,0,0,1,0,0,0,0,0,20,3,0,1,0,1,0,3,5,2,5,1,0,0,0,18,1,0
/mnt/c/Users/User/Downloads/ta4j/ta4j/ta4j/src/test/java/eu/verdelhan/ta4j/indicators/oscillators/StochasticOscillatorKIndicatorTest.java,eu.verdelhan.ta4j.indicators.oscillators.StochasticOscillatorKIndicatorTest,class,7,7,0,7,2,1,0,3,0,0.0,0.0,0.0,2,0,2,0,0,0,2,0,0,0,1,0,0,1,0,0,0,0,3,27,0,0,0,0,0,0,65,3,2,3,0,0,0,0,20,1,0
/mnt/c/Users/User/Downloads/ta4j/ta4j/ta4j/src/main/java/eu/verdelhan/ta4j/indicators/trackers/DirectionalMovementIndicator.java,eu.verdelhan.ta4j.indicators.trackers.DirectionalMovementIndicator,class,5,6,1,5,3,3,0,8,0,0.33333334,0.0,0.0,3,0,2,0,1,0,3,0,0,0,3,0,0,3,0,0,3,0,0,20,2,0,0,0,0,1,0,6,1,6,0,0,0,0,22,1,0
/mnt/c/Users/User/Downloads/ta4j/ta4j/ta4j/src/main/java/eu/verdelhan/ta4j/indicators/helpers/HighestValueIndicator.java,eu.verdelhan.ta4j.indicators.helpers.HighestValueIndicator,class,3,8,5,3,5,3,0,5,0,0.16666667,0.0,0.0,3,0,2,0,1,0,3,0,0,0,2,0,0,2,0,0,2,0,1,22,2,1,0,0,0,1,3,6,4,5,2,0,0,0,17,1,0
/mnt/c/Users/User/Downloads/ta4j/ta4j/ta4j/src/main/java/eu/verdelhan/ta4j/indicators/volatility/MassIndexIndicator.java,eu.verdelhan.ta4j.indicators.volatility.MassIndexIndicator,class,8,8,0,8,3,2,0,4,0,0.0,0.0,0.0,2,0,1,0,1,0,2,0,0,0,3,0,0,3,0,0,0,0,1,21,1,1,0,0,0,0,2,9,2,8,1,0,0,0,34,1,0
/mnt/c/Users/User/Downloads/ta4j/ta4j/ta4j/src/test/java/eu/verdelhan/ta4j/mocks/MockTick.java,eu.verdelhan.ta4j.mocks.MockTick,class,3,32,29,3,8,2,0,1,24,0.75,0.0,0.0,8,0,8,0,0,0,8,0,0,0,2,0,0,2,0,0,0,0,0,30,2,0,0,0,0,0,9,4,0,2,0,0,0,0,19,1,0
/mnt/c/Users/User/Downloads/ta4j/ta4j/ta4j/src/main/java/eu/verdelhan/ta4j/indicators/simple/TypicalPriceIndicator.java,eu.verdelhan.ta4j.indicators.simple.TypicalPriceIndicator,class,3,5,2,3,2,3,0,6,0,0.0,0.0,0.0,2,0,1,0,1,0,2,0,0,0,1,0,0,1,0,0,0,0,0,13,1,0,0,0,0,0,0,4,0,4,0,0,0,0,13,1,0
/mnt/c/Users/User/Downloads/ta4j/ta4j/ta4j/src/main/java/eu/verdelhan/ta4j/indicators/helpers/DirectionalMovementUpIndicator.java,eu.verdelhan.ta4j.indicators.helpers.DirectionalMovementUpIndicator,class,3,4,1,3,7,3,0,7,0,0.0,0.0,0.0,2,0,1,0,1,0,2,0,0,0,1,0,0,1,0,0,0,0,0,23,4,0,1,0,1,0,3,5,2,5,1,0,0,0,18,1,0
/mnt/c/Users/User/Downloads/ta4j/ta4j/ta4j/src/test/java/eu/verdelhan/ta4j/indicators/trackers/bollinger/BollingerBandsMiddleIndicatorTest.java,eu.verdelhan.ta4j.indicators.trackers.bollinger.BollingerBandsMiddleIndicatorTest,class,7,7,0,7,3,1,0,3,0,0.0,0.0,0.0,2,0,2,0,0,0,2,0,0,0,1,0,0,1,0,0,0,0,0,13,0,1,0,0,0,0,15,4,0,4,1,0,0,0,23,1,0
/mnt/c/Users/User/Downloads/ta4j/ta4j/ta4j/src/test/java/eu/verdelhan/ta4j/indicators/trackers/TripleEMAIndicatorTest.java,eu.verdelhan.ta4j.indicators.trackers.TripleEMAIndicatorTest,class,7,7,0,7,2,1,0,2,0,0.25,0.0,0.0,2,0,2,0,0,0,2,0,0,0,2,0,0,2,0,0,0,0,9,20,0,0,0,0,0,0,34,3,0,3,0,0,0,0,22,1,0
/mnt/c/Users/User/Downloads/ta4j/ta4j/ta4j/src/test/java/eu/verdelhan/ta4j/indicators/volume/MVWAPIndicatorTest.java,eu.verdelhan.ta4j.indicators.volume.MVWAPIndicatorTest,class,9,9,0,9,2,1,0,3,0,0.0,0.0,0.0,2,0,2,0,0,0,2,0,0,0,1,0,0,0,1,0,0,0,11,42,0,0,0,0,0,0,124,4,0,4,0,0,0,0,20,1,0
/mnt/c/Users/User/Downloads/ta4j/ta4j/ta4j/src/test/java/eu/verdelhan/ta4j/indicators/simple/PriceVariationIndicatorTest.java,eu.verdelhan.ta4j.indicators.simple.PriceVariationIndicatorTest,class,7,7,0,7,3,1,0,6,0,0.0,0.0,0.0,2,0,2,0,0,0,2,0,0,0,2,0,0,2,0,0,0,0,1,16,0,1,0,0,0,0,5,5,1,5,1,0,0,0,22,1,0
/mnt/c/Users/User/Downloads/ta4j/ta4j/ta4j/src/main/java/eu/verdelhan/ta4j/indicators/oscillators/AwesomeOscillatorIndicator.java,eu.verdelhan.ta4j.indicators.oscillators.AwesomeOscillatorIndicator,class,4,5,1,4,3,3,0,2,1,0.33333334,0.0,0.0,3,0,2,0,1,0,3,0,0,0,2,0,0,2,0,0,0,0,0,15,1,0,0,0,0,0,2,2,0,2,0,0,0,0,19,1,0
/mnt/c/Users/User/Downloads/ta4j/ta4j/ta4j/src/main/java/eu/verdelhan/ta4j/indicators/oscillators/StochasticOscillatorKIndicator.java,eu.verdelhan.ta4j.indicators.oscillators.StochasticOscillatorKIndicator,class,9,10,1,9,4,3,0,7,0,0.375,0.0,0.0,4,0,3,0,1,0,4,0,0,0,4,0,0,4,0,0,2,0,0,26,2,0,0,0,0,1,0,8,1,8,0,0,0,0,40,1,0
/mnt/c/Users/User/Downloads/ta4j/ta4j/ta4j/src/main/java/eu/verdelhan/ta4j/indicators/simple/ConstantIndicator.java,eu.verdelhan.ta4j.indicators.simple.ConstantIndicator,class,2,6,4,2,3,2,0,2,0,0.0,0.0,0.0,3,0,3,0,0,0,3,0,0,0,1,0,0,1,0,0,0,0,0,13,2,0,0,0,0,1,0,1,1,1,0,0,0,0,12,1,0
/mnt/c/Users/User/Downloads/ta4j/ta4j/ta4j/src/test/java/eu/verdelhan/ta4j/indicators/trackers/TrailingStopLossIndicatorTest.java,eu.verdelhan.ta4j.indicators.trackers.TrailingStopLossIndicatorTest,class,7,7,0,7,3,1,0,3,0,0.0,0.0,0.0,3,0,3,0,0,0,3,0,0,0,1,0,0,1,0,0,0,0,17,31,0,0,0,0,0,0,57,5,0,5,0,0,0,0,23,1,0
/mnt/c/Users/User/Downloads/ta4j/ta4j/ta4j/src/test/java/eu/verdelhan/ta4j/trading/rules/NotRuleTest.java,eu.verdelhan.ta4j.trading.rules.NotRuleTest,class,4,4,0,4,2,1,0,4,0,0.0,0.0,0.0,2,0,2,0,0,0,2,0,0,0,2,0,0,2,0,0,0,0,0,14,0,0,0,0,0,0,4,2,0,2,0,0,0,0,15,1,0
/mnt/c/Users/User/Downloads/ta4j/ta4j/ta4j/src/test/java/eu/verdelhan/ta4j/indicators/statistics/PeriodicalGrowthRateIndicatorTest.java,eu.verdelhan.ta4j.indicators.statistics.PeriodicalGrowthRateIndicatorTest,class,11,11,0,11,4,1,0,6,0,0.25,0.0,0.0,4,0,4,0,0,0,4,0,0,0,2,0,0,2,0,0,0,0,5,35,0,0,0,0,0,0,49,12,0,12,0,0,0,0,34,1,0
/mnt/c/Users/User/Downloads/ta4j/ta4j/ta4j/src/test/java/eu/verdelhan/ta4j/indicators/simple/FixedIndicatorTest.java,eu.verdelhan.ta4j.indicators.simple.FixedIndicatorTest,class,4,4,0,4,2,1,0,6,1,0.5,0.0,0.0,2,0,2,0,0,0,2,0,0,0,2,0,0,2,0,0,0,0,6,22,0,0,0,0,0,6,17,3,0,2,0,0,0,0,11,1,0
/mnt/c/Users/User/Downloads/ta4j/ta4j/ta4j/src/main/java/eu/verdelhan/ta4j/indicators/trackers/bollinger/PercentBIndicator.java,eu.verdelhan.ta4j.indicators.trackers.bollinger.PercentBIndicator,class,8,8,0,8,2,3,0,4,0,0.125,0.0,0.0,2,0,1,0,1,0,2,0,0,0,4,0,0,4,0,0,4,0,0,21,1,0,0,0,0,0,0,8,0,8,0,0,0,0,37,1,0
/mnt/c/Users/User/Downloads/ta4j/ta4j/ta4j/src/main/java/eu/verdelhan/ta4j/indicators/simple/PreviousPriceIndicator.java,eu.verdelhan.ta4j.indicators.simple.PreviousPriceIndicator,class,3,4,1,3,2,3,0,3,0,0.0,0.0,0.0,2,0,1,0,1,0,2,0,0,0,1,0,0,1,0,0,0,0,1,10,1,0,0,0,0,0,2,1,1,1,0,0,0,0,10,1,0
/mnt/c/Users/User/Downloads/ta4j/ta4j/ta4j/src/main/java/eu/verdelhan/ta4j/trading/rules/AndRule.java,eu.verdelhan.ta4j.trading.rules.AndRule,class,3,4,1,3,2,2,0,2,0,0.0,0.0,0.0,2,0,2,0,0,0,2,0,0,0,2,0,0,2,0,0,0,0,0,13,1,0,0,0,0,0,0,3,0,3,0,0,0,0,34,1,0
/mnt/c/Users/User/Downloads/ta4j/ta4j/ta4j/src/main/java/eu/verdelhan/ta4j/indicators/trackers/AccelerationDecelerationIndicator.java,eu.verdelhan.ta4j.indicators.trackers.AccelerationDecelerationIndicator,class,6,6,0,6,3,3,0,3,1,0.33333334,0.0,0.0,3,0,2,0,1,0,3,0,0,0,2,0,0,2,0,0,0,0,0,15,1,0,0,0,0,0,2,2,0,2,0,0,0,0,22,1,0
/mnt/c/Users/User/Downloads/ta4j/ta4j/ta4j/src/test/java/eu/verdelhan/ta4j/indicators/statistics/StandardErrorIndicatorTest.java,eu.verdelhan.ta4j.indicators.statistics.StandardErrorIndicatorTest,class,7,7,0,7,3,1,0,3,0,0.0,0.0,0.0,3,0,3,0,0,0,3,0,0,0,1,0,0,1,0,0,0,0,14,26,0,0,0,0,0,0,42,3,0,3,0,0,0,0,25,1,0
/mnt/c/Users/User/Downloads/ta4j/ta4j/ta4j/src/main/java/eu/verdelhan/ta4j/trading/rules/StopLossRule.java,eu.verdelhan.ta4j.trading.rules.StopLossRule,class,6,7,1,6,4,2,0,10,0,0.0,0.0,0.0,2,0,2,0,0,0,2,0,0,0,2,0,0,2,0,0,0,0,0,21,1,0,1,0,0,0,0,7,0,6,2,0,0,0,38,1,0
/mnt/c/Users/User/Downloads/ta4j/ta4j/ta4j/src/test/java/eu/verdelhan/ta4j/analysis/criteria/AverageProfitableTradesCriterionTest.java,eu.verdelhan.ta4j.analysis.criteria.AverageProfitableTradesCriterionTest,class,8,8,0,8,3,1,0,7,3,0.0,0.0,0.0,3,0,3,0,0,0,3,0,0,0,0,0,0,0,0,0,0,0,10,21,0,0,0,0,0,0,30,8,1,7,0,0,0,0,27,1,0
/mnt/c/Users/User/Downloads/ta4j/ta4j/ta4j/src/main/java/eu/verdelhan/ta4j/indicators/trackers/SMAIndicator.java,eu.verdelhan.ta4j.indicators.trackers.SMAIndicator,class,3,9,6,3,4,2,0,8,0,0.16666667,0.0,0.0,3,0,2,0,1,0,3,0,0,0,2,0,0,2,0,0,2,0,2,20,2,1,0,0,0,1,3,6,4,5,1,0,0,0,21,1,0
/mnt/c/Users/User/Downloads/ta4j/ta4j/ta4j/src/test/java/eu/verdelhan/ta4j/indicators/trackers/ZLEMAIndicatorTest.java,eu.verdelhan.ta4j.indicators.trackers.ZLEMAIndicatorTest,class,8,8,0,8,6,1,0,4,0,0.0,0.0,0.0,5,0,5,0,0,0,5,0,0,0,1,0,0,1,0,0,0,0,5,27,0,1,0,0,0,2,27,7,0,7,1,0,0,0,37,1,0
/mnt/c/Users/User/Downloads/ta4j/ta4j/ta4j/src/main/java/eu/verdelhan/ta4j/TimeSeries.java,eu.verdelhan.ta4j.TimeSeries,class,10,57,47,10,61,1,0,37,120,0.8015873,0.0,0.0,28,1,24,4,0,0,24,0,0,0,9,1,0,9,0,0,4,0,5,215,21,7,5,0,0,15,23,54,13,41,3,0,0,0,207,1,2
/mnt/c/Users/User/Downloads/ta4j/ta4j/ta4j/src/main/java/eu/verdelhan/ta4j/indicators/volume/AccumulationDistributionIndicator.java,eu.verdelhan.ta4j.indicators.volume.AccumulationDistributionIndicator,class,5,5,0,5,3,2,0,5,0,0.0,0.0,0.0,2,0,1,0,1,0,2,0,0,0,2,0,0,2,0,0,0,0,0,17,2,0,1,0,0,0,2,4,1,4,1,0,0,0,19,1,0
/mnt/c/Users/User/Downloads/ta4j/ta4j/ta4j/src/test/java/eu/verdelhan/ta4j/analysis/criteria/AverageProfitCriterionTest.java,eu.verdelhan.ta4j.analysis.criteria.AverageProfitCriterionTest,class,7,7,0,7,6,1,0,8,0,0.16666667,0.0,0.0,6,0,6,0,0,0,6,0,0,0,1,0,0,1,0,0,0,0,15,37,0,0,0,0,0,0,58,15,8,11,0,0,0,0,39,1,0
/mnt/c/Users/User/Downloads/ta4j/ta4j/ta4j/src/main/java/eu/verdelhan/ta4j/analysis/criteria/AbstractAnalysisCriterion.java,eu.verdelhan.ta4j.analysis.criteria.AbstractAnalysisCriterion,class,3,13,10,3,5,1,10,12,1,0.0,0.0,0.0,2,0,2,0,0,0,2,0,0,0,0,0,0,0,0,0,0,0,0,23,2,2,0,0,0,1,5,10,1,8,2,0,0,0,26,1025,0
/mnt/c/Users/User/Downloads/ta4j/ta4j/ta4j/src/test/java/eu/verdelhan/ta4j/trading/rules/StopGainRuleTest.java,eu.verdelhan.ta4j.trading.rules.StopGainRuleTest,class,7,7,0,7,2,1,0,6,0,0.16666667,0.0,0.0,2,0,2,0,0,0,2,0,0,0,3,0,0,3,0,0,0,0,0,24,0,0,0,0,0,3,19,4,0,4,0,0,0,0,25,1,0
/mnt/c/Users/User/Downloads/ta4j/ta4j/ta4j/src/main/java/eu/verdelhan/ta4j/indicators/helpers/AverageTrueRangeIndicator.java,eu.verdelhan.ta4j.indicators.helpers.AverageTrueRangeIndicator,class,5,9,4,5,3,4,0,6,0,0.0,0.0,0.0,2,0,1,0,1,0,2,0,0,0,2,0,0,2,0,0,2,0,2,17,2,0,1,0,0,0,3,4,2,4,1,0,0,0,21,1,0
/mnt/c/Users/User/Downloads/ta4j/ta4j/ta4j/src/test/java/eu/verdelhan/ta4j/indicators/simple/AmountIndicatorTest.java,eu.verdelhan.ta4j.indicators.simple.AmountIndicatorTest,class,5,5,0,5,3,1,0,4,0,0.0,0.0,0.0,2,0,2,0,0,0,2,0,0,0,2,0,0,1,0,1,0,0,0,13,0,1,0,0,0,0,2,3,0,3,1,0,0,0,18,1,0
/mnt/c/Users/User/Downloads/ta4j/ta4j/ta4j/src/main/java/eu/verdelhan/ta4j/indicators/trackers/ParabolicSarIndicator.java,eu.verdelhan.ta4j.indicators.trackers.ParabolicSarIndicator,class,9,10,1,9,21,2,0,14,0,0.5833333,0.0,0.0,4,0,1,2,1,0,2,0,0,0,9,4,0,9,0,0,7,0,0,90,3,0,2,0,0,4,8,39,7,22,2,0,0,0,53,1,0
/mnt/c/Users/User/Downloads/ta4j/ta4j/ta4j/src/test/java/eu/verdelhan/ta4j/indicators/volume/VWAPIndicatorTest.java,eu.verdelhan.ta4j.indicators.volume.VWAPIndicatorTest,class,8,8,0,8,2,1,0,3,0,0.0,0.0,0.0,2,0,2,0,0,0,2,0,0,0,1,0,0,0,1,0,0,0,14,44,0,0,0,0,0,0,109,3,0,3,0,0,0,0,18,1,0
/mnt/c/Users/User/Downloads/ta4j/ta4j/ta4j/src/test/java/eu/verdelhan/ta4j/indicators/trackers/DoubleEMAIndicatorTest.java,eu.verdelhan.ta4j.indicators.trackers.DoubleEMAIndicatorTest,class,7,7,0,7,2,1,0,2,0,0.25,0.0,0.0,2,0,2,0,0,0,2,0,0,0,2,0,0,2,0,0,0,0,9,20,0,0,0,0,0,0,34,3,0,3,0,0,0,0,22,1,0
/mnt/c/Users/User/Downloads/ta4j/ta4j/ta4j/src/main/java/eu/verdelhan/ta4j/analysis/criteria/NumberOfTicksCriterion.java,eu.verdelhan.ta4j.analysis.criteria.NumberOfTicksCriterion,class,5,7,2,5,5,2,0,5,3,0.0,0.0,0.0,3,0,3,0,0,0,3,0,0,0,0,0,0,0,0,0,0,0,0,15,3,1,0,0,1,0,2,2,2,1,1,0,0,0,28,1,0
/mnt/c/Users/User/Downloads/ta4j/ta4j/ta4j/src/main/java/eu/verdelhan/ta4j/indicators/simple/OpenPriceIndicator.java,eu.verdelhan.ta4j.indicators.simple.OpenPriceIndicator,class,3,4,1,3,2,3,0,2,0,0.0,0.0,0.0,2,0,1,0,1,0,2,0,0,0,1,0,0,1,0,0,0,0,0,10,1,0,0,0,0,0,0,1,0,1,0,0,0,0,10,1,0
/mnt/c/Users/User/Downloads/ta4j/ta4j/ta4j-examples/src/main/java/ta4jexamples/strategies/RSI2Strategy.java,ta4jexamples.strategies.RSI2Strategy,class,13,15,2,13,3,1,0,8,1,0.0,0.0,0.0,2,2,2,0,0,0,2,0,0,0,0,0,0,0,0,0,0,0,1,21,1,0,1,0,0,3,5,9,2,9,1,0,0,0,51,1,0
/mnt/c/Users/User/Downloads/ta4j/ta4j/ta4j/src/main/java/eu/verdelhan/ta4j/indicators/oscillators/StochasticOscillatorDIndicator.java,eu.verdelhan.ta4j.indicators.oscillators.StochasticOscillatorDIndicator,class,5,5,0,5,4,3,0,3,0,0.25,0.0,0.0,4,0,3,0,1,0,4,0,0,0,1,0,0,1,0,0,0,0,0,16,2,0,0,0,0,1,1,1,1,1,0,0,0,0,22,1,0
/mnt/c/Users/User/Downloads/ta4j/ta4j/ta4j/src/main/java/eu/verdelhan/ta4j/indicators/volume/OnBalanceVolumeIndicator.java,eu.verdelhan.ta4j.indicators.volume.OnBalanceVolumeIndicator,class,4,4,0,4,5,2,0,8,0,0.0,0.0,0.0,2,0,1,0,1,0,2,0,0,0,1,0,0,1,0,0,1,0,0,21,4,0,1,0,0,0,5,3,4,3,1,0,0,0,17,1,0
/mnt/c/Users/User/Downloads/ta4j/ta4j/ta4j/src/test/java/eu/verdelhan/ta4j/indicators/trackers/WMAIndicatorTest.java,eu.verdelhan.ta4j.indicators.trackers.WMAIndicatorTest,class,7,7,0,7,3,1,0,3,3,0.0,0.0,0.0,3,0,3,0,0,0,3,0,0,0,0,0,0,0,0,0,0,0,25,41,0,0,0,0,0,0,86,8,0,8,0,0,0,0,25,1,0
/mnt/c/Users/User/Downloads/ta4j/ta4j/ta4j-examples/src/main/java/ta4jexamples/indicators/IndicatorsToCsv.java,ta4jexamples.indicators.IndicatorsToCsv,class,14,15,1,14,5,1,0,14,0,0.0,NaN,NaN,1,1,1,0,0,0,1,0,0,0,0,0,0,0,0,0,0,0,2,40,0,1,1,2,0,3,13,19,1,18,3,0,0,0,65,1,0
/mnt/c/Users/User/Downloads/ta4j/ta4j/ta4j/src/test/java/eu/verdelhan/ta4j/indicators/helpers/CumulatedLossesIndicatorTest.java,eu.verdelhan.ta4j.indicators.helpers.CumulatedLossesIndicatorTest,class,6,6,0,6,2,1,0,2,0,0.0,0.0,0.0,2,0,2,0,0,0,2,0,0,0,1,0,0,1,0,0,0,0,0,22,0,0,0,0,0,0,40,2,0,2,0,0,0,0,20,1,0
/mnt/c/Users/User/Downloads/ta4j/ta4j/ta4j/src/main/java/eu/verdelhan/ta4j/indicators/oscillators/DPOIndicator.java,eu.verdelhan.ta4j.indicators.oscillators.DPOIndicator,class,6,6,0,6,3,3,0,3,0,0.33333334,0.0,0.0,3,0,2,0,1,0,3,0,0,0,4,0,0,4,0,0,4,0,0,19,1,0,0,0,0,0,2,4,3,4,0,0,0,0,63,1,0
/mnt/c/Users/User/Downloads/ta4j/ta4j/ta4j/src/main/java/eu/verdelhan/ta4j/indicators/simple/MedianPriceIndicator.java,eu.verdelhan.ta4j.indicators.simple.MedianPriceIndicator,class,3,6,3,3,2,3,0,5,0,0.0,0.0,0.0,2,0,1,0,1,0,2,0,0,0,1,0,0,1,0,0,0,0,0,10,1,0,0,0,0,0,0,1,0,1,0,0,0,0,12,1,0
/mnt/c/Users/User/Downloads/ta4j/ta4j/ta4j/src/main/java/eu/verdelhan/ta4j/indicators/trackers/TripleEMAIndicator.java,eu.verdelhan.ta4j.indicators.trackers.TripleEMAIndicator,class,4,4,0,4,2,2,0,4,0,0.0,0.0,0.0,2,0,1,0,1,0,2,0,0,0,2,0,0,2,0,0,2,0,0,14,1,0,0,0,0,0,0,4,0,4,0,0,0,0,20,1,0
/mnt/c/Users/User/Downloads/ta4j/ta4j/ta4j/src/main/java/eu/verdelhan/ta4j/Rule.java,eu.verdelhan.ta4j.Rule,interface,2,9,7,2,6,1,0,0,15,0.0,0.0,0.0,6,0,0,0,0,6,6,0,0,0,0,0,0,0,0,0,0,0,0,8,0,0,0,0,0,0,0,0,0,0,0,0,0,0,46,1,0
/mnt/c/Users/User/Downloads/ta4j/ta4j/ta4j/src/test/java/eu/verdelhan/ta4j/indicators/volatility/UlcerIndexIndicatorTest.java,eu.verdelhan.ta4j.indicators.volatility.UlcerIndexIndicatorTest,class,7,7,0,7,2,1,0,3,0,0.0,0.0,0.0,2,0,2,0,0,0,2,0,0,0,1,0,0,1,0,0,0,0,18,27,0,0,0,0,0,0,80,2,0,2,0,0,0,0,22,1,0
/mnt/c/Users/User/Downloads/ta4j/ta4j/ta4j/src/main/java/eu/verdelhan/ta4j/indicators/trackers/ichimoku/IchimokuSenkouSpanAIndicator.java,eu.verdelhan.ta4j.indicators.trackers.ichimoku.IchimokuSenkouSpanAIndicator,class,5,5,0,5,4,2,0,3,4,0.5,0.0,0.0,4,0,3,0,1,0,4,0,0,0,2,0,0,2,0,0,2,0,0,18,1,0,0,0,0,0,0,2,0,2,0,0,0,0,30,1,0
/mnt/c/Users/User/Downloads/ta4j/ta4j/ta4j/src/test/java/eu/verdelhan/ta4j/indicators/volume/OnBalanceVolumeIndicatorTest.java,eu.verdelhan.ta4j.indicators.volume.OnBalanceVolumeIndicatorTest,class,7,7,0,7,3,1,0,4,1,0.0,0.0,0.0,2,0,2,0,0,0,2,0,0,0,0,0,0,0,0,0,0,0,7,28,0,1,0,0,0,0,58,7,0,7,1,0,0,0,26,1,0
/mnt/c/Users/User/Downloads/ta4j/ta4j/ta4j/src/main/java/eu/verdelhan/ta4j/indicators/trackers/bollinger/BollingerBandsMiddleIndicator.java,eu.verdelhan.ta4j.indicators.trackers.bollinger.BollingerBandsMiddleIndicator,class,3,7,4,3,4,3,0,3,0,0.0,0.0,0.0,4,0,3,0,1,0,4,0,0,0,1,0,0,1,0,0,1,0,0,16,3,0,0,0,0,1,0,1,1,1,0,0,0,0,25,1,0
/mnt/c/Users/User/Downloads/ta4j/ta4j/ta4j/src/main/java/eu/verdelhan/ta4j/indicators/statistics/CorrelationCoefficientIndicator.java,eu.verdelhan.ta4j.indicators.statistics.CorrelationCoefficientIndicator,class,5,5,0,5,2,3,0,4,0,0.0,0.0,0.0,2,0,1,0,1,0,2,0,0,0,3,0,0,3,0,0,0,0,0,17,1,0,0,0,0,0,0,6,0,6,0,0,0,0,26,1,0
/mnt/c/Users/User/Downloads/ta4j/ta4j/ta4j/src/main/java/eu/verdelhan/ta4j/indicators/trackers/RSIIndicator.java,eu.verdelhan.ta4j.indicators.trackers.RSIIndicator,class,5,5,0,5,5,2,0,7,0,0.33333334,0.0,0.0,3,0,2,0,1,0,3,0,0,0,3,0,0,3,0,0,1,0,0,27,4,0,1,0,0,1,1,7,1,7,1,0,0,0,24,1,0
/mnt/c/Users/User/Downloads/ta4j/ta4j/ta4j/src/main/java/eu/verdelhan/ta4j/indicators/volume/VWAPIndicator.java,eu.verdelhan.ta4j.indicators.volume.VWAPIndicator,class,6,7,1,6,4,2,0,5,0,0.0,0.0,0.0,2,0,1,0,1,0,2,0,0,0,3,0,0,3,0,0,3,0,1,25,2,1,0,0,0,0,3,10,2,8,1,0,0,0,36,1,0
/mnt/c/Users/User/Downloads/ta4j/ta4j/ta4j/src/main/java/eu/verdelhan/ta4j/trading/rules/InPipeRule.java,eu.verdelhan.ta4j.trading.rules.InPipeRule,class,5,6,1,5,3,2,0,4,0,0.0,0.0,0.0,3,0,3,0,0,0,3,0,0,0,3,0,0,3,0,0,0,0,0,18,1,0,0,0,0,0,0,4,0,4,0,0,0,0,33,1,0
/mnt/c/Users/User/Downloads/ta4j/ta4j/ta4j/src/main/java/eu/verdelhan/ta4j/indicators/CachedIndicator.java,eu.verdelhan.ta4j.indicators.CachedIndicator,class,5,80,75,5,16,2,0,19,9,0.5833334,0.0,0.0,6,0,3,2,1,0,4,1,0,0,2,0,0,1,1,0,1,0,5,73,2,1,4,0,1,2,10,17,6,11,3,0,0,0,76,1025,1
/mnt/c/Users/User/Downloads/ta4j/ta4j/ta4j/src/main/java/eu/verdelhan/ta4j/indicators/helpers/DirectionalDownIndicator.java,eu.verdelhan.ta4j.indicators.helpers.DirectionalDownIndicator,class,6,7,1,6,3,3,0,4,0,0.33333334,0.0,0.0,3,0,2,0,1,0,3,0,0,0,3,0,0,3,0,0,3,0,0,17,2,0,0,0,0,1,0,3,1,3,0,0,0,0,22,1,0
/mnt/c/Users/User/Downloads/ta4j/ta4j/ta4j/src/main/java/eu/verdelhan/ta4j/indicators/oscillators/FisherIndicator.java,eu.verdelhan.ta4j.indicators.oscillators.FisherIndicator,class,9,9,0,9,5,4,0,8,2,0.8,0.0,0.0,4,0,3,0,1,0,4,0,0,0,5,3,0,5,0,0,5,0,5,48,2,0,0,0,0,5,3,9,1,9,1,1,0,0,49,1,0
/mnt/c/Users/User/Downloads/ta4j/ta4j/ta4j-examples/src/main/java/ta4jexamples/loaders/CsvTradesLoader.java,ta4jexamples.loaders.CsvTradesLoader,class,7,15,8,7,16,1,0,37,6,0.0,0.0,0.0,4,4,2,2,0,0,2,0,0,0,0,0,0,0,0,0,0,0,11,73,2,4,3,2,1,14,18,22,9,16,4,0,0,0,68,1,0
/mnt/c/Users/User/Downloads/ta4j/ta4j/ta4j/src/main/java/eu/verdelhan/ta4j/indicators/simple/FixedDecimalIndicator.java,eu.verdelhan.ta4j.indicators.simple.FixedDecimalIndicator,class,3,4,1,3,4,3,0,3,1,0.0,0.0,0.0,2,0,2,0,0,0,2,0,0,0,0,0,0,0,0,0,0,0,2,12,0,2,0,0,0,0,0,0,0,0,1,0,0,0,16,1,0
/mnt/c/Users/User/Downloads/ta4j/ta4j/ta4j/src/main/java/eu/verdelhan/ta4j/indicators/helpers/DirectionalUpIndicator.java,eu.verdelhan.ta4j.indicators.helpers.DirectionalUpIndicator,class,6,7,1,6,3,3,0,4,0,0.33333334,0.0,0.0,3,0,2,0,1,0,3,0,0,0,3,0,0,3,0,0,2,0,0,17,2,0,0,0,0,1,0,3,1,3,0,0,0,0,22,1,0
/mnt/c/Users/User/Downloads/ta4j/ta4j/ta4j/src/main/java/eu/verdelhan/ta4j/analysis/criteria/NumberOfTradesCriterion.java,eu.verdelhan.ta4j.analysis.criteria.NumberOfTradesCriterion,class,4,4,0,4,4,2,0,1,3,0.0,0.0,0.0,3,0,3,0,0,0,3,0,0,0,0,0,0,0,0,0,0,0,0,11,3,0,0,0,0,0,1,0,0,0,0,0,0,0,22,1,0
/mnt/c/Users/User/Downloads/ta4j/ta4j/ta4j/src/main/java/eu/verdelhan/ta4j/trading/rules/AbstractRule.java,eu.verdelhan.ta4j.trading.rules.AbstractRule,class,6,22,16,6,6,1,16,5,15,0.8333333,0.0,0.0,6,0,5,0,1,0,6,0,0,0,1,0,0,0,1,0,1,0,0,21,5,0,0,0,0,1,0,1,0,1,0,0,0,0,31,1025,1
/mnt/c/Users/User/Downloads/ta4j/ta4j/ta4j/src/main/java/eu/verdelhan/ta4j/analysis/criteria/LinearTransactionCostCriterion.java,eu.verdelhan.ta4j.analysis.criteria.LinearTransactionCostCriterion,class,7,8,1,7,14,2,0,8,0,0.5357143,0.0,0.0,7,0,5,2,0,0,5,0,0,0,4,0,0,4,0,0,0,0,0,55,6,1,4,0,2,0,4,16,6,11,3,0,0,0,63,1,0
/mnt/c/Users/User/Downloads/ta4j/ta4j/ta4j/src/test/java/eu/verdelhan/ta4j/indicators/trackers/ChandelierExitShortIndicatorTest.java,eu.verdelhan.ta4j.indicators.trackers.ChandelierExitShortIndicatorTest,class,7,7,0,7,2,1,0,3,0,0.0,0.0,0.0,2,0,2,0,0,0,2,0,0,0,1,0,0,1,0,0,0,0,10,35,0,0,0,0,0,0,81,3,0,3,0,0,0,0,22,1,0
/mnt/c/Users/User/Downloads/ta4j/ta4j/ta4j/src/main/java/eu/verdelhan/ta4j/indicators/trackers/ichimoku/IchimokuKijunSenIndicator.java,eu.verdelhan.ta4j.indicators.trackers.ichimoku.IchimokuKijunSenIndicator,class,2,3,1,2,2,4,0,0,1,0.0,0.0,0.0,2,0,2,0,0,0,2,0,0,0,0,0,0,0,0,0,0,0,0,8,0,0,0,0,0,0,1,0,0,0,0,0,0,0,19,1,0
/mnt/c/Users/User/Downloads/ta4j/ta4j/ta4j/src/main/java/eu/verdelhan/ta4j/trading/rules/UnderIndicatorRule.java,eu.verdelhan.ta4j.trading.rules.UnderIndicatorRule,class,5,7,2,5,3,2,0,3,1,0.33333334,0.0,0.0,3,0,3,0,0,0,3,0,0,0,2,0,0,2,0,0,0,0,0,16,1,0,0,0,0,0,0,3,0,3,0,0,0,0,28,1,0
/mnt/c/Users/User/Downloads/ta4j/ta4j/ta4j/src/test/java/eu/verdelhan/ta4j/indicators/trackers/bollinger/PercentBIndicatorTest.java,eu.verdelhan.ta4j.indicators.trackers.bollinger.PercentBIndicatorTest,class,7,7,0,7,2,1,0,4,0,0.25,0.0,0.0,2,0,2,0,0,0,2,0,0,0,2,0,0,2,0,0,0,0,19,31,0,0,0,0,0,0,60,3,0,3,0,0,0,0,26,1,0
/mnt/c/Users/User/Downloads/ta4j/ta4j/ta4j/src/main/java/eu/verdelhan/ta4j/indicators/trackers/ZLEMAIndicator.java,eu.verdelhan.ta4j.indicators.trackers.ZLEMAIndicator,class,4,4,0,4,4,2,0,6,0,0.0,0.0,0.0,2,0,1,0,1,0,2,0,0,0,4,0,0,4,0,0,4,0,0,23,3,0,1,0,1,0,7,5,6,5,1,0,0,0,24,1,0
/mnt/c/Users/User/Downloads/ta4j/ta4j/ta4j/src/test/java/eu/verdelhan/ta4j/indicators/candles/UpperShadowIndicatorTest.java,eu.verdelhan.ta4j.indicators.candles.UpperShadowIndicatorTest,class,7,7,0,7,2,1,0,3,0,0.0,0.0,0.0,2,0,2,0,0,0,2,0,0,0,1,0,0,1,0,0,0,0,0,20,0,0,0,0,0,0,30,3,0,3,0,0,0,0,18,1,0
/mnt/c/Users/User/Downloads/ta4j/ta4j/ta4j/src/test/java/eu/verdelhan/ta4j/TradeTest.java,eu.verdelhan.ta4j.TradeTest,class,3,3,0,3,12,1,0,12,16,0.75,0.0,0.0,12,0,12,0,0,0,12,0,0,0,1,0,0,1,0,0,0,0,0,67,0,0,0,0,0,0,27,8,0,8,0,0,0,0,50,1,0
/mnt/c/Users/User/Downloads/ta4j/ta4j/ta4j/src/test/java/eu/verdelhan/ta4j/indicators/trackers/RandomWalkIndexLowIndicatorTest.java,eu.verdelhan.ta4j.indicators.trackers.RandomWalkIndexLowIndicatorTest,class,8,8,0,8,2,1,0,3,0,0.0,0.0,0.0,2,0,2,0,0,0,2,0,0,0,1,0,0,0,1,0,0,0,13,43,0,0,0,0,0,0,107,3,0,3,0,0,0,0,21,1,0
/mnt/c/Users/User/Downloads/ta4j/ta4j/ta4j/src/main/java/eu/verdelhan/ta4j/indicators/trackers/bollinger/BollingerBandWidthIndicator.java,eu.verdelhan.ta4j.indicators.trackers.bollinger.BollingerBandWidthIndicator,class,6,6,0,6,2,3,0,5,0,0.0,0.0,0.0,2,0,1,0,1,0,2,0,0,0,3,0,0,3,0,0,3,0,0,14,1,0,0,0,0,0,0,3,0,3,0,0,0,0,15,1,0
/mnt/c/Users/User/Downloads/ta4j/ta4j/ta4j/src/test/java/eu/verdelhan/ta4j/analysis/criteria/MaximumDrawdownCriterionTest.java,eu.verdelhan.ta4j.analysis.criteria.MaximumDrawdownCriterionTest,class,8,8,0,8,8,1,0,8,28,0.0,0.0,0.0,8,0,8,0,0,0,8,0,0,0,0,0,0,0,0,0,0,0,32,48,0,0,0,0,0,0,89,21,0,21,0,0,0,0,40,1,0
/mnt/c/Users/User/Downloads/ta4j/ta4j/ta4j/src/main/java/eu/verdelhan/ta4j/indicators/trackers/RandomWalkIndexLowIndicator.java,eu.verdelhan.ta4j.indicators.trackers.RandomWalkIndexLowIndicator,class,6,6,0,6,2,2,0,7,0,0.0,0.0,0.0,2,0,1,0,1,0,2,0,0,0,5,0,0,5,0,0,5,0,1,18,1,0,0,0,0,0,1,5,1,5,0,0,0,0,27,1,0
/mnt/c/Users/User/Downloads/ta4j/ta4j/ta4j/src/test/java/eu/verdelhan/ta4j/indicators/simple/DifferenceIndicatorTest.java,eu.verdelhan.ta4j.indicators.simple.DifferenceIndicatorTest,class,7,7,0,7,2,1,0,3,0,0.33333334,0.0,0.0,2,0,2,0,0,0,2,0,0,0,3,0,0,3,0,0,0,0,7,19,0,0,0,0,0,14,8,3,0,3,0,0,0,0,13,1,0
/mnt/c/Users/User/Downloads/ta4j/ta4j/ta4j/src/main/java/eu/verdelhan/ta4j/indicators/trackers/ChandelierExitLongIndicator.java,eu.verdelhan.ta4j.indicators.trackers.ChandelierExitLongIndicator,class,7,7,0,7,3,3,0,4,1,0.33333334,0.0,0.0,3,0,2,0,1,0,3,0,0,0,3,0,0,3,0,0,3,0,0,17,1,0,0,0,0,0,1,3,0,3,0,0,0,0,32,1,0
/mnt/c/Users/User/Downloads/ta4j/ta4j/ta4j/src/test/java/eu/verdelhan/ta4j/TimeSeriesTest.java,eu.verdelhan.ta4j.TimeSeriesTest,class,12,12,0,12,30,1,0,45,51,0.7916667,0.0,0.0,30,0,30,0,0,0,30,0,0,0,8,0,0,8,0,0,0,0,0,275,0,0,0,0,0,16,352,63,2,55,0,0,0,0,106,1,0
/mnt/c/Users/User/Downloads/ta4j/ta4j/ta4j/src/main/java/eu/verdelhan/ta4j/indicators/AbstractIndicator.java,eu.verdelhan.ta4j.indicators.AbstractIndicator,class,4,10,6,4,3,1,0,3,1,0.6666667,0.0,0.0,3,0,3,0,0,0,3,0,0,0,2,0,0,1,1,0,1,0,0,13,2,0,0,0,0,0,0,2,0,2,0,0,0,0,17,1025,0
/mnt/c/Users/User/Downloads/ta4j/ta4j/ta4j/src/main/java/eu/verdelhan/ta4j/indicators/trackers/ichimoku/AbstractIchimokuLineIndicator.java,eu.verdelhan.ta4j.indicators.trackers.ichimoku.AbstractIchimokuLineIndicator,class,8,11,3,8,2,3,3,3,0,0.0,0.0,0.0,2,0,1,0,1,0,2,0,0,0,2,0,0,2,0,0,2,0,0,12,1,0,0,0,0,0,0,2,0,2,0,0,0,0,29,1025,0
/mnt/c/Users/User/Downloads/ta4j/ta4j/ta4j/src/test/java/eu/verdelhan/ta4j/indicators/helpers/MeanDeviationIndicatorTest.java,eu.verdelhan.ta4j.indicators.helpers.MeanDeviationIndicatorTest,class,6,6,0,6,4,1,0,2,0,0.0,0.0,0.0,4,0,4,0,0,0,4,0,0,0,1,0,0,1,0,0,0,0,0,23,0,0,0,0,0,0,30,4,0,4,0,0,0,0,26,1,0
/mnt/c/Users/User/Downloads/ta4j/ta4j/ta4j/src/test/java/eu/verdelhan/ta4j/TickTest.java,eu.verdelhan.ta4j.TickTest,class,5,5,0,5,5,1,0,20,0,0.26666668,0.0,0.0,5,0,5,0,0,0,5,0,0,0,3,0,0,3,0,0,0,0,6,36,0,0,0,0,0,0,32,3,5,3,0,0,0,0,21,1,0
/mnt/c/Users/User/Downloads/ta4j/ta4j/ta4j/src/test/java/eu/verdelhan/ta4j/indicators/candles/BearishEngulfingIndicatorTest.java,eu.verdelhan.ta4j.indicators.candles.BearishEngulfingIndicatorTest,class,7,7,0,7,2,1,0,4,0,0.0,0.0,0.0,2,0,2,0,0,0,2,0,0,0,1,0,0,1,0,0,0,0,0,20,0,0,0,0,0,0,25,3,0,3,0,0,0,0,18,1,0
/mnt/c/Users/User/Downloads/ta4j/ta4j/ta4j/src/test/java/eu/verdelhan/ta4j/analysis/criteria/TotalProfitCriterionTest.java,eu.verdelhan.ta4j.analysis.criteria.TotalProfitCriterionTest,class,7,7,0,7,6,1,0,8,15,0.0,0.0,0.0,6,0,6,0,0,0,6,0,0,0,0,0,0,0,0,0,0,0,12,38,0,0,0,0,2,0,58,15,5,15,0,0,0,0,35,1,0
/mnt/c/Users/User/Downloads/ta4j/ta4j/ta4j/src/test/java/eu/verdelhan/ta4j/indicators/trackers/CoppockCurveIndicatorTest.java,eu.verdelhan.ta4j.indicators.trackers.CoppockCurveIndicatorTest,class,6,6,0,6,1,1,0,2,0,0.0,NaN,NaN,1,0,1,0,0,0,1,0,0,0,0,0,0,0,0,0,0,0,9,15,0,0,0,0,0,0,61,2,0,2,0,0,0,0,19,1,0
/mnt/c/Users/User/Downloads/ta4j/ta4j/ta4j/src/test/java/eu/verdelhan/ta4j/indicators/simple/MaxPriceIndicatorTest.java,eu.verdelhan.ta4j.indicators.simple.MaxPriceIndicatorTest,class,5,5,0,5,3,1,0,4,0,0.0,0.0,0.0,2,0,2,0,0,0,2,0,0,0,2,0,0,1,0,1,0,0,0,13,0,1,0,0,0,0,2,3,0,3,1,0,0,0,18,1,0
/mnt/c/Users/User/Downloads/ta4j/ta4j/ta4j/src/test/java/eu/verdelhan/ta4j/indicators/statistics/CorrelationCoefficientIndicatorTest.java,eu.verdelhan.ta4j.indicators.statistics.CorrelationCoefficientIndicatorTest,class,10,10,0,10,2,1,0,6,0,0.16666667,0.0,0.0,2,0,2,0,0,0,2,0,0,0,2,0,0,2,0,0,0,0,19,53,0,0,0,0,0,0,81,5,0,5,0,0,0,0,26,1,0
/mnt/c/Users/User/Downloads/ta4j/ta4j/ta4j/src/main/java/eu/verdelhan/ta4j/indicators/statistics/VarianceIndicator.java,eu.verdelhan.ta4j.indicators.statistics.VarianceIndicator,class,4,6,2,4,4,3,0,10,0,0.22222222,0.0,0.0,3,0,2,0,1,0,3,0,0,0,3,0,0,3,0,0,0,0,2,26,2,1,0,0,0,1,4,11,5,9,1,0,0,0,27,1,0
/mnt/c/Users/User/Downloads/ta4j/ta4j/ta4j/src/test/java/eu/verdelhan/ta4j/indicators/simple/MedianPriceIndicatorTest.java,eu.verdelhan.ta4j.indicators.simple.MedianPriceIndicatorTest,class,8,8,0,8,3,1,0,8,0,0.0,0.0,0.0,2,0,2,0,0,0,2,0,0,0,2,0,0,1,0,1,0,0,0,26,0,1,0,0,0,0,42,5,0,5,1,0,0,0,22,1,0
/mnt/c/Users/User/Downloads/ta4j/ta4j/ta4j/src/test/java/eu/verdelhan/ta4j/indicators/volume/ChaikinMoneyFlowIndicatorTest.java,eu.verdelhan.ta4j.indicators.volume.ChaikinMoneyFlowIndicatorTest,class,6,6,0,6,1,1,0,4,0,0.0,NaN,NaN,1,0,1,0,0,0,1,0,0,0,0,0,0,0,0,0,0,0,13,51,0,0,0,0,0,150,27,4,0,4,0,0,0,0,18,1,0
/mnt/c/Users/User/Downloads/ta4j/ta4j/ta4j/src/main/java/eu/verdelhan/ta4j/indicators/candles/ThreeWhiteSoldiersIndicator.java,eu.verdelhan.ta4j.indicators.candles.ThreeWhiteSoldiersIndicator,class,7,8,1,7,8,3,0,15,0,0.52,0.0,0.0,5,0,1,3,1,0,2,0,0,0,5,0,0,5,0,0,4,0,0,48,7,0,0,0,0,0,7,16,5,15,2,0,0,0,60,1,0
/mnt/c/Users/User/Downloads/ta4j/ta4j/ta4j/src/main/java/eu/verdelhan/ta4j/indicators/oscillators/PPOIndicator.java,eu.verdelhan.ta4j.indicators.oscillators.PPOIndicator,class,5,5,0,5,3,3,0,4,0,0.0,0.0,0.0,2,0,1,0,1,0,2,0,0,0,2,0,0,2,0,0,2,0,0,17,1,0,0,0,0,1,0,4,0,4,1,0,0,0,30,1,0
/mnt/c/Users/User/Downloads/ta4j/ta4j/ta4j/src/test/java/eu/verdelhan/ta4j/analysis/criteria/RewardRiskRatioCriterionTest.java,eu.verdelhan.ta4j.analysis.criteria.RewardRiskRatioCriterionTest,class,8,8,0,8,6,1,0,8,3,0.33333334,0.0,0.0,6,0,6,0,0,0,6,0,0,0,1,0,0,1,0,0,0,0,14,34,0,0,0,0,13,0,66,13,17,13,0,0,0,0,45,1,0
/mnt/c/Users/User/Downloads/ta4j/ta4j/ta4j/src/main/java/eu/verdelhan/ta4j/indicators/trackers/CoppockCurveIndicator.java,eu.verdelhan.ta4j.indicators.trackers.CoppockCurveIndicator,class,6,6,0,6,2,3,0,1,0,0.0,0.0,0.0,2,0,1,0,1,0,2,0,0,0,1,0,0,1,0,0,1,0,0,11,1,0,0,0,0,0,0,2,0,2,0,0,0,0,29,1,0
/mnt/c/Users/User/Downloads/ta4j/ta4j/ta4j/src/main/java/eu/verdelhan/ta4j/indicators/trackers/HMAIndicator.java,eu.verdelhan.ta4j.indicators.trackers.HMAIndicator,class,6,6,0,6,3,3,0,4,0,0.33333334,0.0,0.0,3,0,2,0,1,0,3,0,0,0,2,0,0,2,0,0,2,0,1,18,2,0,0,0,0,1,1,5,2,5,0,0,0,0,27,1,0
/mnt/c/Users/User/Downloads/ta4j/ta4j/ta4j/src/main/java/eu/verdelhan/ta4j/indicators/trackers/bollinger/BollingerBandsLowerIndicator.java,eu.verdelhan.ta4j.indicators.trackers.bollinger.BollingerBandsLowerIndicator,class,4,6,2,4,5,3,0,6,0,0.26666668,0.0,0.0,5,0,4,0,1,0,5,0,0,0,3,0,0,3,0,0,3,0,0,23,3,0,0,0,0,2,0,3,1,3,0,0,0,0,30,1,0
/mnt/c/Users/User/Downloads/ta4j/ta4j/ta4j/src/main/java/eu/verdelhan/ta4j/indicators/volume/ChaikinMoneyFlowIndicator.java,eu.verdelhan.ta4j.indicators.volume.ChaikinMoneyFlowIndicator,class,7,8,1,7,4,2,0,8,0,0.33333334,0.0,0.0,3,0,1,1,1,0,2,0,0,0,4,0,0,4,0,0,0,0,1,25,2,1,0,0,0,0,2,9,2,8,1,0,0,0,35,1,0
/mnt/c/Users/User/Downloads/ta4j/ta4j/ta4j/src/main/java/eu/verdelhan/ta4j/indicators/candles/DojiIndicator.java,eu.verdelhan.ta4j.indicators.candles.DojiIndicator,class,7,7,0,7,3,3,0,5,0,0.0,0.0,0.0,2,0,1,0,1,0,2,0,0,0,3,0,0,3,0,0,3,0,0,19,2,0,0,0,0,0,2,5,1,5,1,0,0,0,45,1,0
/mnt/c/Users/User/Downloads/ta4j/ta4j/ta4j/src/main/java/eu/verdelhan/ta4j/indicators/trackers/TrailingStopLossIndicator.java,eu.verdelhan.ta4j.indicators.trackers.TrailingStopLossIndicator,class,3,3,0,3,5,2,0,5,0,0.11111111,0.0,0.0,3,0,2,0,1,0,3,0,0,0,3,0,0,3,0,0,2,0,0,25,1,0,0,0,0,0,1,7,0,5,1,0,0,0,91,1,0
/mnt/c/Users/User/Downloads/ta4j/ta4j/ta4j/src/main/java/eu/verdelhan/ta4j/trading/rules/CrossedDownIndicatorRule.java,eu.verdelhan.ta4j.trading.rules.CrossedDownIndicatorRule,class,6,7,1,6,3,2,0,2,1,0.33333334,0.0,0.0,3,0,3,0,0,0,3,0,0,0,1,0,0,1,0,0,0,0,0,14,1,0,0,0,0,0,0,2,0,2,0,0,0,0,29,1,0
/mnt/c/Users/User/Downloads/ta4j/ta4j/ta4j/src/main/java/eu/verdelhan/ta4j/analysis/criteria/MaximumDrawdownCriterion.java,eu.verdelhan.ta4j.analysis.criteria.MaximumDrawdownCriterion,class,7,9,2,7,11,2,0,10,6,0.0,0.0,0.0,4,0,3,1,0,0,3,0,0,0,0,0,0,0,0,0,0,0,0,33,5,1,3,0,0,0,1,11,0,9,2,0,0,0,39,1,0
/mnt/c/Users/User/Downloads/ta4j/ta4j/ta4j/src/main/java/eu/verdelhan/ta4j/analysis/criteria/TotalProfitCriterion.java,eu.verdelhan.ta4j.analysis.criteria.TotalProfitCriterion,class,6,10,4,6,8,2,0,11,6,0.0,0.0,0.0,4,0,3,1,0,0,3,0,0,0,0,0,0,0,0,0,0,0,0,29,4,1,0,0,0,0,1,7,0,4,2,0,0,0,40,1,0
/mnt/c/Users/User/Downloads/ta4j/ta4j/ta4j/src/main/java/eu/verdelhan/ta4j/indicators/simple/FixedIndicator.java,eu.verdelhan.ta4j.indicators.simple.FixedIndicator,class,2,6,4,2,3,2,0,4,0,0.0,0.0,0.0,3,0,3,0,0,0,3,0,0,0,1,0,0,1,0,0,1,0,1,13,1,0,0,0,0,0,0,1,0,1,0,0,0,0,20,1,0
/mnt/c/Users/User/Downloads/ta4j/ta4j/ta4j/src/test/java/eu/verdelhan/ta4j/analysis/criteria/AbstractAnalysisCriterionTest.java,eu.verdelhan.ta4j.analysis.criteria.AbstractAnalysisCriterionTest,class,10,10,0,10,4,1,0,4,0,0.41666666,0.0,0.0,4,0,4,0,0,0,4,0,0,0,3,0,0,3,0,0,0,0,0,30,0,0,0,0,0,3,10,10,0,10,0,0,0,0,40,1,0
/mnt/c/Users/User/Downloads/ta4j/ta4j/ta4j/src/main/java/eu/verdelhan/ta4j/indicators/simple/FixedBooleanIndicator.java,eu.verdelhan.ta4j.indicators.simple.FixedBooleanIndicator,class,1,2,1,1,1,3,0,0,0,0.0,NaN,NaN,1,0,1,0,0,0,1,0,0,0,0,0,0,0,0,0,0,0,0,5,0,0,0,0,0,0,0,0,0,0,0,0,0,0,12,1,0
/mnt/c/Users/User/Downloads/ta4j/ta4j/ta4j/src/main/java/eu/verdelhan/ta4j/indicators/statistics/StandardErrorIndicator.java,eu.verdelhan.ta4j.indicators.statistics.StandardErrorIndicator,class,4,4,0,4,2,3,0,5,0,0.0,0.0,0.0,2,0,1,0,1,0,2,0,0,0,2,0,0,2,0,0,0,0,3,14,1,0,0,0,0,0,3,4,4,4,0,0,0,0,19,1,0
/mnt/c/Users/User/Downloads/ta4j/ta4j/ta4j/src/main/java/eu/verdelhan/ta4j/Order.java,eu.verdelhan.ta4j.Order,class,3,21,18,3,30,1,0,4,0,0.5733333,0.0,0.0,15,4,13,0,2,0,15,0,0,0,5,1,0,5,0,0,1,0,0,92,19,0,13,0,5,5,9,13,10,7,1,0,1,0,75,1,0
/mnt/c/Users/User/Downloads/ta4j/ta4j/ta4j/src/test/java/eu/verdelhan/ta4j/indicators/trackers/RandomWalkIndexHighIndicatorTest.java,eu.verdelhan.ta4j.indicators.trackers.RandomWalkIndexHighIndicatorTest,class,8,8,0,8,2,1,0,3,0,0.0,0.0,0.0,2,0,2,0,0,0,2,0,0,0,1,0,0,0,1,0,0,0,13,43,0,0,0,0,0,0,107,3,0,3,0,0,0,0,21,1,0
/mnt/c/Users/User/Downloads/ta4j/ta4j/ta4j/src/main/java/eu/verdelhan/ta4j/trading/rules/WaitForRule.java,eu.verdelhan.ta4j.trading.rules.WaitForRule,class,4,5,1,4,4,2,0,3,0,0.0,0.0,0.0,2,0,2,0,0,0,2,0,0,0,2,0,0,2,0,0,0,0,0,20,1,0,2,0,0,0,0,6,1,5,2,0,0,0,43,1,0
/mnt/c/Users/User/Downloads/ta4j/ta4j/ta4j/src/main/java/eu/verdelhan/ta4j/indicators/trackers/keltner/KeltnerChannelMiddleIndicator.java,eu.verdelhan.ta4j.indicators.trackers.keltner.KeltnerChannelMiddleIndicator,class,6,8,2,6,3,2,0,1,1,0.33333334,0.0,0.0,3,0,2,0,1,0,3,0,0,0,1,0,0,1,0,0,1,0,0,13,1,0,0,0,0,0,0,1,0,1,0,0,0,0,22,1,0
/mnt/c/Users/User/Downloads/ta4j/ta4j/ta4j/src/test/java/eu/verdelhan/ta4j/indicators/simple/ConstantIndicatorTest.java,eu.verdelhan.ta4j.indicators.simple.ConstantIndicatorTest,class,5,5,0,5,2,1,0,3,0,0.0,0.0,0.0,2,0,2,0,0,0,2,0,0,0,1,0,0,1,0,0,0,0,4,12,0,0,0,0,0,5,4,1,0,1,0,0,0,0,9,1,0
/mnt/c/Users/User/Downloads/ta4j/ta4j/ta4j/src/test/java/eu/verdelhan/ta4j/indicators/oscillators/AwesomeOscillatorIndicatorTest.java,eu.verdelhan.ta4j.indicators.oscillators.AwesomeOscillatorIndicatorTest,class,8,8,0,8,4,1,0,3,0,0.0,0.0,0.0,4,0,4,0,0,0,4,0,0,0,1,0,0,1,0,0,0,0,0,36,0,0,0,0,0,2,53,5,1,5,0,0,0,0,27,1,0
/mnt/c/Users/User/Downloads/ta4j/ta4j/ta4j/src/test/java/eu/verdelhan/ta4j/indicators/volume/AccumulationDistributionIndicatorTest.java,eu.verdelhan.ta4j.indicators.volume.AccumulationDistributionIndicatorTest,class,8,8,0,8,1,1,0,5,0,0.0,NaN,NaN,1,0,1,0,0,0,1,0,0,0,0,0,0,0,0,0,0,0,5,18,0,0,0,0,8,0,57,4,12,4,0,0,0,0,19,1,0
/mnt/c/Users/User/Downloads/ta4j/ta4j/ta4j/src/main/java/eu/verdelhan/ta4j/indicators/simple/PriceVariationIndicator.java,eu.verdelhan.ta4j.indicators.simple.PriceVariationIndicator,class,3,4,1,3,2,3,0,4,0,0.0,0.0,0.0,2,0,1,0,1,0,2,0,0,0,1,0,0,1,0,0,0,0,1,12,1,0,0,0,0,0,2,3,1,3,0,0,0,0,14,1,0
/mnt/c/Users/User/Downloads/ta4j/ta4j/ta4j/src/main/java/eu/verdelhan/ta4j/indicators/helpers/AverageLossIndicator.java,eu.verdelhan.ta4j.indicators.helpers.AverageLossIndicator,class,4,4,0,4,2,3,0,4,0,0.0,0.0,0.0,2,0,1,0,1,0,2,0,0,0,2,0,0,2,0,0,2,0,2,13,1,0,0,0,0,0,1,3,1,3,0,0,0,0,15,1,0
/mnt/c/Users/User/Downloads/ta4j/ta4j/ta4j-examples/src/main/java/ta4jexamples/analysis/StrategyAnalysis.java,ta4jexamples.analysis.StrategyAnalysis,class,14,14,0,14,1,1,0,5,0,0.0,NaN,NaN,1,1,1,0,0,0,1,0,0,0,0,0,0,0,0,0,0,0,1,18,0,0,0,0,0,10,2,4,10,4,0,0,0,0,56,1,0
/mnt/c/Users/User/Downloads/ta4j/ta4j/ta4j/src/test/java/eu/verdelhan/ta4j/trading/rules/AndRuleTest.java,eu.verdelhan.ta4j.trading.rules.AndRuleTest,class,4,4,0,4,2,1,0,4,0,0.0,0.0,0.0,2,0,2,0,0,0,2,0,0,0,2,0,0,2,0,0,0,0,0,18,0,0,0,0,0,0,8,2,0,2,0,0,0,0,15,1,0
/mnt/c/Users/User/Downloads/ta4j/ta4j/ta4j-examples/src/main/java/ta4jexamples/walkforward/WalkForward.java,ta4jexamples.walkforward.WalkForward,class,10,11,1,10,4,1,0,21,1,0.0,0.0,0.0,2,2,2,0,0,0,2,0,0,0,0,0,0,0,0,0,0,0,5,28,1,2,0,0,0,9,2,10,3,10,2,0,0,0,39,1,0
/mnt/c/Users/User/Downloads/ta4j/ta4j/ta4j/src/main/java/eu/verdelhan/ta4j/indicators/trackers/DoubleEMAIndicator.java,eu.verdelhan.ta4j.indicators.trackers.DoubleEMAIndicator,class,5,5,0,5,2,3,0,3,0,0.0,0.0,0.0,2,0,1,0,1,0,2,0,0,0,2,0,0,2,0,0,2,0,0,13,1,0,0,0,0,0,0,3,0,3,0,0,0,0,17,1,0
/mnt/c/Users/User/Downloads/ta4j/ta4j/ta4j/src/main/java/eu/verdelhan/ta4j/indicators/trackers/RAVIIndicator.java,eu.verdelhan.ta4j.indicators.trackers.RAVIIndicator,class,4,4,0,4,2,2,0,4,0,0.0,0.0,0.0,2,0,1,0,1,0,2,0,0,0,2,0,0,2,0,0,2,0,0,14,1,0,0,0,0,0,0,4,0,4,0,0,0,0,24,1,0
/mnt/c/Users/User/Downloads/ta4j/ta4j/ta4j/src/main/java/eu/verdelhan/ta4j/Strategy.java,eu.verdelhan.ta4j.Strategy,class,5,11,6,5,17,1,0,13,37,0.8,0.0,0.0,10,0,8,0,2,0,10,0,0,0,4,0,0,3,1,0,1,0,0,57,10,0,2,0,0,3,0,7,0,7,1,0,0,0,83,1,2
/mnt/c/Users/User/Downloads/ta4j/ta4j/ta4j/src/test/java/eu/verdelhan/ta4j/indicators/oscillators/CMOIndicatorTest.java,eu.verdelhan.ta4j.indicators.oscillators.CMOIndicatorTest,class,6,6,0,6,2,1,0,2,0,0.0,0.0,0.0,2,0,2,0,0,0,2,0,0,0,1,0,0,1,0,0,0,0,0,20,0,0,0,0,0,0,53,2,0,2,0,0,0,0,18,1,0
/mnt/c/Users/User/Downloads/ta4j/ta4j/ta4j/src/main/java/eu/verdelhan/ta4j/Decimal.java,eu.verdelhan.ta4j.Decimal,class,1,88,87,1,97,1,0,18,0,0.84766585,0.0,0.0,37,4,31,6,0,0,31,0,0,0,11,10,9,2,0,0,11,0,10,214,60,0,45,0,32,2,26,19,2,13,1,0,0,0,152,17,0
/mnt/c/Users/User/Downloads/ta4j/ta4j/ta4j/src/test/java/eu/verdelhan/ta4j/indicators/trackers/WilliamsRIndicatorTest.java,eu.verdelhan.ta4j.indicators.trackers.WilliamsRIndicatorTest,class,10,10,0,10,4,1,0,3,0,0.0,0.0,0.0,4,0,4,0,0,0,4,0,0,0,1,0,0,1,0,0,0,0,15,44,0,0,0,0,4,0,93,5,8,5,0,0,0,0,30,1,0
/mnt/c/Users/User/Downloads/ta4j/ta4j/ta4j/src/test/java/eu/verdelhan/ta4j/trading/rules/BooleanRuleTest.java,eu.verdelhan.ta4j.trading.rules.BooleanRuleTest,class,3,3,0,3,2,1,0,3,0,0.0,0.0,0.0,2,0,2,0,0,0,2,0,0,0,2,0,0,2,0,0,0,0,0,18,0,0,0,0,0,0,8,2,0,2,0,0,0,0,14,1,0
/mnt/c/Users/User/Downloads/ta4j/ta4j/ta4j/src/main/java/eu/verdelhan/ta4j/indicators/statistics/StandardDeviationIndicator.java,eu.verdelhan.ta4j.indicators.statistics.StandardDeviationIndicator,class,4,6,2,4,2,3,0,2,0,0.0,0.0,0.0,2,0,1,0,1,0,2,0,0,0,1,0,0,1,0,0,0,0,0,10,1,0,0,0,0,0,0,1,0,1,0,0,0,0,15,1,0
/mnt/c/Users/User/Downloads/ta4j/ta4j/ta4j/src/main/java/eu/verdelhan/ta4j/trading/rules/StopGainRule.java,eu.verdelhan.ta4j.trading.rules.StopGainRule,class,6,7,1,6,4,2,0,10,0,0.0,0.0,0.0,2,0,2,0,0,0,2,0,0,0,2,0,0,2,0,0,0,0,0,21,1,0,1,0,0,0,0,7,0,6,2,0,0,0,38,1,0
/mnt/c/Users/User/Downloads/ta4j/ta4j/ta4j/src/test/java/eu/verdelhan/ta4j/indicators/candles/DojiIndicatorTest.java,eu.verdelhan.ta4j.indicators.candles.DojiIndicatorTest,class,7,7,0,7,3,1,0,5,1,0.33333334,0.0,0.0,3,0,3,0,0,0,3,0,0,0,1,0,0,1,0,0,0,0,0,28,0,0,0,0,0,3,37,5,0,4,0,0,0,0,21,1,0
/mnt/c/Users/User/Downloads/ta4j/ta4j/ta4j/src/main/java/eu/verdelhan/ta4j/indicators/simple/MinPriceIndicator.java,eu.verdelhan.ta4j.indicators.simple.MinPriceIndicator,class,3,8,5,3,2,3,0,2,0,0.0,0.0,0.0,2,0,1,0,1,0,2,0,0,0,1,0,0,1,0,0,0,0,0,10,1,0,0,0,0,0,0,1,0,1,0,0,0,0,11,1,0
/mnt/c/Users/User/Downloads/ta4j/ta4j/ta4j/src/main/java/eu/verdelhan/ta4j/indicators/trackers/keltner/KeltnerChannelUpperIndicator.java,eu.verdelhan.ta4j.indicators.trackers.keltner.KeltnerChannelUpperIndicator,class,4,4,0,4,2,2,0,4,0,0.0,0.0,0.0,2,0,1,0,1,0,2,0,0,0,3,0,0,3,0,0,3,0,0,14,1,0,0,0,0,0,0,3,0,3,0,0,0,0,23,1,0
/mnt/c/Users/User/Downloads/ta4j/ta4j/ta4j/src/test/java/eu/verdelhan/ta4j/indicators/trackers/ROCIndicatorTest.java,eu.verdelhan.ta4j.indicators.trackers.ROCIndicatorTest,class,7,7,0,7,3,1,0,3,0,0.25,0.0,0.0,2,0,2,0,0,0,2,0,0,0,2,0,0,2,0,0,0,0,5,18,0,1,0,0,0,0,39,5,1,5,1,0,0,0,25,1,0
/mnt/c/Users/User/Downloads/ta4j/ta4j/ta4j/src/test/java/eu/verdelhan/ta4j/trading/rules/CrossedDownIndicatorRuleTest.java,eu.verdelhan.ta4j.trading.rules.CrossedDownIndicatorRuleTest,class,6,6,0,6,2,1,0,3,0,0.25,0.0,0.0,2,0,2,0,0,0,2,0,0,0,2,0,0,2,0,0,0,0,0,18,0,0,0,0,0,0,16,2,0,2,0,0,0,0,16,1,0
/mnt/c/Users/User/Downloads/ta4j/ta4j/ta4j/src/test/java/eu/verdelhan/ta4j/indicators/oscillators/FisherIndicatorTest.java,eu.verdelhan.ta4j.indicators.oscillators.FisherIndicatorTest,class,7,7,0,7,2,1,0,3,0,0.0,0.0,0.0,2,0,2,0,0,0,2,0,0,0,1,0,0,0,1,0,0,0,0,39,0,0,0,0,0,0,98,3,0,3,0,0,0,0,15,1,0
/mnt/c/Users/User/Downloads/ta4j/ta4j/ta4j/src/main/java/eu/verdelhan/ta4j/indicators/candles/BullishHaramiIndicator.java,eu.verdelhan.ta4j.indicators.candles.BullishHaramiIndicator,class,4,4,0,4,5,3,0,7,0,0.0,0.0,0.0,2,0,1,0,1,0,2,0,0,0,1,0,0,1,0,0,1,0,0,22,3,0,0,0,0,0,2,7,1,7,1,0,0,0,23,1,0
/mnt/c/Users/User/Downloads/ta4j/ta4j/ta4j/src/main/java/eu/verdelhan/ta4j/indicators/helpers/LowestValueIndicator.java,eu.verdelhan.ta4j.indicators.helpers.LowestValueIndicator,class,3,8,5,3,5,3,0,5,0,0.16666667,0.0,0.0,3,0,2,0,1,0,3,0,0,0,2,0,0,2,0,0,2,0,1,22,2,1,0,0,0,1,3,6,4,5,2,0,0,0,17,1,0
/mnt/c/Users/User/Downloads/ta4j/ta4j/ta4j/src/main/java/eu/verdelhan/ta4j/trading/rules/NotRule.java,eu.verdelhan.ta4j.trading.rules.NotRule,class,3,4,1,3,2,2,0,2,0,0.0,0.0,0.0,2,0,2,0,0,0,2,0,0,0,1,0,0,1,0,0,0,0,0,11,1,0,0,0,0,0,0,2,0,2,0,0,0,0,22,1,0
/mnt/c/Users/User/Downloads/ta4j/ta4j/ta4j/src/test/java/eu/verdelhan/ta4j/indicators/trackers/EMAIndicatorTest.java,eu.verdelhan.ta4j.indicators.trackers.EMAIndicatorTest,class,10,10,0,10,7,1,0,5,0,0.2,0.0,0.0,5,0,5,0,0,0,5,0,0,0,1,0,0,1,0,0,0,0,5,33,0,2,0,0,0,1,30,11,0,11,1,0,0,0,44,1,0
/mnt/c/Users/User/Downloads/ta4j/ta4j/ta4j/src/test/java/eu/verdelhan/ta4j/trading/rules/BooleanIndicatorRuleTest.java,eu.verdelhan.ta4j.trading.rules.BooleanIndicatorRuleTest,class,5,5,0,5,2,1,0,3,0,0.25,0.0,0.0,2,0,2,0,0,0,2,0,0,0,2,0,0,2,0,0,0,0,0,15,0,0,0,0,0,0,5,2,0,2,0,0,0,0,13,1,0
/mnt/c/Users/User/Downloads/ta4j/ta4j/ta4j/src/main/java/eu/verdelhan/ta4j/indicators/simple/MaxPriceIndicator.java,eu.verdelhan.ta4j.indicators.simple.MaxPriceIndicator,class,3,8,5,3,2,3,0,2,0,0.0,0.0,0.0,2,0,1,0,1,0,2,0,0,0,1,0,0,1,0,0,0,0,0,10,1,0,0,0,0,0,0,1,0,1,0,0,0,0,11,1,0
/mnt/c/Users/User/Downloads/ta4j/ta4j/ta4j/src/test/java/eu/verdelhan/ta4j/indicators/simple/AbsoluteIndicatorTest.java,eu.verdelhan.ta4j.indicators.simple.AbsoluteIndicatorTest,class,4,4,0,4,2,1,0,4,0,0.0,NaN,NaN,1,0,1,0,0,0,1,0,0,0,0,0,0,0,0,0,0,0,3,12,0,1,0,0,0,0,7,4,0,4,1,0,0,0,13,1,0
/mnt/c/Users/User/Downloads/ta4j/ta4j/ta4j/src/test/java/eu/verdelhan/ta4j/indicators/trackers/keltner/KeltnerChannelMiddleIndicatorTest.java,eu.verdelhan.ta4j.indicators.trackers.keltner.KeltnerChannelMiddleIndicatorTest,class,9,9,0,9,2,1,0,3,0,0.0,0.0,0.0,2,0,2,0,0,0,2,0,0,0,1,0,0,1,0,0,0,0,17,61,0,0,0,0,0,0,171,3,0,3,0,0,0,0,20,1,0
/mnt/c/Users/User/Downloads/ta4j/ta4j/ta4j/src/test/java/eu/verdelhan/ta4j/indicators/volatility/MassIndexIndicatorTest.java,eu.verdelhan.ta4j.indicators.volatility.MassIndexIndicatorTest,class,7,7,0,7,2,1,0,4,0,0.0,0.0,0.0,2,0,2,0,0,0,2,0,0,0,1,0,0,1,0,0,0,0,7,37,0,0,0,0,0,0,96,3,0,3,0,0,0,0,19,1,0
/mnt/c/Users/User/Downloads/ta4j/ta4j/ta4j/src/test/java/eu/verdelhan/ta4j/indicators/trackers/ChandelierExitLongIndicatorTest.java,eu.verdelhan.ta4j.indicators.trackers.ChandelierExitLongIndicatorTest,class,7,7,0,7,2,1,0,3,0,0.0,0.0,0.0,2,0,2,0,0,0,2,0,0,0,1,0,0,1,0,0,0,0,10,35,0,0,0,0,0,0,81,3,0,3,0,0,0,0,22,1,0
/mnt/c/Users/User/Downloads/ta4j/ta4j/ta4j/src/test/java/eu/verdelhan/ta4j/indicators/trackers/keltner/KeltnerChannelLowerIndicatorTest.java,eu.verdelhan.ta4j.indicators.trackers.keltner.KeltnerChannelLowerIndicatorTest,class,10,10,0,10,2,1,0,4,0,0.0,0.0,0.0,2,0,2,0,0,0,2,0,0,0,1,0,0,1,0,0,0,0,17,61,0,0,0,0,0,0,169,4,0,4,0,0,0,0,22,1,0
/mnt/c/Users/User/Downloads/ta4j/ta4j/ta4j/src/main/java/eu/verdelhan/ta4j/indicators/helpers/AverageDirectionalMovementUpIndicator.java,eu.verdelhan.ta4j.indicators.helpers.AverageDirectionalMovementUpIndicator,class,5,6,1,5,3,4,0,6,0,0.0,0.0,0.0,2,0,1,0,1,0,2,0,0,0,2,0,0,2,0,0,2,0,2,17,2,0,1,0,0,0,3,4,2,4,1,0,0,0,25,1,0
/mnt/c/Users/User/Downloads/ta4j/ta4j/ta4j/src/test/java/eu/verdelhan/ta4j/indicators/helpers/CloseLocationValueIndicatorTest.java,eu.verdelhan.ta4j.indicators.helpers.CloseLocationValueIndicatorTest,class,7,7,0,7,2,1,0,3,0,0.0,0.0,0.0,2,0,2,0,0,0,2,0,0,0,1,0,0,1,0,0,0,0,0,20,0,0,0,0,0,0,31,3,1,3,0,0,0,0,19,1,0
/mnt/c/Users/User/Downloads/ta4j/ta4j/ta4j/src/test/java/eu/verdelhan/ta4j/indicators/AbstractIndicatorTest.java,eu.verdelhan.ta4j.indicators.AbstractIndicatorTest,class,6,6,0,6,2,1,0,2,0,0.0,0.0,0.0,2,0,2,0,0,0,2,0,0,0,1,0,0,1,0,0,0,0,0,12,0,0,0,0,0,0,14,3,0,3,0,0,0,0,19,1,0
/mnt/c/Users/User/Downloads/ta4j/ta4j/ta4j/src/test/java/eu/verdelhan/ta4j/indicators/helpers/AverageDirectionalMovementDownIndicatorTest.java,eu.verdelhan.ta4j.indicators.helpers.AverageDirectionalMovementDownIndicatorTest,class,5,5,0,5,1,1,0,3,0,0.0,NaN,NaN,1,0,1,0,0,0,1,0,0,0,0,0,0,0,0,0,0,0,0,22,0,0,0,0,3,0,54,8,23,8,0,0,0,0,25,1,0
/mnt/c/Users/User/Downloads/ta4j/ta4j/ta4j/src/test/java/eu/verdelhan/ta4j/indicators/trackers/RAVIIndicatorTest.java,eu.verdelhan.ta4j.indicators.trackers.RAVIIndicatorTest,class,7,7,0,7,2,1,0,3,0,0.0,0.0,0.0,2,0,2,0,0,0,2,0,0,0,1,0,0,1,0,0,0,0,15,25,0,0,0,0,0,0,47,3,0,3,0,0,0,0,19,1,0
/mnt/c/Users/User/Downloads/ta4j/ta4j/ta4j/src/test/java/eu/verdelhan/ta4j/indicators/helpers/DirectionalDownIndicatorTest.java,eu.verdelhan.ta4j.indicators.helpers.DirectionalDownIndicatorTest,class,5,5,0,5,1,1,0,3,0,0.0,NaN,NaN,1,0,1,0,0,0,1,0,0,0,0,0,0,0,0,0,0,0,0,17,0,0,0,0,17,0,86,3,55,3,0,0,0,0,22,1,0
/mnt/c/Users/User/Downloads/ta4j/ta4j/ta4j/src/main/java/eu/verdelhan/ta4j/indicators/volatility/UlcerIndexIndicator.java,eu.verdelhan.ta4j.indicators.volatility.UlcerIndexIndicator,class,4,4,0,4,4,2,0,11,0,0.22222222,0.0,0.0,3,0,2,0,1,0,3,0,0,0,3,0,0,3,0,0,0,0,1,27,2,1,0,0,0,1,4,12,5,10,1,0,0,0,31,1,0
/mnt/c/Users/User/Downloads/ta4j/ta4j/ta4j/src/main/java/eu/verdelhan/ta4j/indicators/candles/BearishEngulfingIndicator.java,eu.verdelhan.ta4j.indicators.candles.BearishEngulfingIndicator,class,4,4,0,4,5,3,0,7,0,0.0,0.0,0.0,2,0,1,0,1,0,2,0,0,0,1,0,0,1,0,0,1,0,0,22,3,0,0,0,0,0,2,7,1,7,1,0,0,0,23,1,0
/mnt/c/Users/User/Downloads/ta4j/ta4j/ta4j/src/main/java/eu/verdelhan/ta4j/indicators/helpers/AverageGainIndicator.java,eu.verdelhan.ta4j.indicators.helpers.AverageGainIndicator,class,4,4,0,4,2,3,0,4,0,0.0,0.0,0.0,2,0,1,0,1,0,2,0,0,0,2,0,0,2,0,0,2,0,2,13,1,0,0,0,0,0,1,3,1,3,0,0,0,0,15,1,0
/mnt/c/Users/User/Downloads/ta4j/ta4j/ta4j/src/test/java/eu/verdelhan/ta4j/indicators/statistics/StandardDeviationIndicatorTest.java,eu.verdelhan.ta4j.indicators.statistics.StandardDeviationIndicatorTest,class,7,7,0,7,3,1,0,4,0,0.0,0.0,0.0,3,0,3,0,0,0,3,0,0,0,1,0,0,1,0,0,0,0,23,25,0,0,0,0,0,0,40,3,1,3,0,0,0,0,25,1,0
/mnt/c/Users/User/Downloads/ta4j/ta4j/ta4j/src/test/java/eu/verdelhan/ta4j/indicators/oscillators/DPOIndicatorTest.java,eu.verdelhan.ta4j.indicators.oscillators.DPOIndicatorTest,class,5,5,0,5,3,1,0,2,0,0.0,0.0,0.0,3,0,3,0,0,0,3,0,0,0,1,0,0,1,0,0,0,0,0,28,0,0,0,0,0,0,63,3,0,3,0,0,0,0,19,1,0
/mnt/c/Users/User/Downloads/ta4j/ta4j/ta4j/src/test/java/eu/verdelhan/ta4j/indicators/trackers/bollinger/BollingerBandsLowerIndicatorTest.java,eu.verdelhan.ta4j.indicators.trackers.bollinger.BollingerBandsLowerIndicatorTest,class,10,10,0,10,2,1,0,5,0,0.125,0.0,0.0,2,0,2,0,0,0,2,0,0,0,4,0,0,4,0,0,0,0,16,34,0,0,0,0,0,1,44,8,0,8,0,0,0,0,34,1,0
/mnt/c/Users/User/Downloads/ta4j/ta4j/ta4j/src/main/java/eu/verdelhan/ta4j/indicators/volume/MVWAPIndicator.java,eu.verdelhan.ta4j.indicators.volume.MVWAPIndicator,class,5,5,0,5,2,2,0,1,0,0.0,0.0,0.0,2,0,1,0,1,0,2,0,0,0,1,0,0,1,0,0,1,0,0,10,1,0,0,0,0,0,0,1,0,1,0,0,0,0,25,1,0
/mnt/c/Users/User/Downloads/ta4j/ta4j/ta4j/src/test/java/eu/verdelhan/ta4j/indicators/trackers/HMAIndicatorTest.java,eu.verdelhan.ta4j.indicators.trackers.HMAIndicatorTest,class,7,7,0,7,2,1,0,2,0,0.0,0.0,0.0,2,0,2,0,0,0,2,0,0,0,1,0,0,1,0,0,0,0,11,20,0,0,0,0,0,0,44,2,0,2,0,0,0,0,19,1,0
/mnt/c/Users/User/Downloads/ta4j/ta4j/ta4j/src/main/java/eu/verdelhan/ta4j/indicators/simple/AmountIndicator.java,eu.verdelhan.ta4j.indicators.simple.AmountIndicator,class,3,4,1,3,2,3,0,2,0,0.0,0.0,0.0,2,0,1,0,1,0,2,0,0,0,1,0,0,1,0,0,0,0,0,10,1,0,0,0,0,0,0,1,0,1,0,0,0,0,8,1,0
/mnt/c/Users/User/Downloads/ta4j/ta4j/ta4j/src/test/java/eu/verdelhan/ta4j/indicators/trackers/SMAIndicatorTest.java,eu.verdelhan.ta4j.indicators.trackers.SMAIndicatorTest,class,7,7,0,7,4,1,0,7,0,0.0,0.0,0.0,3,0,3,0,0,0,3,0,0,0,1,0,0,1,0,0,0,0,13,28,0,1,0,0,0,0,48,4,6,4,1,0,0,0,28,1,0
/mnt/c/Users/User/Downloads/ta4j/ta4j/ta4j/src/main/java/eu/verdelhan/ta4j/analysis/criteria/RewardRiskRatioCriterion.java,eu.verdelhan.ta4j.analysis.criteria.RewardRiskRatioCriterion,class,7,8,1,7,4,2,0,1,1,0.33333334,0.0,0.0,3,0,3,0,0,0,3,0,0,0,2,0,0,2,0,0,0,0,0,13,3,0,0,0,0,0,0,2,2,2,0,0,0,0,32,1,0
/mnt/c/Users/User/Downloads/ta4j/ta4j/ta4j/src/main/java/eu/verdelhan/ta4j/analysis/CashFlow.java,eu.verdelhan.ta4j.analysis.CashFlow,class,6,8,2,6,13,1,0,21,0,0.4375,0.0,0.0,8,0,5,3,0,0,5,0,0,0,2,0,0,2,0,0,1,0,4,53,3,2,0,0,0,0,5,11,6,9,2,0,0,0,56,1,0
/mnt/c/Users/User/Downloads/ta4j/ta4j/ta4j/src/test/java/eu/verdelhan/ta4j/trading/rules/OrRuleTest.java,eu.verdelhan.ta4j.trading.rules.OrRuleTest,class,4,4,0,4,2,1,0,4,0,0.0,0.0,0.0,2,0,2,0,0,0,2,0,0,0,2,0,0,2,0,0,0,0,0,18,0,0,0,0,0,0,8,2,0,2,0,0,0,0,15,1,0
/mnt/c/Users/User/Downloads/ta4j/ta4j/ta4j-examples/src/main/java/ta4jexamples/logging/StrategyExecutionLogging.java,ta4jexamples.logging.StrategyExecutionLogging,class,6,7,1,6,3,1,0,13,1,0.5,NaN,NaN,2,2,1,1,0,0,1,0,0,0,1,1,0,1,0,0,1,0,3,21,0,0,0,1,0,2,0,5,0,5,1,0,0,0,57,1,0
/mnt/c/Users/User/Downloads/ta4j/ta4j/ta4j/src/test/java/eu/verdelhan/ta4j/indicators/trackers/AccelerationDecelerationIndicatorTest.java,eu.verdelhan.ta4j.indicators.trackers.AccelerationDecelerationIndicatorTest,class,8,8,0,8,4,1,0,4,0,0.0,0.0,0.0,4,0,4,0,0,0,4,0,0,0,1,0,0,1,0,0,0,0,15,36,0,0,0,0,0,0,54,5,0,5,0,0,0,0,25,1,0
/mnt/c/Users/User/Downloads/ta4j/ta4j/ta4j/src/test/java/eu/verdelhan/ta4j/indicators/CachedIndicatorTest.java,eu.verdelhan.ta4j.indicators.CachedIndicatorTest,class,12,12,0,12,8,1,0,12,19,0.71428573,0.0,0.0,7,0,7,0,0,0,7,0,0,0,1,0,0,1,0,0,0,0,2,69,0,1,0,0,0,0,73,17,0,17,1,0,0,0,56,1,0
/mnt/c/Users/User/Downloads/ta4j/ta4j/ta4j/src/main/java/eu/verdelhan/ta4j/indicators/statistics/CovarianceIndicator.java,eu.verdelhan.ta4j.indicators.statistics.CovarianceIndicator,class,4,5,1,4,4,3,0,10,0,0.26666668,0.0,0.0,3,0,2,0,1,0,3,0,0,0,5,0,0,5,0,0,0,0,2,31,2,1,0,0,0,1,3,14,5,12,1,0,0,0,33,1,0
/mnt/c/Users/User/Downloads/ta4j/ta4j/ta4j-examples/src/main/java/ta4jexamples/bots/TradingBotOnMovingTimeSeries.java,ta4jexamples.bots.TradingBotOnMovingTimeSeries,class,12,13,1,12,14,1,0,32,8,0.6,NaN,NaN,5,5,1,4,0,0,1,0,0,0,1,1,0,1,0,0,0,0,9,66,4,1,3,0,0,20,5,23,8,21,3,0,0,0,104,1,0
/mnt/c/Users/User/Downloads/ta4j/ta4j/ta4j/src/test/java/eu/verdelhan/ta4j/indicators/helpers/TrueRangeIndicatorTest.java,eu.verdelhan.ta4j.indicators.helpers.TrueRangeIndicatorTest,class,5,5,0,5,1,1,0,3,0,0.0,NaN,NaN,1,0,1,0,0,0,1,0,0,0,0,0,0,0,0,0,0,0,0,16,0,0,0,0,0,0,30,2,0,2,0,0,0,0,15,1,0
