file,class,type,cbo,cboModified,fanin,fanout,wmc,dit,noc,rfc,lcom,lcom*,tcc,lcc,totalMethodsQty,staticMethodsQty,publicMethodsQty,privateMethodsQty,protectedMethodsQty,defaultMethodsQty,visibleMethodsQty,abstractMethodsQty,finalMethodsQty,synchronizedMethodsQty,totalFieldsQty,staticFieldsQty,publicFieldsQty,privateFieldsQty,protectedFieldsQty,defaultFieldsQty,finalFieldsQty,synchronizedFieldsQty,nosi,loc,returnQty,loopQty,comparisonsQty,tryCatchQty,parenthesizedExpsQty,stringLiteralsQty,numbersQty,assignmentsQty,mathOperationsQty,variablesQty,maxNestedBlocksQty,anonymousClassesQty,innerClassesQty,lambdasQty,uniqueWordsQty,modifiers,logStatementsQty
/mnt/c/Users/User/Downloads/maven-android-plugin/maven-android-plugin/src/main/java/com/jayway/maven/plugins/android/standalonemojos/RedeployMojo.java,com.jayway.maven.plugins.android.standalonemojos.RedeployMojo,class,2,2,0,2,2,4,0,5,0,0.0,NaN,NaN,1,0,1,0,0,0,1,0,0,0,1,0,0,1,0,0,0,0,0,14,0,0,1,0,0,0,0,1,0,2,1,0,0,0,55,1,0
/mnt/c/Users/User/Downloads/maven-android-plugin/maven-android-plugin/src/main/java/com/jayway/maven/plugins/android/Sdk.java,com.jayway.maven.plugins.android.Sdk,class,0,1,1,0,2,1,0,0,1,0.5,0.0,0.0,2,0,2,0,0,0,2,0,0,0,2,0,0,2,0,0,0,0,0,10,2,0,0,0,0,0,0,0,0,2,0,0,0,0,51,1,0
/mnt/c/Users/User/Downloads/maven-android-plugin/maven-android-plugin/src/main/java/com/jayway/maven/plugins/android/standalonemojos/DeployDependenciesMojo.java,com.jayway.maven.plugins.android.standalonemojos.DeployDependenciesMojo,class,1,1,0,1,1,4,0,1,0,0.0,NaN,NaN,1,0,1,0,0,0,1,0,0,0,0,0,0,0,0,0,0,0,0,5,0,0,0,0,0,0,0,0,0,0,0,0,0,0,45,1,0
/mnt/c/Users/User/Downloads/maven-android-plugin/maven-android-plugin/src/main/java/com/jayway/maven/plugins/android/phase09package/ApkMojo.java,com.jayway.maven.plugins.android.phase09package.ApkMojo,class,12,13,1,12,91,3,0,98,85,0.9206348,0.0,0.0,14,1,1,11,1,1,3,0,0,0,9,1,0,9,0,0,1,0,5,433,12,16,10,14,4,68,7,65,21,64,5,5,0,0,295,1,16
/mnt/c/Users/User/Downloads/maven-android-plugin/maven-android-plugin/src/main/java/com/jayway/maven/plugins/android/Emulator.java,com.jayway.maven.plugins.android.Emulator,class,0,1,1,0,3,1,0,0,3,0.6666667,0.0,0.0,3,0,3,0,0,0,3,0,0,0,3,0,0,3,0,0,0,0,0,14,3,0,0,0,0,0,0,0,0,3,0,0,0,0,56,1,0
/mnt/c/Users/User/Downloads/maven-android-plugin/maven-android-plugin/src/main/java/com/jayway/maven/plugins/android/standalonemojos/AbstractInstrumentationMojo.java,com.jayway.maven.plugins.android.standalonemojos.AbstractInstrumentationMojo,class,6,8,2,6,6,4,2,18,0,0.0,NaN,NaN,1,0,0,0,1,0,1,0,0,0,2,0,0,2,0,0,0,0,1,37,0,0,3,1,0,9,0,6,2,6,2,0,0,0,52,1025,5
/mnt/c/Users/User/Downloads/maven-android-plugin/maven-android-plugin/src/main/java/com/jayway/maven/plugins/android/CommandExecutor.java,com.jayway.maven.plugins.android.CommandExecutor$Factory$1$StreamConsumerImpl,innerclass,2,2,0,2,4,1,0,3,0,0.33333334,0.0,0.0,3,0,3,0,0,0,3,0,0,0,2,0,0,2,0,0,0,0,0,16,1,0,1,0,0,0,0,2,0,2,1,0,0,0,22,0,0
/mnt/c/Users/User/Downloads/maven-android-plugin/maven-android-plugin/src/main/java/com/jayway/maven/plugins/android/AndroidSigner.java,com.jayway.maven.plugins.android.AndroidSigner$Debug,enum,0,0,0,0,0,1,0,0,0,0.0,-1.0,-1.0,0,0,0,0,0,0,0,0,0,0,0,0,0,0,0,0,0,0,0,1,0,0,0,0,0,0,0,0,0,0,0,0,0,0,6,1,0
/mnt/c/Users/User/Downloads/maven-android-plugin/maven-android-plugin/src/main/java/com/jayway/maven/plugins/android/standalonemojos/EmulatorStopMojo.java,com.jayway.maven.plugins.android.standalonemojos.EmulatorStopMojo,class,1,1,0,1,1,4,0,1,0,0.0,NaN,NaN,1,0,1,0,0,0,1,0,0,0,0,0,0,0,0,0,0,0,0,5,0,0,0,0,0,0,0,0,0,0,0,0,0,0,22,1,0
/mnt/c/Users/User/Downloads/maven-android-plugin/maven-android-plugin/src/test/java/com/jayway/maven/plugins/android/AbstractAndroidMojoTest.java,com.jayway.maven.plugins.android.AbstractAndroidMojoTest,class,7,7,0,7,8,5,0,20,0,0.0,0.0,0.0,8,0,8,0,0,0,8,0,0,0,1,0,0,0,1,0,0,0,0,64,0,0,0,0,0,15,0,25,0,24,0,0,2,0,53,1,0
/mnt/c/Users/User/Downloads/maven-android-plugin/maven-android-plugin/src/test/java/com/jayway/maven/plugins/android/asm/AndroidTestFinderTest.java,com.jayway.maven.plugins.android.asm.AndroidTestFinderTest,class,2,2,0,2,2,1,0,3,1,0.0,0.0,0.0,2,0,2,0,0,0,2,0,0,0,0,0,0,0,0,0,0,0,2,10,0,0,0,0,0,4,0,2,0,2,0,0,0,0,31,1,0
/mnt/c/Users/User/Downloads/maven-android-plugin/maven-android-plugin/src/main/java/com/jayway/maven/plugins/android/asm/DecendantFinder.java,com.jayway.maven.plugins.android.asm.DecendantFinder,class,6,8,2,6,14,1,0,4,58,0.7916666,0.0,0.0,12,0,11,1,0,0,11,0,0,0,2,0,0,2,0,0,2,0,0,39,4,1,0,0,0,0,0,2,0,2,2,0,0,0,67,0,0
/mnt/c/Users/User/Downloads/maven-android-plugin/maven-android-plugin/src/main/java/com/jayway/maven/plugins/android/phase09package/ApkMojo.java,com.jayway.maven.plugins.android.phase09package.ApkMojo$Anonymous1,anonymous,0,0,0,0,1,1,0,2,0,0.0,NaN,NaN,1,0,1,0,0,0,1,0,0,0,0,0,0,0,0,0,0,0,0,5,1,0,0,0,0,0,0,0,0,0,0,0,0,0,3,-1,0
/mnt/c/Users/User/Downloads/maven-android-plugin/maven-android-plugin/src/main/java/com/jayway/maven/plugins/android/phase09package/ApkMojo.java,com.jayway.maven.plugins.android.phase09package.ApkMojo$Anonymous3,anonymous,0,0,0,0,3,1,0,5,0,0.0,NaN,NaN,1,0,1,0,0,0,1,0,0,0,0,0,0,0,0,0,0,0,0,11,2,1,0,0,0,2,0,0,1,0,2,0,0,0,23,-1,1
/mnt/c/Users/User/Downloads/maven-android-plugin/maven-android-plugin/src/main/java/com/jayway/maven/plugins/android/standalonemojos/DeployMojo.java,com.jayway.maven.plugins.android.standalonemojos.DeployMojo,class,1,1,0,1,2,4,0,2,0,0.0,NaN,NaN,1,0,1,0,0,0,1,0,0,0,1,0,0,1,0,0,0,0,0,11,0,0,1,0,0,0,0,0,0,1,1,0,0,0,48,1,0
/mnt/c/Users/User/Downloads/maven-android-plugin/maven-android-plugin/src/main/java/com/jayway/maven/plugins/android/phase09package/ApkMojo.java,com.jayway.maven.plugins.android.phase09package.ApkMojo$Anonymous2,anonymous,0,0,0,0,1,1,0,2,0,0.0,NaN,NaN,1,0,1,0,0,0,1,0,0,0,0,0,0,0,0,0,0,0,0,5,1,0,0,0,0,1,0,0,0,0,0,0,0,0,3,-1,0
/mnt/c/Users/User/Downloads/maven-android-plugin/maven-android-plugin/src/main/java/com/jayway/maven/plugins/android/standalonemojos/EmulatorStartMojo.java,com.jayway.maven.plugins.android.standalonemojos.EmulatorStartMojo,class,1,1,0,1,1,4,0,1,0,0.0,NaN,NaN,1,0,1,0,0,0,1,0,0,0,0,0,0,0,0,0,0,0,0,5,0,0,0,0,0,0,0,0,0,0,0,0,0,0,22,1,0
/mnt/c/Users/User/Downloads/maven-android-plugin/maven-android-plugin/src/main/java/com/jayway/maven/plugins/android/ExecutionException.java,com.jayway.maven.plugins.android.ExecutionException,class,0,1,1,0,4,3,0,0,6,1.0,0.0,0.0,4,0,4,0,0,0,4,0,0,0,1,1,0,0,0,1,1,0,0,15,0,0,0,0,0,0,1,1,0,1,0,0,0,0,22,1,0
/mnt/c/Users/User/Downloads/maven-android-plugin/maven-android-plugin/src/main/java/com/jayway/maven/plugins/android/standalonemojos/ZipalignMojo.java,com.jayway.maven.plugins.android.standalonemojos.ZipalignMojo,class,1,1,0,1,1,4,0,1,0,0.0,NaN,NaN,1,0,1,0,0,0,1,0,0,0,0,0,0,0,0,0,0,0,0,5,0,0,0,0,0,0,0,0,0,0,0,0,0,0,15,1,0
/mnt/c/Users/User/Downloads/maven-android-plugin/maven-android-plugin/src/main/java/com/jayway/maven/plugins/android/phase01generatesources/GenerateSourcesMojo.java,com.jayway.maven.plugins.android.phase01generatesources.GenerateSourcesMojo$Anonymous2,anonymous,2,2,0,2,1,1,0,0,0,0.0,NaN,NaN,1,0,0,0,1,0,1,0,0,0,0,0,0,0,0,0,0,0,0,5,1,0,0,0,0,1,0,0,0,0,0,0,0,0,3,-1,0
/mnt/c/Users/User/Downloads/maven-android-plugin/maven-android-plugin/src/main/java/com/jayway/maven/plugins/android/phase09package/ApkMojo.java,com.jayway.maven.plugins.android.phase09package.ApkMojo$Anonymous5,anonymous,0,0,0,0,3,1,0,5,0,0.0,NaN,NaN,1,0,1,0,0,0,1,0,0,0,0,0,0,0,0,0,0,0,0,11,2,1,0,0,0,2,0,0,1,0,2,0,0,0,23,-1,1
/mnt/c/Users/User/Downloads/maven-android-plugin/maven-android-plugin/src/main/java/com/jayway/maven/plugins/android/CommandExecutor.java,com.jayway.maven.plugins.android.CommandExecutor$Factory$Anonymous1,anonymous,5,5,0,5,17,1,0,17,22,0.7592593,0.0,0.0,9,0,9,0,0,0,9,0,0,0,6,0,0,5,0,1,0,0,0,100,4,0,4,1,1,8,1,7,4,6,2,0,2,0,43,-1,1
/mnt/c/Users/User/Downloads/maven-android-plugin/maven-android-plugin/src/main/java/com/jayway/maven/plugins/android/phase01generatesources/GenerateSourcesMojo.java,com.jayway.maven.plugins.android.phase01generatesources.GenerateSourcesMojo$Anonymous3,anonymous,0,0,0,0,3,1,0,5,0,0.0,NaN,NaN,1,0,1,0,0,0,1,0,0,0,0,0,0,0,0,0,0,0,0,11,2,1,0,0,0,2,0,0,1,0,2,0,0,0,23,-1,1
/mnt/c/Users/User/Downloads/maven-android-plugin/maven-android-plugin/src/main/java/com/jayway/maven/plugins/android/phase09package/ApkMojo.java,com.jayway.maven.plugins.android.phase09package.ApkMojo$Anonymous4,anonymous,0,0,0,0,3,1,0,5,0,0.0,NaN,NaN,1,0,1,0,0,0,1,0,0,0,0,0,0,0,0,0,0,0,0,11,2,1,0,0,0,2,0,0,1,0,2,0,0,0,23,-1,1
/mnt/c/Users/User/Downloads/maven-android-plugin/maven-android-plugin/src/main/java/com/jayway/maven/plugins/android/asm/AndroidTestFinder.java,com.jayway.maven.plugins.android.asm.AndroidTestFinder$Anonymous1,anonymous,0,0,0,0,4,1,0,1,6,0.0,0.0,0.0,4,0,4,0,0,0,4,0,0,0,0,0,0,0,0,0,0,0,0,11,0,0,0,0,0,0,0,0,0,0,0,0,0,0,10,-1,0
/mnt/c/Users/User/Downloads/maven-android-plugin/maven-android-plugin/src/main/java/com/jayway/maven/plugins/android/phase01generatesources/GenerateSourcesMojo.java,com.jayway.maven.plugins.android.phase01generatesources.GenerateSourcesMojo$Anonymous1,anonymous,0,0,0,0,1,1,0,2,0,0.0,NaN,NaN,0,0,0,0,0,0,1,0,0,0,0,0,0,0,0,0,0,0,2,6,0,0,0,0,0,0,0,0,0,0,0,0,0,0,7,-1,0
/mnt/c/Users/User/Downloads/maven-android-plugin/maven-android-plugin/src/main/java/com/jayway/maven/plugins/android/standalonemojos/PullMojo.java,com.jayway.maven.plugins.android.standalonemojos.PullMojo,class,5,5,0,5,2,3,0,11,0,0.33333334,NaN,NaN,1,0,1,0,0,0,1,0,0,0,3,0,0,2,1,0,0,0,1,22,0,0,0,1,0,3,0,3,1,6,1,0,0,0,53,1,1
/mnt/c/Users/User/Downloads/maven-android-plugin/maven-android-plugin/src/main/java/com/jayway/maven/plugins/android/phase11preintegrationtest/InternalPreIntegrationTestMojo.java,com.jayway.maven.plugins.android.phase11preintegrationtest.InternalPreIntegrationTestMojo,class,1,1,0,1,2,4,0,3,0,0.0,NaN,NaN,1,0,1,0,0,0,1,0,0,0,0,0,0,0,0,0,0,0,0,8,0,0,0,0,0,0,0,0,0,0,1,0,0,0,39,1,0
/mnt/c/Users/User/Downloads/maven-android-plugin/maven-android-plugin/src/main/java/com/jayway/maven/plugins/android/Zipalign.java,com.jayway.maven.plugins.android.Zipalign,class,0,1,1,0,4,1,0,0,6,0.75,0.0,0.0,4,0,4,0,0,0,4,0,0,0,4,0,0,4,0,0,0,0,0,18,4,0,0,0,0,0,0,0,0,4,0,0,0,0,56,1,0
/mnt/c/Users/User/Downloads/maven-android-plugin/maven-android-plugin/src/test/java/com/jayway/maven/plugins/android/standalonemojos/VersionUpdateMojoTest.java,com.jayway.maven.plugins.android.standalonemojos.VersionUpdateMojoTest,class,4,5,1,4,5,3,0,8,10,0.0,0.0,0.0,5,0,4,1,0,0,4,0,0,0,0,0,0,0,0,0,0,0,0,32,1,0,0,0,0,9,0,12,0,12,0,0,0,0,39,1,0
/mnt/c/Users/User/Downloads/maven-android-plugin/maven-android-plugin/src/test/java/com/jayway/maven/plugins/android/asm/withtests/TestClassB.java,com.jayway.maven.plugins.android.asm.withtests.TestClassB,class,1,1,0,1,1,2,0,1,0,0.0,NaN,NaN,1,0,1,0,0,0,1,0,0,0,0,0,0,0,0,0,0,0,0,5,0,0,0,0,0,0,0,0,0,0,0,0,0,0,17,1,0
/mnt/c/Users/User/Downloads/maven-android-plugin/maven-android-plugin/src/test/java/com/jayway/maven/plugins/android/asm/withtests/TestClassA.java,com.jayway.maven.plugins.android.asm.withtests.TestClassA,class,1,1,0,1,1,2,0,1,0,0.0,NaN,NaN,1,0,1,0,0,0,1,0,0,0,0,0,0,0,0,0,0,0,0,5,0,0,0,0,0,0,0,0,0,0,0,0,0,0,16,1,0
/mnt/c/Users/User/Downloads/maven-android-plugin/maven-android-plugin/src/main/java/com/jayway/maven/plugins/android/AndroidSigner.java,com.jayway.maven.plugins.android.AndroidSigner,class,1,2,1,1,11,1,0,2,0,0.0,0.0,0.0,4,0,4,0,0,0,4,0,0,0,1,0,0,1,0,0,1,0,1,36,5,0,6,1,0,3,0,2,0,1,1,0,1,0,40,1,0
/mnt/c/Users/User/Downloads/maven-android-plugin/maven-android-plugin/src/main/java/com/jayway/maven/plugins/android/standalonemojos/PushMojo.java,com.jayway.maven.plugins.android.standalonemojos.PushMojo,class,5,5,0,5,2,3,0,11,0,0.33333334,NaN,NaN,1,0,1,0,0,0,1,0,0,0,3,0,0,2,1,0,0,0,1,22,0,0,0,1,0,3,0,3,1,6,1,0,0,0,52,1,1
/mnt/c/Users/User/Downloads/maven-android-plugin/maven-android-plugin/src/main/java/com/jayway/maven/plugins/android/asm/AndroidTestFinder.java,com.jayway.maven.plugins.android.asm.AndroidTestFinder,class,6,9,3,6,6,1,0,10,1,0.5,NaN,NaN,2,2,1,1,0,0,1,0,0,0,1,1,0,1,0,0,1,0,1,47,2,1,1,1,0,6,0,8,1,7,2,1,0,0,69,1,0
/mnt/c/Users/User/Downloads/maven-android-plugin/maven-android-plugin/src/main/java/com/jayway/maven/plugins/android/phase08preparepackage/DexMojo.java,com.jayway.maven.plugins.android.phase08preparepackage.DexMojo,class,9,10,1,9,24,3,0,35,21,0.85714287,0.0,0.0,7,0,1,1,5,0,6,0,0,0,2,0,0,2,0,0,0,0,1,98,2,2,4,2,0,24,1,14,7,13,4,0,0,0,92,1,1
/mnt/c/Users/User/Downloads/maven-android-plugin/maven-android-plugin/src/main/java/com/jayway/maven/plugins/android/AbstractAndroidMojo.java,com.jayway.maven.plugins.android.AbstractAndroidMojo,class,19,37,18,19,47,2,15,57,163,0.97607654,0.0,0.0,19,0,0,2,17,0,17,0,0,0,33,3,1,4,28,0,3,0,5,275,21,3,8,6,0,42,6,44,12,66,3,0,0,0,424,1025,11
/mnt/c/Users/User/Downloads/maven-android-plugin/maven-android-plugin/src/test/java/com/jayway/maven/plugins/android/standalonemojos/MojoProjectStub.java,com.jayway.maven.plugins.android.standalonemojos.MojoProjectStub,class,6,8,2,6,14,2,0,41,15,0.7142857,0.0,0.0,7,0,4,3,0,0,4,0,0,0,3,0,0,3,0,0,0,0,0,94,7,1,1,1,0,7,0,22,1,17,2,0,0,0,65,1,0
/mnt/c/Users/User/Downloads/maven-android-plugin/maven-android-plugin/src/main/java/com/jayway/maven/plugins/android/phase01generatesources/GenerateSourcesMojo.java,com.jayway.maven.plugins.android.phase01generatesources.GenerateSourcesMojo,class,9,10,1,9,46,3,0,57,45,0.9,0.0,0.0,10,0,1,8,1,0,2,0,0,0,2,0,0,0,2,0,0,0,2,235,2,5,3,8,0,58,6,28,18,27,6,3,0,0,175,1,12
/mnt/c/Users/User/Downloads/maven-android-plugin/maven-android-plugin/src/main/java/com/jayway/maven/plugins/android/phase12integrationtest/InternalIntegrationTestMojo.java,com.jayway.maven.plugins.android.phase12integrationtest.InternalIntegrationTestMojo,class,2,2,0,2,2,5,0,2,0,0.0,NaN,NaN,1,0,1,0,0,0,1,0,0,0,0,0,0,0,0,0,0,0,0,7,0,0,0,0,0,0,0,0,0,0,1,0,0,0,34,1,0
/mnt/c/Users/User/Downloads/maven-android-plugin/maven-android-plugin/src/main/java/com/jayway/maven/plugins/android/standalonemojos/UndeployMojo.java,com.jayway.maven.plugins.android.standalonemojos.UndeployMojo,class,1,1,0,1,6,3,0,4,0,0.0,0.0,0.0,2,0,2,0,0,0,2,0,0,0,2,0,0,2,0,0,0,0,0,22,0,0,2,0,0,2,0,3,0,3,2,0,0,0,45,1,0
/mnt/c/Users/User/Downloads/maven-android-plugin/maven-android-plugin/src/main/java/com/jayway/maven/plugins/android/standalonemojos/InstrumentMojo.java,com.jayway.maven.plugins.android.standalonemojos.InstrumentMojo,class,1,1,0,1,1,5,0,1,0,0.0,NaN,NaN,1,0,1,0,0,0,1,0,0,0,0,0,0,0,0,0,0,0,0,5,0,0,0,0,0,0,0,0,0,0,0,0,0,0,13,1,0
/mnt/c/Users/User/Downloads/maven-android-plugin/maven-android-plugin/src/main/java/com/jayway/maven/plugins/android/CommandExecutor.java,com.jayway.maven.plugins.android.CommandExecutor,interface,1,12,11,1,8,1,0,0,28,0.0,0.0,0.0,8,0,0,0,0,8,8,0,0,0,0,0,0,0,0,0,0,0,0,117,0,0,0,0,0,0,0,0,0,0,0,0,1,0,87,1,0
/mnt/c/Users/User/Downloads/maven-android-plugin/maven-android-plugin/src/test/java/com/jayway/maven/plugins/android/AbstractAndroidMojoTest.java,com.jayway.maven.plugins.android.AbstractAndroidMojoTest$DefaultTestAndroidMojo,innerclass,3,3,0,3,2,3,0,1,1,0.0,0.0,0.0,2,0,1,0,1,0,2,0,0,0,0,0,0,0,0,0,0,0,0,7,1,0,0,0,0,0,0,0,0,0,0,0,0,0,11,2,0
/mnt/c/Users/User/Downloads/maven-android-plugin/maven-android-plugin/src/test/java/com/jayway/maven/plugins/android/AbstractAndroidMojoTest.java,com.jayway.maven.plugins.android.AbstractAndroidMojoTest$EmptyAndroidMojo,innerclass,1,1,0,1,1,3,0,0,0,0.0,NaN,NaN,1,0,1,0,0,0,1,0,0,0,0,0,0,0,0,0,0,0,0,4,0,0,0,0,0,0,0,0,0,0,0,0,0,0,7,2,0
/mnt/c/Users/User/Downloads/maven-android-plugin/maven-android-plugin/src/main/java/com/jayway/maven/plugins/android/CommandExecutor.java,com.jayway.maven.plugins.android.CommandExecutor$Factory,innerclass,2,2,0,2,2,1,0,0,1,0.0,NaN,NaN,2,1,1,1,0,0,1,0,0,0,0,0,0,0,0,0,0,0,0,107,1,0,0,0,0,0,0,0,0,0,0,1,0,0,18,9,0
/mnt/c/Users/User/Downloads/maven-android-plugin/maven-android-plugin/src/main/java/com/jayway/maven/plugins/android/CommandExecutor.java,com.jayway.maven.plugins.android.CommandExecutor$Factory$1$ErrorStreamConsumer,innerclass,1,1,0,1,6,1,0,4,0,0.375,0.0,0.0,4,0,4,0,0,0,4,0,0,0,2,0,0,2,0,0,0,0,0,23,2,0,2,0,0,1,0,3,0,2,1,0,0,0,57,0,1
/mnt/c/Users/User/Downloads/maven-android-plugin/maven-android-plugin/src/test/java/com/jayway/maven/plugins/android/SdkTestSupport.java,com.jayway.maven.plugins.android.SdkTestSupport,class,1,4,3,1,4,1,0,2,0,0.5,0.0,0.0,4,0,4,0,0,0,4,0,0,0,3,0,0,3,0,0,3,0,1,19,3,0,0,0,0,3,0,3,0,3,0,0,0,0,37,1,0
/mnt/c/Users/User/Downloads/maven-android-plugin/maven-android-plugin/src/main/java/com/jayway/maven/plugins/android/AndroidSdk.java,com.jayway.maven.plugins.android.AndroidSdk$Platform,innerclass,0,0,0,0,1,1,0,0,0,0.0,NaN,NaN,1,0,1,0,0,0,1,0,0,0,3,0,0,0,0,3,3,0,0,11,0,0,0,0,0,0,0,3,0,3,0,0,0,0,5,26,0
/mnt/c/Users/User/Downloads/maven-android-plugin/maven-android-plugin/src/test/java/com/jayway/maven/plugins/android/AndroidSdkTest.java,com.jayway.maven.plugins.android.AndroidSdkTest,class,5,5,0,5,11,1,0,14,0,0.09090909,0.0,0.0,11,0,11,0,0,0,11,0,0,0,1,0,0,1,0,0,0,0,1,55,0,0,0,0,0,25,0,23,4,23,0,0,0,0,83,1,0
/mnt/c/Users/User/Downloads/maven-android-plugin/maven-android-plugin/src/main/java/com/jayway/maven/plugins/android/AbstractIntegrationtestMojo.java,com.jayway.maven.plugins.android.AbstractIntegrationtestMojo,class,4,10,6,4,14,3,5,14,6,0.75,0.0,0.0,4,0,0,0,4,0,4,0,0,0,2,0,0,2,0,0,0,0,1,50,5,1,2,0,0,12,0,4,4,6,4,0,0,0,110,1025,3
/mnt/c/Users/User/Downloads/maven-android-plugin/maven-android-plugin/src/test/java/com/jayway/maven/plugins/android/asm/withouttests/NoTestClassB.java,com.jayway.maven.plugins.android.asm.withouttests.NoTestClassB,class,0,0,0,0,0,1,0,0,0,0.0,-1.0,-1.0,0,0,0,0,0,0,0,0,0,0,0,0,0,0,0,0,0,0,0,2,0,0,0,0,0,0,0,0,0,0,0,0,0,0,10,1,0
/mnt/c/Users/User/Downloads/maven-android-plugin/maven-android-plugin/src/main/java/com/jayway/maven/plugins/android/Sign.java,com.jayway.maven.plugins.android.Sign,class,0,1,1,0,1,1,0,0,0,0.0,NaN,NaN,1,0,1,0,0,0,1,0,0,0,1,0,0,1,0,0,0,0,0,6,1,0,0,0,0,0,0,0,0,1,0,0,0,0,46,1,0
/mnt/c/Users/User/Downloads/maven-android-plugin/maven-android-plugin/src/test/java/com/jayway/maven/plugins/android/asm/withouttests/NoTestClassA.java,com.jayway.maven.plugins.android.asm.withouttests.NoTestClassA,class,0,0,0,0,0,1,0,0,0,0.0,-1.0,-1.0,0,0,0,0,0,0,0,0,0,0,0,0,0,0,0,0,0,0,0,2,0,0,0,0,0,0,0,0,0,0,0,0,0,0,9,1,0
/mnt/c/Users/User/Downloads/maven-android-plugin/maven-android-plugin/src/main/java/com/jayway/maven/plugins/android/AndroidSdk.java,com.jayway.maven.plugins.android.AndroidSdk$Layout,enum,0,0,0,0,0,1,0,0,0,0.0,-1.0,-1.0,0,0,0,0,0,0,0,0,0,0,0,0,0,0,0,0,0,0,0,1,0,0,0,0,0,0,0,0,0,0,0,0,0,0,10,1,0
/mnt/c/Users/User/Downloads/maven-android-plugin/maven-android-plugin/src/main/java/com/jayway/maven/plugins/android/phase04processclasses/UnpackMojo.java,com.jayway.maven.plugins.android.phase04processclasses.UnpackMojo,class,5,6,1,5,14,3,0,27,3,0.0,NaN,NaN,3,0,1,2,0,0,1,0,0,0,0,0,0,0,0,0,0,0,1,62,1,2,0,5,0,10,0,8,4,8,4,0,0,0,45,1,0
/mnt/c/Users/User/Downloads/maven-android-plugin/maven-android-plugin/src/main/java/com/jayway/maven/plugins/android/InvalidSdkException.java,com.jayway.maven.plugins.android.InvalidSdkException,class,0,2,2,0,1,4,0,0,0,0.0,NaN,NaN,1,0,1,0,0,0,1,0,0,0,0,0,0,0,0,0,0,0,0,5,0,0,0,0,0,0,0,0,0,0,0,0,0,0,11,1,0
/mnt/c/Users/User/Downloads/maven-android-plugin/maven-android-plugin/src/main/java/com/jayway/maven/plugins/android/AbstractZipalignMojo.java,com.jayway.maven.plugins.android.AbstractZipalignMojo,class,7,9,2,7,25,3,1,29,26,0.8229167,0.0,0.0,8,0,0,7,1,0,2,0,0,0,12,1,0,12,0,0,1,0,1,149,7,0,11,1,0,26,0,29,13,22,3,0,0,0,123,1025,15
/mnt/c/Users/User/Downloads/maven-android-plugin/maven-android-plugin/src/main/java/com/jayway/maven/plugins/android/phase09package/ApkBuilder.java,com.jayway.maven.plugins.android.phase09package.ApkBuilder,class,3,5,2,3,25,1,0,12,0,0.57142866,0.0,0.0,7,1,7,0,0,0,7,0,0,0,10,9,0,10,0,0,0,0,0,125,1,0,2,8,1,40,4,12,2,12,1,0,0,0,173,1,15
/mnt/c/Users/User/Downloads/maven-android-plugin/maven-android-plugin/src/main/java/com/jayway/maven/plugins/android/standalonemojos/VersionUpdateMojo.java,com.jayway.maven.plugins.android.standalonemojos.VersionUpdateMojo,class,6,8,2,6,13,3,0,24,6,0.0,0.0,0.0,4,0,2,2,0,0,2,0,0,0,0,0,0,0,0,0,0,0,3,61,4,0,3,2,2,9,0,14,3,13,1,0,0,0,81,1,0
/mnt/c/Users/User/Downloads/maven-android-plugin/maven-android-plugin/src/main/java/com/jayway/maven/plugins/android/AndroidSdk.java,com.jayway.maven.plugins.android.AndroidSdk,class,5,19,14,5,46,1,0,22,21,0.79365075,0.0,0.0,14,0,10,4,0,0,10,0,0,0,9,6,0,9,0,0,8,0,1,163,18,4,5,1,0,51,1,29,24,28,2,0,2,0,160,1,0
/mnt/c/Users/User/Downloads/maven-android-plugin/maven-android-plugin/src/main/java/com/jayway/maven/plugins/android/AbstractEmulatorMojo.java,com.jayway.maven.plugins.android.AbstractEmulatorMojo,class,7,10,3,7,38,3,2,47,54,0.8615386,0.0,0.0,13,0,0,11,2,0,2,0,0,0,15,8,1,14,0,0,8,0,6,241,8,0,11,6,0,43,0,55,18,42,3,0,0,0,205,1025,11
/mnt/c/Users/User/Downloads/maven-android-plugin/maven-android-plugin/src/test/java/com/jayway/maven/plugins/android/AbstractAndroidMojoTestCase.java,com.jayway.maven.plugins.android.AbstractAndroidMojoTestCase,class,19,21,2,19,4,2,0,24,3,0.0,0.0,0.0,3,0,2,0,1,0,3,1,0,0,0,0,0,0,0,0,0,0,0,38,2,0,0,0,0,9,0,18,4,16,1,0,0,0,132,1025,0
