file,class,type,cbo,cboModified,fanin,fanout,wmc,dit,noc,rfc,lcom,lcom*,tcc,lcc,totalMethodsQty,staticMethodsQty,publicMethodsQty,privateMethodsQty,protectedMethodsQty,defaultMethodsQty,visibleMethodsQty,abstractMethodsQty,finalMethodsQty,synchronizedMethodsQty,totalFieldsQty,staticFieldsQty,publicFieldsQty,privateFieldsQty,protectedFieldsQty,defaultFieldsQty,finalFieldsQty,synchronizedFieldsQty,nosi,loc,returnQty,loopQty,comparisonsQty,tryCatchQty,parenthesizedExpsQty,stringLiteralsQty,numbersQty,assignmentsQty,mathOperationsQty,variablesQty,maxNestedBlocksQty,anonymousClassesQty,innerClassesQty,lambdasQty,uniqueWordsQty,modifiers,logStatementsQty
/mnt/c/Users/User/Downloads/maven-android-plugin/maven-android-plugin/src/main/java/com/jayway/maven/plugins/android/standalonemojos/PushMojo.java,com.jayway.maven.plugins.android.standalonemojos.PushMojo$Anonymous1,anonymous,4,4,0,4,6,1,0,9,0,0.0,NaN,NaN,1,0,1,0,0,0,1,0,0,0,0,0,0,0,0,0,0,0,0,27,0,1,0,1,0,14,0,5,6,4,2,0,0,0,33,-1,1
/mnt/c/Users/User/Downloads/maven-android-plugin/maven-android-plugin/src/main/java/com/jayway/maven/plugins/android/standalonemojos/DeployDependenciesMojo.java,com.jayway.maven.plugins.android.standalonemojos.DeployDependenciesMojo,class,1,1,0,1,1,3,0,1,0,0.0,NaN,NaN,1,0,1,0,0,0,1,0,0,0,0,0,0,0,0,0,0,0,0,5,0,0,0,0,0,0,0,0,0,0,0,0,0,0,45,1,0
/mnt/c/Users/User/Downloads/maven-android-plugin/maven-android-plugin/src/main/java/com/jayway/maven/plugins/android/phase09package/ApkMojo.java,com.jayway.maven.plugins.android.phase09package.ApkMojo,class,13,14,1,13,111,3,0,98,83,0.9175824,0.0,0.0,14,1,1,11,1,1,3,0,0,0,13,1,0,12,1,0,1,0,5,502,11,19,15,15,5,80,9,66,26,69,5,6,0,0,344,1,18
/mnt/c/Users/User/Downloads/maven-android-plugin/maven-android-plugin/src/test/java/com/jayway/maven/plugins/android/AbstractEmulatorMojoTest.java,com.jayway.maven.plugins.android.AbstractEmulatorMojoTest,class,5,5,0,5,2,4,0,2,0,0.0,0.0,0.0,2,0,2,0,0,0,2,0,1,0,1,0,0,1,0,0,0,0,0,14,0,0,0,0,0,0,0,1,0,1,0,0,1,0,14,1,0
/mnt/c/Users/User/Downloads/maven-android-plugin/maven-android-plugin/src/test/java/com/jayway/maven/plugins/android/standalonemojos/ManifestUpdateMojoTest.java,com.jayway.maven.plugins.android.standalonemojos.ManifestUpdateMojoTest,class,4,5,1,4,14,3,0,12,45,0.0,0.0,0.0,10,0,9,1,0,0,9,0,0,0,0,0,0,0,0,0,0,0,0,81,4,1,0,3,0,22,2,22,0,22,1,0,0,0,58,1,0
/mnt/c/Users/User/Downloads/maven-android-plugin/maven-android-plugin/src/main/java/com/jayway/maven/plugins/android/DeviceCallback.java,com.jayway.maven.plugins.android.DeviceCallback,interface,1,6,5,1,1,1,0,0,0,0.0,NaN,NaN,1,0,0,0,0,1,1,0,0,0,0,0,0,0,0,0,0,0,0,3,0,0,0,0,0,0,0,0,0,0,0,0,0,0,29,1,0
/mnt/c/Users/User/Downloads/maven-android-plugin/maven-android-plugin/src/main/java/com/jayway/maven/plugins/android/configuration/Dex.java,com.jayway.maven.plugins.android.configuration.Dex,class,0,1,1,0,4,1,0,0,6,0.75,0.0,0.0,4,0,4,0,0,0,4,0,0,0,4,0,0,4,0,0,0,0,0,18,4,0,0,0,0,0,0,3,0,4,0,0,0,0,34,1,0
/mnt/c/Users/User/Downloads/maven-android-plugin/maven-android-plugin/src/main/java/com/jayway/maven/plugins/android/AbstractInstrumentationMojo.java,com.jayway.maven.plugins.android.AbstractInstrumentationMojo$Anonymous1,anonymous,6,6,0,6,11,1,0,19,0,0.0,NaN,NaN,1,0,1,0,0,0,1,0,0,0,0,0,0,0,0,0,0,0,0,46,0,0,0,1,0,13,0,3,5,3,2,0,0,0,51,-1,3
/mnt/c/Users/User/Downloads/maven-android-plugin/maven-android-plugin/src/main/java/com/jayway/maven/plugins/android/standalonemojos/EmulatorStopMojo.java,com.jayway.maven.plugins.android.standalonemojos.EmulatorStopMojo,class,1,1,0,1,1,4,0,1,0,0.0,NaN,NaN,1,0,1,0,0,0,1,0,0,0,0,0,0,0,0,0,0,0,0,5,0,0,0,0,0,0,0,0,0,0,0,0,0,0,22,1,0
/mnt/c/Users/User/Downloads/maven-android-plugin/maven-android-plugin/src/main/java/com/jayway/maven/plugins/android/configuration/HeaderFilesDirective.java,com.jayway.maven.plugins.android.configuration.HeaderFilesDirective,class,0,1,1,0,6,1,0,0,9,0.6666667,0.0,0.0,6,0,6,0,0,0,6,0,0,0,3,0,0,3,0,0,0,0,0,23,3,0,0,0,0,0,0,3,0,3,0,0,0,0,41,1,0
/mnt/c/Users/User/Downloads/maven-android-plugin/maven-android-plugin/src/test/java/com/jayway/maven/plugins/android/AbstractAndroidMojoTest.java,com.jayway.maven.plugins.android.AbstractAndroidMojoTest,class,7,7,0,7,8,5,0,20,0,0.0,0.0,0.0,8,0,8,0,0,0,8,0,0,0,1,0,0,0,1,0,0,0,0,64,0,0,0,0,0,15,0,25,0,24,0,0,2,0,53,1,0
/mnt/c/Users/User/Downloads/maven-android-plugin/maven-android-plugin/src/main/java/com/jayway/maven/plugins/android/standalonemojos/DeployMojo.java,com.jayway.maven.plugins.android.standalonemojos.DeployMojo,class,1,1,0,1,2,3,0,2,0,0.0,NaN,NaN,1,0,1,0,0,0,1,0,0,0,1,0,0,1,0,0,0,0,0,11,0,0,1,0,0,0,0,0,0,1,1,0,0,0,48,1,0
/mnt/c/Users/User/Downloads/maven-android-plugin/maven-android-plugin/src/main/java/com/jayway/maven/plugins/android/standalonemojos/EmulatorStartMojo.java,com.jayway.maven.plugins.android.standalonemojos.EmulatorStartMojo,class,1,1,0,1,1,4,0,1,0,0.0,NaN,NaN,1,0,1,0,0,0,1,0,0,0,0,0,0,0,0,0,0,0,0,5,0,0,0,0,0,0,0,0,0,0,0,0,0,0,22,1,0
/mnt/c/Users/User/Downloads/maven-android-plugin/maven-android-plugin/src/main/java/com/jayway/maven/plugins/android/AbstractEmulatorMojo.java,com.jayway.maven.plugins.android.AbstractEmulatorMojo$Anonymous1,anonymous,0,0,0,0,3,1,0,7,0,0.0,NaN,NaN,1,0,1,0,0,0,1,0,0,0,1,1,0,1,0,0,1,0,0,28,2,0,1,2,0,2,1,7,0,4,2,0,0,0,26,-1,0
/mnt/c/Users/User/Downloads/maven-android-plugin/maven-android-plugin/src/main/java/com/jayway/maven/plugins/android/standalonemojos/PullMojo.java,com.jayway.maven.plugins.android.standalonemojos.PullMojo$Anonymous1,anonymous,7,7,0,7,10,1,0,18,0,0.0,NaN,NaN,1,0,1,0,0,0,1,0,0,0,0,0,0,0,0,0,0,0,0,59,0,0,0,1,0,19,0,15,9,11,3,0,0,0,42,-1,3
/mnt/c/Users/User/Downloads/maven-android-plugin/maven-android-plugin/src/main/java/com/jayway/maven/plugins/android/ExecutionException.java,com.jayway.maven.plugins.android.ExecutionException,class,0,1,1,0,4,3,0,0,6,1.0,0.0,0.0,4,0,4,0,0,0,4,0,0,0,1,1,0,0,0,1,1,0,0,15,0,0,0,0,0,0,1,1,0,1,0,0,0,0,22,1,0
/mnt/c/Users/User/Downloads/maven-android-plugin/maven-android-plugin/src/main/java/com/jayway/maven/plugins/android/standalonemojos/ZipalignMojo.java,com.jayway.maven.plugins.android.standalonemojos.ZipalignMojo,class,1,1,0,1,1,4,0,1,0,0.0,NaN,NaN,1,0,1,0,0,0,1,0,0,0,0,0,0,0,0,0,0,0,0,5,0,0,0,0,0,0,0,0,0,0,0,0,0,0,15,1,0
/mnt/c/Users/User/Downloads/maven-android-plugin/maven-android-plugin/src/main/java/com/jayway/maven/plugins/android/AbstractAndroidMojo.java,com.jayway.maven.plugins.android.AbstractAndroidMojo$Anonymous1,anonymous,3,3,0,3,2,1,0,5,0,0.0,NaN,NaN,1,0,1,0,0,0,1,0,0,0,0,0,0,0,0,0,0,0,1,11,0,0,0,1,0,4,0,0,2,0,1,0,0,0,15,-1,1
/mnt/c/Users/User/Downloads/maven-android-plugin/maven-android-plugin/src/main/java/com/jayway/maven/plugins/android/AbstractAndroidMojo.java,com.jayway.maven.plugins.android.AbstractAndroidMojo$Anonymous2,anonymous,3,3,0,3,2,1,0,5,0,0.0,NaN,NaN,1,0,1,0,0,0,1,0,0,0,0,0,0,0,0,0,0,0,1,13,0,0,0,1,0,4,0,0,2,0,1,0,0,0,19,-1,1
/mnt/c/Users/User/Downloads/maven-android-plugin/maven-android-plugin/src/main/java/com/jayway/maven/plugins/android/AndroidNdk.java,com.jayway.maven.plugins.android.AndroidNdk,class,2,4,2,2,5,1,0,3,1,0.5,0.0,0.0,3,0,2,1,0,0,2,0,0,0,2,1,0,2,0,0,2,0,0,19,1,0,1,0,0,5,0,2,2,2,1,0,0,0,58,1,0
/mnt/c/Users/User/Downloads/maven-android-plugin/maven-android-plugin/src/main/java/com/jayway/maven/plugins/android/common/NativeHelper.java,com.jayway.maven.plugins.android.common.NativeHelper,class,20,23,3,20,27,1,0,36,13,0.69047624,0.0,0.0,7,2,4,3,0,0,4,0,0,0,6,0,0,6,0,0,0,0,4,95,8,5,1,1,2,14,0,22,2,22,3,0,0,0,67,1,1
/mnt/c/Users/User/Downloads/maven-android-plugin/maven-android-plugin/src/main/java/com/jayway/maven/plugins/android/standalonemojos/RunMojo.java,com.jayway.maven.plugins.android.standalonemojos.RunMojo$LauncherInfo,innerclass,0,0,0,0,0,1,0,0,0,NaN,-1.0,-1.0,0,0,0,0,0,0,0,0,0,0,2,0,2,0,0,0,0,0,0,4,0,0,0,0,0,0,0,0,0,2,0,0,0,0,11,10,0
/mnt/c/Users/User/Downloads/maven-android-plugin/maven-android-plugin/src/main/java/com/jayway/maven/plugins/android/configuration/Sign.java,com.jayway.maven.plugins.android.configuration.Sign,class,0,1,1,0,1,1,0,0,0,0.0,NaN,NaN,1,0,1,0,0,0,1,0,0,0,1,0,0,1,0,0,0,0,0,6,1,0,0,0,0,0,0,0,0,1,0,0,0,0,44,1,0
/mnt/c/Users/User/Downloads/maven-android-plugin/maven-android-plugin/src/main/java/com/jayway/maven/plugins/android/CommandExecutor.java,com.jayway.maven.plugins.android.CommandExecutor$Factory$Anonymous1,anonymous,6,6,0,6,22,1,0,22,39,0.8181819,0.0,0.0,11,0,11,0,0,0,11,0,0,0,8,0,1,6,0,1,0,0,0,121,4,1,6,1,1,8,1,9,4,8,2,0,2,0,50,-1,1
/mnt/c/Users/User/Downloads/maven-android-plugin/maven-android-plugin/src/test/java/com/jayway/maven/plugins/android/AbstractEmulatorMojoTest.java,com.jayway.maven.plugins.android.AbstractEmulatorMojoTest$mockAbstractEmulatorMojo,innerclass,1,1,0,1,1,4,0,0,0,0.0,NaN,NaN,1,0,1,0,0,0,1,0,0,0,0,0,0,0,0,0,0,0,0,4,0,0,0,0,0,0,0,0,0,0,0,0,0,0,7,2,0
/mnt/c/Users/User/Downloads/maven-android-plugin/maven-android-plugin/src/main/java/com/jayway/maven/plugins/android/phase05compile/NdkBuildMojo.java,com.jayway.maven.plugins.android.phase05compile.NdkBuildMojo,class,17,18,1,17,57,3,0,78,28,0.88586956,0.0,0.0,8,0,1,6,1,0,2,0,0,0,23,1,1,15,7,0,1,0,10,270,7,4,17,6,3,45,5,47,11,53,5,2,0,0,330,1,10
/mnt/c/Users/User/Downloads/maven-android-plugin/maven-android-plugin/src/test/java/com/jayway/maven/plugins/android/asm/withtests/TestClassB.java,com.jayway.maven.plugins.android.asm.withtests.TestClassB,class,1,1,0,1,1,2,0,1,0,0.0,NaN,NaN,1,0,1,0,0,0,1,0,0,0,0,0,0,0,0,0,0,0,0,5,0,0,0,0,0,0,0,0,0,0,0,0,0,0,17,1,0
/mnt/c/Users/User/Downloads/maven-android-plugin/maven-android-plugin/src/test/java/com/jayway/maven/plugins/android/asm/withtests/TestClassA.java,com.jayway.maven.plugins.android.asm.withtests.TestClassA,class,1,1,0,1,1,2,0,1,0,0.0,NaN,NaN,1,0,1,0,0,0,1,0,0,0,0,0,0,0,0,0,0,0,0,5,0,0,0,0,0,0,0,0,0,0,0,0,0,0,16,1,0
/mnt/c/Users/User/Downloads/maven-android-plugin/maven-android-plugin/src/main/java/com/jayway/maven/plugins/android/configuration/Test.java,com.jayway.maven.plugins.android.configuration.Test,class,0,1,1,0,10,1,0,0,45,0.9,0.0,0.0,10,0,10,0,0,0,10,0,0,0,10,0,0,8,2,0,0,0,0,42,10,0,0,0,0,0,0,0,0,10,0,0,0,0,43,1,0
/mnt/c/Users/User/Downloads/maven-android-plugin/maven-android-plugin/src/main/java/com/jayway/maven/plugins/android/phase05compile/NdkBuildMojo.java,com.jayway.maven.plugins.android.phase05compile.NdkBuildMojo$Anonymous1,anonymous,0,0,0,0,3,1,0,3,0,0.0,NaN,NaN,1,0,1,0,0,0,1,0,0,0,0,0,0,0,0,0,0,0,1,10,2,0,0,0,0,0,0,2,0,2,1,0,0,0,15,-1,0
/mnt/c/Users/User/Downloads/maven-android-plugin/maven-android-plugin/src/main/java/com/jayway/maven/plugins/android/phase05compile/NdkBuildMojo.java,com.jayway.maven.plugins.android.phase05compile.NdkBuildMojo$Anonymous2,anonymous,0,0,0,0,4,1,0,5,0,0.0,NaN,NaN,1,0,1,0,0,0,1,0,0,0,0,0,0,0,0,0,0,0,0,10,2,0,2,0,2,5,0,0,2,0,1,0,0,0,5,-1,0
/mnt/c/Users/User/Downloads/maven-android-plugin/maven-android-plugin/src/main/java/com/jayway/maven/plugins/android/AbstractAndroidMojo.java,com.jayway.maven.plugins.android.AbstractAndroidMojo,class,21,45,24,21,74,2,21,85,250,0.97435886,0.0,0.0,24,1,1,3,20,0,22,0,0,0,39,6,2,7,30,0,5,0,14,368,22,7,9,6,4,56,14,54,22,79,5,2,0,0,497,1025,15
/mnt/c/Users/User/Downloads/maven-android-plugin/maven-android-plugin/src/test/java/com/jayway/maven/plugins/android/standalonemojos/MojoProjectStub.java,com.jayway.maven.plugins.android.standalonemojos.MojoProjectStub,class,6,8,2,6,14,2,0,41,15,0.7142857,0.0,0.0,7,0,4,3,0,0,4,0,0,0,3,0,0,3,0,0,0,0,0,94,7,1,1,1,0,7,0,22,1,17,2,0,0,0,65,1,0
/mnt/c/Users/User/Downloads/maven-android-plugin/maven-android-plugin/src/main/java/com/jayway/maven/plugins/android/common/AetherHelper.java,com.jayway.maven.plugins.android.common.AetherHelper,class,13,19,6,13,7,1,0,18,3,0.0,0.0,0.0,3,3,3,0,0,0,3,0,0,0,0,0,0,0,0,0,0,0,2,41,3,1,1,2,0,2,0,8,2,7,2,0,0,0,54,1,0
/mnt/c/Users/User/Downloads/maven-android-plugin/maven-android-plugin/src/main/java/com/jayway/maven/plugins/android/phase01generatesources/GenerateSourcesMojo.java,com.jayway.maven.plugins.android.phase01generatesources.GenerateSourcesMojo,class,10,11,1,10,66,3,0,65,49,0.72727275,0.0,0.0,11,0,1,9,1,0,2,0,0,0,1,0,0,0,1,0,0,0,6,330,5,12,3,8,0,79,2,38,25,34,4,4,0,0,166,1,14
/mnt/c/Users/User/Downloads/maven-android-plugin/maven-android-plugin/src/main/java/com/jayway/maven/plugins/android/phase12integrationtest/InternalIntegrationTestMojo.java,com.jayway.maven.plugins.android.phase12integrationtest.InternalIntegrationTestMojo,class,1,1,0,1,2,4,0,2,0,0.0,NaN,NaN,1,0,1,0,0,0,1,0,0,0,0,0,0,0,0,0,0,0,0,7,0,0,0,0,0,0,0,0,0,0,1,0,0,0,34,1,0
/mnt/c/Users/User/Downloads/maven-android-plugin/maven-android-plugin/src/main/java/com/jayway/maven/plugins/android/common/JarHelper.java,com.jayway.maven.plugins.android.common.JarHelper,class,1,3,2,1,6,1,0,12,0,0.0,NaN,NaN,1,1,1,0,0,0,1,0,0,0,0,0,0,0,0,0,0,0,0,33,0,1,0,2,0,1,0,5,1,5,5,0,1,0,33,1,0
/mnt/c/Users/User/Downloads/maven-android-plugin/maven-android-plugin/src/main/java/com/jayway/maven/plugins/android/standalonemojos/InstrumentMojo.java,com.jayway.maven.plugins.android.standalonemojos.InstrumentMojo,class,1,1,0,1,1,4,0,1,0,0.0,NaN,NaN,1,0,1,0,0,0,1,0,0,0,0,0,0,0,0,0,0,0,0,5,0,0,0,0,0,0,0,0,0,0,0,0,0,0,13,1,0
/mnt/c/Users/User/Downloads/maven-android-plugin/maven-android-plugin/src/main/java/com/jayway/maven/plugins/android/standalonemojos/EmulatorStopAllMojo.java,com.jayway.maven.plugins.android.standalonemojos.EmulatorStopAllMojo,class,1,1,0,1,1,4,0,1,0,0.0,NaN,NaN,1,0,1,0,0,0,1,0,0,0,0,0,0,0,0,0,0,0,0,5,0,0,0,0,0,0,0,0,0,0,0,0,0,0,20,1,0
/mnt/c/Users/User/Downloads/maven-android-plugin/maven-android-plugin/src/main/java/com/jayway/maven/plugins/android/CommandExecutor.java,com.jayway.maven.plugins.android.CommandExecutor,interface,2,12,10,2,10,1,0,0,45,0.0,0.0,0.0,10,0,0,0,0,10,10,0,0,0,0,0,0,0,0,0,0,0,0,143,0,0,0,0,0,0,0,0,0,0,0,0,2,0,94,1,0
/mnt/c/Users/User/Downloads/maven-android-plugin/maven-android-plugin/src/test/java/com/jayway/maven/plugins/android/AbstractAndroidMojoTest.java,com.jayway.maven.plugins.android.AbstractAndroidMojoTest$DefaultTestAndroidMojo,innerclass,3,3,0,3,2,3,0,1,1,0.0,0.0,0.0,2,0,1,0,1,0,2,0,0,0,0,0,0,0,0,0,0,0,0,7,1,0,0,0,0,0,0,0,0,0,0,0,0,0,11,2,0
/mnt/c/Users/User/Downloads/maven-android-plugin/maven-android-plugin/src/main/java/com/jayway/maven/plugins/android/common/JarHelper.java,com.jayway.maven.plugins.android.common.JarHelper$UnjarListener,interface,0,0,0,0,1,1,0,0,0,0.0,NaN,NaN,1,0,1,0,0,0,1,0,0,0,0,0,0,0,0,0,0,0,0,3,0,0,0,0,0,0,0,0,0,0,0,0,0,0,6,9,0
/mnt/c/Users/User/Downloads/maven-android-plugin/maven-android-plugin/src/main/java/com/jayway/maven/plugins/android/AbstractInstrumentationMojo.java,com.jayway.maven.plugins.android.AbstractInstrumentationMojo$AndroidTestRunListener,innerclass,11,11,0,11,40,1,0,54,48,0.8873953,0.0,0.0,17,0,13,4,0,0,13,0,0,0,35,22,0,35,0,0,26,0,8,274,10,3,3,3,1,50,10,91,17,76,3,0,0,0,221,2,12
/mnt/c/Users/User/Downloads/maven-android-plugin/maven-android-plugin/src/main/java/com/jayway/maven/plugins/android/phase05compile/MakefileHelper.java,com.jayway.maven.plugins.android.phase05compile.MakefileHelper,class,10,12,2,10,17,1,0,24,3,0.0,0.0,0.0,3,3,2,1,0,0,2,0,0,0,0,0,0,0,0,0,0,0,5,95,4,3,2,1,0,28,3,11,4,11,4,1,0,0,128,1,0
/mnt/c/Users/User/Downloads/maven-android-plugin/maven-android-plugin/src/test/java/com/jayway/maven/plugins/android/AndroidSdkTest.java,com.jayway.maven.plugins.android.AndroidSdkTest,class,5,5,0,5,11,1,0,15,0,0.09090909,0.0,0.0,11,0,11,0,0,0,11,0,0,0,1,0,0,1,0,0,0,0,1,59,0,0,0,0,0,29,0,27,4,27,0,0,0,0,86,1,0
/mnt/c/Users/User/Downloads/maven-android-plugin/maven-android-plugin/src/test/java/com/jayway/maven/plugins/android/asm/withouttests/NoTestClassB.java,com.jayway.maven.plugins.android.asm.withouttests.NoTestClassB,class,0,0,0,0,0,1,0,0,0,0.0,-1.0,-1.0,0,0,0,0,0,0,0,0,0,0,0,0,0,0,0,0,0,0,0,2,0,0,0,0,0,0,0,0,0,0,0,0,0,0,10,1,0
/mnt/c/Users/User/Downloads/maven-android-plugin/maven-android-plugin/src/test/java/com/jayway/maven/plugins/android/asm/withouttests/NoTestClassA.java,com.jayway.maven.plugins.android.asm.withouttests.NoTestClassA,class,0,0,0,0,0,1,0,0,0,0.0,-1.0,-1.0,0,0,0,0,0,0,0,0,0,0,0,0,0,0,0,0,0,0,0,2,0,0,0,0,0,0,0,0,0,0,0,0,0,0,9,1,0
/mnt/c/Users/User/Downloads/maven-android-plugin/maven-android-plugin/src/main/java/com/jayway/maven/plugins/android/phase04processclasses/UnpackMojo.java,com.jayway.maven.plugins.android.phase04processclasses.UnpackMojo,class,7,8,1,7,10,3,0,15,1,0.5,NaN,NaN,2,0,1,1,0,0,1,0,0,0,1,0,0,1,0,0,0,0,2,47,1,1,0,3,0,9,0,3,3,4,5,1,0,0,55,1,1
/mnt/c/Users/User/Downloads/maven-android-plugin/maven-android-plugin/src/test/java/com/jayway/maven/plugins/android/phase05compile/MakefileHelperTest.java,com.jayway.maven.plugins.android.phase05compile.MakefileHelperTest,class,0,0,0,0,0,1,0,0,0,0.0,-1.0,-1.0,0,0,0,0,0,0,0,0,0,0,0,0,0,0,0,0,0,0,0,2,0,0,0,0,0,0,0,0,0,0,0,0,0,0,5,1,0
/mnt/c/Users/User/Downloads/maven-android-plugin/maven-android-plugin/src/main/java/com/jayway/maven/plugins/android/InvalidSdkException.java,com.jayway.maven.plugins.android.InvalidSdkException,class,0,2,2,0,1,4,0,0,0,0.0,NaN,NaN,1,0,1,0,0,0,1,0,0,0,0,0,0,0,0,0,0,0,0,5,0,0,0,0,0,0,0,0,0,0,0,0,0,0,11,1,0
/mnt/c/Users/User/Downloads/maven-android-plugin/maven-android-plugin/src/main/java/com/jayway/maven/plugins/android/phase09package/ApkBuilder.java,com.jayway.maven.plugins.android.phase09package.ApkBuilder,class,3,5,2,3,33,1,0,16,0,0.57142866,0.0,0.0,7,1,7,0,0,0,7,0,0,0,10,9,0,10,0,0,0,0,0,148,1,1,8,8,1,39,10,16,3,15,5,0,0,0,178,1,15
/mnt/c/Users/User/Downloads/maven-android-plugin/maven-android-plugin/src/main/java/com/jayway/maven/plugins/android/AbstractEmulatorMojo.java,com.jayway.maven.plugins.android.AbstractEmulatorMojo,class,10,16,6,10,50,3,5,60,83,0.87878793,0.0,0.0,15,0,0,12,3,0,3,0,0,0,11,4,1,10,0,0,4,0,18,293,11,3,12,4,1,48,2,60,21,46,5,1,0,0,250,1025,17
/mnt/c/Users/User/Downloads/maven-android-plugin/maven-android-plugin/src/main/java/com/jayway/maven/plugins/android/phase05compile/MakefileHelper.java,com.jayway.maven.plugins.android.phase05compile.MakefileHelper$Anonymous1,anonymous,0,0,0,0,1,1,0,2,0,0.0,NaN,NaN,1,0,1,0,0,0,1,0,0,0,0,0,0,0,0,0,0,0,0,5,1,0,0,0,0,1,0,0,0,0,0,0,0,0,4,-1,0
/mnt/c/Users/User/Downloads/maven-android-plugin/maven-android-plugin/src/main/java/com/jayway/maven/plugins/android/standalonemojos/RunMojo.java,com.jayway.maven.plugins.android.standalonemojos.RunMojo$Anonymous1,anonymous,3,3,0,3,5,1,0,5,0,0.0,NaN,NaN,1,0,1,0,0,0,1,0,0,0,0,0,0,0,0,0,0,0,0,20,0,0,0,1,0,8,0,0,1,0,1,0,0,0,28,-1,1
/mnt/c/Users/User/Downloads/maven-android-plugin/maven-android-plugin/src/main/java/com/jayway/maven/plugins/android/configuration/Ndk.java,com.jayway.maven.plugins.android.configuration.Ndk,class,0,1,1,0,1,1,0,0,0,0.0,NaN,NaN,1,0,1,0,0,0,1,0,0,0,1,0,0,1,0,0,0,0,0,6,1,0,0,0,0,0,0,0,0,1,0,0,0,0,32,1,0
/mnt/c/Users/User/Downloads/maven-android-plugin/maven-android-plugin/src/main/java/com/jayway/maven/plugins/android/configuration/Emulator.java,com.jayway.maven.plugins.android.configuration.Emulator,class,0,1,1,0,3,1,0,0,3,0.6666667,0.0,0.0,3,0,3,0,0,0,3,0,0,0,3,0,0,3,0,0,0,0,0,14,3,0,0,0,0,0,0,0,0,3,0,0,0,0,26,1,0
/mnt/c/Users/User/Downloads/maven-android-plugin/maven-android-plugin/src/main/java/com/jayway/maven/plugins/android/configuration/Pull.java,com.jayway.maven.plugins.android.configuration.Pull,class,0,1,1,0,2,1,0,0,1,0.5,0.0,0.0,2,0,2,0,0,0,2,0,0,0,2,0,0,2,0,0,0,0,0,10,2,0,0,0,0,0,0,0,0,2,0,0,0,0,25,1,0
/mnt/c/Users/User/Downloads/maven-android-plugin/maven-android-plugin/src/main/java/com/jayway/maven/plugins/android/standalonemojos/RedeployMojo.java,com.jayway.maven.plugins.android.standalonemojos.RedeployMojo,class,1,1,0,1,3,3,0,9,0,0.0,NaN,NaN,1,0,1,0,0,0,1,0,0,0,1,0,0,1,0,0,0,0,0,18,1,0,1,0,0,1,0,1,1,2,2,0,0,0,57,1,1
/mnt/c/Users/User/Downloads/maven-android-plugin/maven-android-plugin/src/main/java/com/jayway/maven/plugins/android/configuration/Manifest.java,com.jayway.maven.plugins.android.configuration.Manifest,class,0,1,1,0,6,1,0,0,15,0.8333333,0.0,0.0,6,0,6,0,0,0,6,0,0,0,6,0,0,1,5,0,0,0,0,26,6,0,0,0,0,0,0,2,0,6,0,0,0,0,37,1,0
/mnt/c/Users/User/Downloads/maven-android-plugin/maven-android-plugin/src/main/java/com/jayway/maven/plugins/android/phase09package/ApklibMojo.java,com.jayway.maven.plugins.android.phase09package.ApklibMojo,class,9,10,1,9,31,3,0,42,28,0.0,0.0,0.0,8,0,1,2,5,0,6,0,0,0,0,0,0,0,0,0,0,0,2,138,2,3,5,3,0,35,1,17,8,14,3,0,0,0,111,1,1
/mnt/c/Users/User/Downloads/maven-android-plugin/maven-android-plugin/src/main/java/com/jayway/maven/plugins/android/common/LogSyncProgressMonitor.java,com.jayway.maven.plugins.android.common.LogSyncProgressMonitor,class,2,4,2,2,6,1,0,2,0,0.4166667,0.0,0.0,6,0,6,0,0,0,6,0,0,0,2,1,0,2,0,0,1,0,0,22,1,0,0,0,0,6,0,2,3,2,0,0,0,0,43,1,4
/mnt/c/Users/User/Downloads/maven-android-plugin/maven-android-plugin/src/main/java/com/jayway/maven/plugins/android/standalonemojos/RunMojo.java,com.jayway.maven.plugins.android.standalonemojos.RunMojo,class,12,13,1,12,9,5,0,21,4,0.6666667,NaN,NaN,4,0,1,3,0,0,1,0,0,0,3,0,0,2,1,0,0,0,3,92,1,0,1,1,0,8,2,15,1,14,2,1,2,0,199,1,0
/mnt/c/Users/User/Downloads/maven-android-plugin/maven-android-plugin/src/main/java/com/jayway/maven/plugins/android/CommandExecutor.java,com.jayway.maven.plugins.android.CommandExecutor$Factory$1$StreamConsumerImpl,innerclass,2,2,0,2,4,1,0,3,0,0.33333334,0.0,0.0,3,0,3,0,0,0,3,0,0,0,2,0,0,2,0,0,0,0,0,16,1,0,1,0,0,0,0,2,0,2,1,0,0,0,22,0,0
/mnt/c/Users/User/Downloads/maven-android-plugin/maven-android-plugin/src/main/java/com/jayway/maven/plugins/android/AndroidSigner.java,com.jayway.maven.plugins.android.AndroidSigner$Debug,enum,0,0,0,0,0,1,0,0,0,0.0,-1.0,-1.0,0,0,0,0,0,0,0,0,0,0,0,0,0,0,0,0,0,0,0,1,0,0,0,0,0,0,0,0,0,0,0,0,0,0,6,1,0
/mnt/c/Users/User/Downloads/maven-android-plugin/maven-android-plugin/src/test/java/com/jayway/maven/plugins/android/asm/AndroidTestFinderTest.java,com.jayway.maven.plugins.android.asm.AndroidTestFinderTest,class,2,2,0,2,2,1,0,3,1,0.0,0.0,0.0,2,0,2,0,0,0,2,0,0,0,0,0,0,0,0,0,0,0,2,10,0,0,0,0,0,4,0,2,0,2,0,0,0,0,31,1,0
/mnt/c/Users/User/Downloads/maven-android-plugin/maven-android-plugin/src/main/java/com/jayway/maven/plugins/android/asm/DecendantFinder.java,com.jayway.maven.plugins.android.asm.DecendantFinder,class,6,8,2,6,14,1,0,4,58,0.7916666,0.0,0.0,12,0,11,1,0,0,11,0,0,0,2,0,0,2,0,0,2,0,0,39,4,1,0,0,0,0,0,2,0,2,2,0,0,0,67,0,0
/mnt/c/Users/User/Downloads/maven-android-plugin/maven-android-plugin/src/main/java/com/jayway/maven/plugins/android/phase09package/ApkMojo.java,com.jayway.maven.plugins.android.phase09package.ApkMojo$Anonymous1,anonymous,0,0,0,0,1,1,0,2,0,0.0,NaN,NaN,1,0,1,0,0,0,1,0,0,0,0,0,0,0,0,0,0,0,0,5,1,0,0,0,0,0,0,0,0,0,0,0,0,0,3,-1,0
/mnt/c/Users/User/Downloads/maven-android-plugin/maven-android-plugin/src/main/java/com/jayway/maven/plugins/android/phase09package/ApkMojo.java,com.jayway.maven.plugins.android.phase09package.ApkMojo$Anonymous3,anonymous,0,0,0,0,3,1,0,5,0,0.0,NaN,NaN,1,0,1,0,0,0,1,0,0,0,0,0,0,0,0,0,0,0,0,11,2,1,0,0,0,2,0,0,1,0,2,0,0,0,23,-1,1
/mnt/c/Users/User/Downloads/maven-android-plugin/maven-android-plugin/src/main/java/com/jayway/maven/plugins/android/phase09package/ApkMojo.java,com.jayway.maven.plugins.android.phase09package.ApkMojo$Anonymous2,anonymous,0,0,0,0,1,1,0,2,0,0.0,NaN,NaN,1,0,1,0,0,0,1,0,0,0,0,0,0,0,0,0,0,0,0,5,1,0,0,0,0,1,0,0,0,0,0,0,0,0,3,-1,0
/mnt/c/Users/User/Downloads/maven-android-plugin/maven-android-plugin/src/main/java/com/jayway/maven/plugins/android/standalonemojos/ManifestUpdateMojo.java,com.jayway.maven.plugins.android.standalonemojos.ManifestUpdateMojo,class,12,14,2,12,38,3,0,50,4,0.6666667,0.0,0.0,5,0,2,3,0,0,2,0,0,0,18,5,0,13,5,0,5,0,10,177,4,1,14,2,3,37,5,55,21,44,4,0,0,0,207,1,17
/mnt/c/Users/User/Downloads/maven-android-plugin/maven-android-plugin/src/main/java/com/jayway/maven/plugins/android/common/AndroidExtension.java,com.jayway.maven.plugins.android.common.AndroidExtension,class,0,1,1,0,2,1,0,1,1,0.5,NaN,NaN,2,1,1,1,0,0,1,0,0,0,3,3,3,0,0,0,2,0,0,10,1,0,0,0,0,3,0,3,0,3,0,0,0,0,28,17,0
/mnt/c/Users/User/Downloads/maven-android-plugin/maven-android-plugin/src/main/java/com/jayway/maven/plugins/android/InvalidNdkException.java,com.jayway.maven.plugins.android.InvalidNdkException,class,0,1,1,0,1,4,0,0,0,0.0,NaN,NaN,1,0,1,0,0,0,1,0,0,0,0,0,0,0,0,0,0,0,0,5,0,0,0,0,0,0,0,0,0,0,0,0,0,0,11,1,0
/mnt/c/Users/User/Downloads/maven-android-plugin/maven-android-plugin/src/main/java/com/jayway/maven/plugins/android/phase01generatesources/GenerateSourcesMojo.java,com.jayway.maven.plugins.android.phase01generatesources.GenerateSourcesMojo$Anonymous4,anonymous,0,0,0,0,1,1,0,2,0,0.0,NaN,NaN,0,0,0,0,0,0,1,0,0,0,0,0,0,0,0,0,0,0,1,5,0,0,0,0,0,0,0,0,0,0,0,0,0,0,2,-1,0
/mnt/c/Users/User/Downloads/maven-android-plugin/maven-android-plugin/src/main/java/com/jayway/maven/plugins/android/phase01generatesources/GenerateSourcesMojo.java,com.jayway.maven.plugins.android.phase01generatesources.GenerateSourcesMojo$Anonymous2,anonymous,2,2,0,2,1,1,0,0,0,0.0,NaN,NaN,1,0,0,0,1,0,1,0,0,0,0,0,0,0,0,0,0,0,0,5,1,0,0,0,0,1,0,0,0,0,0,0,0,0,3,-1,0
/mnt/c/Users/User/Downloads/maven-android-plugin/maven-android-plugin/src/main/java/com/jayway/maven/plugins/android/phase09package/ApkMojo.java,com.jayway.maven.plugins.android.phase09package.ApkMojo$Anonymous5,anonymous,0,0,0,0,3,1,0,5,0,0.0,NaN,NaN,1,0,1,0,0,0,1,0,0,0,0,0,0,0,0,0,0,0,0,11,2,1,0,0,0,2,0,0,1,0,2,0,0,0,23,-1,1
/mnt/c/Users/User/Downloads/maven-android-plugin/maven-android-plugin/src/main/java/com/jayway/maven/plugins/android/common/DeviceHelper.java,com.jayway.maven.plugins.android.common.DeviceHelper,class,3,9,6,3,6,1,0,11,3,0.6666667,0.0,0.0,3,3,3,0,0,0,3,0,0,0,2,2,0,2,0,0,2,0,3,26,3,0,1,0,0,3,0,6,0,6,1,0,0,0,75,1,0
/mnt/c/Users/User/Downloads/maven-android-plugin/maven-android-plugin/src/main/java/com/jayway/maven/plugins/android/configuration/Run.java,com.jayway.maven.plugins.android.configuration.Run,class,0,1,1,0,1,1,0,0,0,0.0,NaN,NaN,1,0,1,0,0,0,1,0,0,0,1,0,0,0,1,0,0,0,0,6,1,0,0,0,0,0,0,0,0,1,0,0,0,0,10,1,0
/mnt/c/Users/User/Downloads/maven-android-plugin/maven-android-plugin/src/main/java/com/jayway/maven/plugins/android/phase01generatesources/GenerateSourcesMojo.java,com.jayway.maven.plugins.android.phase01generatesources.GenerateSourcesMojo$Anonymous3,anonymous,0,0,0,0,3,1,0,5,0,0.0,NaN,NaN,1,0,1,0,0,0,1,0,0,0,0,0,0,0,0,0,0,0,0,11,2,1,0,0,0,2,0,0,1,0,2,0,0,0,23,-1,1
/mnt/c/Users/User/Downloads/maven-android-plugin/maven-android-plugin/src/main/java/com/jayway/maven/plugins/android/phase09package/ApkMojo.java,com.jayway.maven.plugins.android.phase09package.ApkMojo$Anonymous4,anonymous,0,0,0,0,3,1,0,5,0,0.0,NaN,NaN,1,0,1,0,0,0,1,0,0,0,0,0,0,0,0,0,0,0,0,11,2,1,0,0,0,2,0,0,1,0,2,0,0,0,23,-1,1
/mnt/c/Users/User/Downloads/maven-android-plugin/maven-android-plugin/src/main/java/com/jayway/maven/plugins/android/asm/AndroidTestFinder.java,com.jayway.maven.plugins.android.asm.AndroidTestFinder$Anonymous1,anonymous,0,0,0,0,4,1,0,1,6,0.0,0.0,0.0,4,0,4,0,0,0,4,0,0,0,0,0,0,0,0,0,0,0,0,11,0,0,0,0,0,0,0,0,0,0,0,0,0,0,10,-1,0
/mnt/c/Users/User/Downloads/maven-android-plugin/maven-android-plugin/src/main/java/com/jayway/maven/plugins/android/phase01generatesources/GenerateSourcesMojo.java,com.jayway.maven.plugins.android.phase01generatesources.GenerateSourcesMojo$Anonymous1,anonymous,2,2,0,2,1,1,0,0,0,0.0,NaN,NaN,1,0,0,0,1,0,1,0,0,0,0,0,0,0,0,0,0,0,0,5,1,0,0,0,0,1,0,0,0,0,0,0,0,0,3,-1,0
/mnt/c/Users/User/Downloads/maven-android-plugin/maven-android-plugin/src/main/java/com/jayway/maven/plugins/android/phase09package/ApkMojo.java,com.jayway.maven.plugins.android.phase09package.ApkMojo$Anonymous6,anonymous,0,0,0,0,3,1,0,5,0,0.0,NaN,NaN,1,0,1,0,0,0,1,0,0,0,0,0,0,0,0,0,0,0,0,11,2,1,0,0,0,2,0,0,1,0,2,0,0,0,23,-1,1
/mnt/c/Users/User/Downloads/maven-android-plugin/maven-android-plugin/src/main/java/com/jayway/maven/plugins/android/standalonemojos/PullMojo.java,com.jayway.maven.plugins.android.standalonemojos.PullMojo,class,7,9,2,7,7,3,0,9,3,0.6666667,NaN,NaN,3,0,1,2,0,0,1,0,0,0,5,0,0,5,0,0,0,0,0,95,1,1,2,0,0,5,0,8,2,7,2,1,0,0,117,1,0
/mnt/c/Users/User/Downloads/maven-android-plugin/maven-android-plugin/src/main/java/com/jayway/maven/plugins/android/phase11preintegrationtest/InternalPreIntegrationTestMojo.java,com.jayway.maven.plugins.android.phase11preintegrationtest.InternalPreIntegrationTestMojo,class,2,2,0,2,2,4,0,3,0,0.0,NaN,NaN,1,0,1,0,0,0,1,0,0,0,0,0,0,0,0,0,0,0,0,8,0,0,0,0,0,0,0,0,0,0,1,0,0,0,39,1,0
/mnt/c/Users/User/Downloads/maven-android-plugin/maven-android-plugin/src/main/java/com/jayway/maven/plugins/android/AndroidSigner.java,com.jayway.maven.plugins.android.AndroidSigner,class,1,2,1,1,11,1,0,2,0,0.0,0.0,0.0,4,0,4,0,0,0,4,0,0,0,1,0,0,1,0,0,1,0,1,36,5,0,6,1,0,3,0,2,0,1,1,0,1,0,40,1,0
/mnt/c/Users/User/Downloads/maven-android-plugin/maven-android-plugin/src/main/java/com/jayway/maven/plugins/android/configuration/Sdk.java,com.jayway.maven.plugins.android.configuration.Sdk,class,0,1,1,0,2,1,0,0,1,0.5,0.0,0.0,2,0,2,0,0,0,2,0,0,0,2,0,0,2,0,0,0,0,0,10,2,0,0,0,0,0,0,0,0,2,0,0,0,0,51,1,0
/mnt/c/Users/User/Downloads/maven-android-plugin/maven-android-plugin/src/main/java/com/jayway/maven/plugins/android/standalonemojos/PushMojo.java,com.jayway.maven.plugins.android.standalonemojos.PushMojo,class,5,6,1,5,8,3,0,14,1,0.53333336,NaN,NaN,3,0,1,2,0,0,1,0,0,0,5,0,0,5,0,0,0,0,0,74,1,1,1,0,0,4,0,11,3,11,2,1,0,0,116,1,0
/mnt/c/Users/User/Downloads/maven-android-plugin/maven-android-plugin/src/main/java/com/jayway/maven/plugins/android/asm/AndroidTestFinder.java,com.jayway.maven.plugins.android.asm.AndroidTestFinder,class,6,9,3,6,6,1,0,10,1,0.5,NaN,NaN,2,2,1,1,0,0,1,0,0,0,1,1,0,1,0,0,1,0,1,47,2,1,1,1,0,6,0,8,1,7,2,1,0,0,69,1,0
/mnt/c/Users/User/Downloads/maven-android-plugin/maven-android-plugin/src/main/java/com/jayway/maven/plugins/android/phase08preparepackage/DexMojo.java,com.jayway.maven.plugins.android.phase08preparepackage.DexMojo,class,10,11,1,10,28,3,0,42,34,0.83950615,0.0,0.0,9,1,1,3,5,0,6,0,0,0,9,0,0,9,0,0,0,0,3,133,3,2,4,2,0,30,0,25,9,23,3,0,0,0,139,1,2
/mnt/c/Users/User/Downloads/maven-android-plugin/maven-android-plugin/src/main/java/com/jayway/maven/plugins/android/standalonemojos/RunMojo.java,com.jayway.maven.plugins.android.standalonemojos.RunMojo$ActivityNotFoundException,innerclass,0,0,0,0,1,3,0,0,0,1.0,NaN,NaN,1,0,1,0,0,0,1,0,0,0,1,1,0,1,0,0,1,0,0,6,0,0,0,0,0,1,1,1,0,1,0,0,0,0,24,10,0
/mnt/c/Users/User/Downloads/maven-android-plugin/maven-android-plugin/src/main/java/com/jayway/maven/plugins/android/standalonemojos/UndeployMojo.java,com.jayway.maven.plugins.android.standalonemojos.UndeployMojo,class,1,1,0,1,7,3,0,8,0,0.0,0.0,0.0,2,0,2,0,0,0,2,0,0,0,2,0,0,2,0,0,0,0,0,27,1,0,2,0,0,4,0,3,1,3,3,0,0,0,53,1,2
/mnt/c/Users/User/Downloads/maven-android-plugin/maven-android-plugin/src/main/java/com/jayway/maven/plugins/android/configuration/Zipalign.java,com.jayway.maven.plugins.android.configuration.Zipalign,class,0,1,1,0,4,1,0,0,6,0.75,0.0,0.0,4,0,4,0,0,0,4,0,0,0,4,0,0,4,0,0,0,0,0,18,4,0,0,0,0,0,0,0,0,4,0,0,0,0,30,1,0
/mnt/c/Users/User/Downloads/maven-android-plugin/maven-android-plugin/src/test/java/com/jayway/maven/plugins/android/AbstractAndroidMojoTest.java,com.jayway.maven.plugins.android.AbstractAndroidMojoTest$EmptyAndroidMojo,innerclass,1,1,0,1,1,3,0,0,0,0.0,NaN,NaN,1,0,1,0,0,0,1,0,0,0,0,0,0,0,0,0,0,0,0,4,0,0,0,0,0,0,0,0,0,0,0,0,0,0,7,2,0
/mnt/c/Users/User/Downloads/maven-android-plugin/maven-android-plugin/src/main/java/com/jayway/maven/plugins/android/CommandExecutor.java,com.jayway.maven.plugins.android.CommandExecutor$Factory,innerclass,2,2,0,2,2,1,0,0,1,0.0,NaN,NaN,2,1,1,1,0,0,1,0,0,0,0,0,0,0,0,0,0,0,0,128,1,0,0,0,0,0,0,0,0,0,0,1,0,0,18,9,0
/mnt/c/Users/User/Downloads/maven-android-plugin/maven-android-plugin/src/main/java/com/jayway/maven/plugins/android/configuration/Push.java,com.jayway.maven.plugins.android.configuration.Push,class,0,1,1,0,2,1,0,0,1,0.5,0.0,0.0,2,0,2,0,0,0,2,0,0,0,2,0,0,2,0,0,0,0,0,10,2,0,0,0,0,0,0,0,0,2,0,0,0,0,25,1,0
/mnt/c/Users/User/Downloads/maven-android-plugin/maven-android-plugin/src/main/java/com/jayway/maven/plugins/android/CommandExecutor.java,com.jayway.maven.plugins.android.CommandExecutor$Factory$1$ErrorStreamConsumer,innerclass,2,2,0,2,7,1,0,5,0,0.375,0.0,0.0,4,0,4,0,0,0,4,0,0,0,2,0,0,2,0,0,0,0,0,28,2,0,3,0,0,1,0,4,0,2,1,0,0,0,58,0,1
/mnt/c/Users/User/Downloads/maven-android-plugin/maven-android-plugin/src/test/java/com/jayway/maven/plugins/android/SdkTestSupport.java,com.jayway.maven.plugins.android.SdkTestSupport,class,1,4,3,1,4,1,0,2,0,0.5,0.0,0.0,4,0,4,0,0,0,4,0,0,0,3,0,0,3,0,0,3,0,1,19,3,0,0,0,0,3,0,3,0,3,0,0,0,0,37,1,0
/mnt/c/Users/User/Downloads/maven-android-plugin/maven-android-plugin/src/main/java/com/jayway/maven/plugins/android/AndroidSdk.java,com.jayway.maven.plugins.android.AndroidSdk$Platform,innerclass,0,0,0,0,1,1,0,0,0,0.0,NaN,NaN,1,0,1,0,0,0,1,0,0,0,3,0,0,0,0,3,3,0,0,11,0,0,0,0,0,0,0,3,0,3,0,0,0,0,5,26,0
/mnt/c/Users/User/Downloads/maven-android-plugin/maven-android-plugin/src/main/java/com/jayway/maven/plugins/android/common/FileNameHelper.java,com.jayway.maven.plugins.android.common.FileNameHelper,class,0,1,1,0,1,1,0,1,0,0.0,NaN,NaN,1,1,1,0,0,0,1,0,0,0,2,2,0,2,0,0,2,0,0,7,1,0,0,0,0,2,0,2,0,2,0,0,0,0,24,1,0
/mnt/c/Users/User/Downloads/maven-android-plugin/maven-android-plugin/src/main/java/com/jayway/maven/plugins/android/AbstractInstrumentationMojo.java,com.jayway.maven.plugins.android.AbstractInstrumentationMojo,class,7,11,4,7,21,3,3,27,2,0.7019231,0.0,0.0,4,1,0,1,3,0,3,0,0,0,26,0,0,24,2,0,0,0,2,433,8,1,8,0,0,13,2,27,1,27,2,1,1,0,235,1025,4
/mnt/c/Users/User/Downloads/maven-android-plugin/maven-android-plugin/src/main/java/com/jayway/maven/plugins/android/AndroidSdk.java,com.jayway.maven.plugins.android.AndroidSdk$Layout,enum,0,0,0,0,0,1,0,0,0,0.0,-1.0,-1.0,0,0,0,0,0,0,0,0,0,0,0,0,0,0,0,0,0,0,0,1,0,0,0,0,0,0,0,0,0,0,0,0,0,0,10,1,0
/mnt/c/Users/User/Downloads/maven-android-plugin/maven-android-plugin/src/main/java/com/jayway/maven/plugins/android/AbstractZipalignMojo.java,com.jayway.maven.plugins.android.AbstractZipalignMojo,class,7,9,2,7,24,3,1,29,26,0.8181818,NaN,NaN,8,0,0,7,1,0,1,0,0,0,11,0,0,11,0,0,0,0,1,145,7,0,11,1,0,25,0,28,13,21,3,0,0,0,129,1025,15
/mnt/c/Users/User/Downloads/maven-android-plugin/maven-android-plugin/src/main/java/com/jayway/maven/plugins/android/CommandExecutor.java,com.jayway.maven.plugins.android.CommandExecutor$ErrorListener,interface,0,0,0,0,1,1,0,0,0,0.0,NaN,NaN,1,0,0,0,0,1,1,0,0,0,0,0,0,0,0,0,0,0,0,3,0,0,0,0,0,0,0,0,0,0,0,0,0,0,4,9,0
/mnt/c/Users/User/Downloads/maven-android-plugin/maven-android-plugin/src/main/java/com/jayway/maven/plugins/android/AndroidSdk.java,com.jayway.maven.plugins.android.AndroidSdk,class,5,17,12,5,41,1,0,21,37,0.8095238,0.0,0.0,14,0,10,4,0,0,10,0,0,0,9,6,0,9,0,0,8,0,1,152,14,4,4,1,0,52,1,28,25,27,2,0,2,0,160,1,0
/mnt/c/Users/User/Downloads/maven-android-plugin/maven-android-plugin/src/main/java/com/jayway/maven/plugins/android/phase04processclasses/UnpackMojo.java,com.jayway.maven.plugins.android.phase04processclasses.UnpackMojo$Anonymous1,anonymous,0,0,0,0,1,1,0,3,0,0.0,NaN,NaN,1,0,1,0,0,0,1,0,0,0,0,0,0,0,0,0,0,0,0,5,1,0,0,0,0,2,0,0,0,0,0,0,0,0,4,-1,0
/mnt/c/Users/User/Downloads/maven-android-plugin/maven-android-plugin/src/test/java/com/jayway/maven/plugins/android/AbstractAndroidMojoTestCase.java,com.jayway.maven.plugins.android.AbstractAndroidMojoTestCase,class,19,21,2,19,4,2,0,30,3,0.0,0.0,0.0,3,0,2,0,1,0,3,1,0,0,0,0,0,0,0,0,0,0,0,41,2,0,0,0,0,10,0,18,4,16,1,0,0,0,134,1025,0
