file,class,type,cbo,cboModified,fanin,fanout,wmc,dit,noc,rfc,lcom,lcom*,tcc,lcc,totalMethodsQty,staticMethodsQty,publicMethodsQty,privateMethodsQty,protectedMethodsQty,defaultMethodsQty,visibleMethodsQty,abstractMethodsQty,finalMethodsQty,synchronizedMethodsQty,totalFieldsQty,staticFieldsQty,publicFieldsQty,privateFieldsQty,protectedFieldsQty,defaultFieldsQty,finalFieldsQty,synchronizedFieldsQty,nosi,loc,returnQty,loopQty,comparisonsQty,tryCatchQty,parenthesizedExpsQty,stringLiteralsQty,numbersQty,assignmentsQty,mathOperationsQty,variablesQty,maxNestedBlocksQty,anonymousClassesQty,innerClassesQty,lambdasQty,uniqueWordsQty,modifiers,logStatementsQty
/mnt/c/Users/User/Downloads/maven-android-plugin/maven-android-plugin/maven-android-plugin/src/main/java/org/jvending/masa/plugin/dx/DxMojo.java,org.jvending.masa.plugin.dx.DxMojo,class,6,7,1,6,17,3,0,35,1,0.5,NaN,NaN,2,1,1,1,0,0,1,0,0,0,1,0,0,1,0,0,0,0,3,64,0,3,2,3,0,17,1,9,7,9,4,0,0,0,45,1,1
/mnt/c/Users/User/Downloads/maven-android-plugin/maven-android-plugin/maven-android-plugin/src/main/java/org/jvending/masa/plugin/AbstractAndroidMojo.java,org.jvending.masa.plugin.AbstractAndroidMojo,class,13,21,8,13,6,2,7,21,3,0.8333333,0.0,0.0,3,0,0,0,3,0,3,0,0,0,10,0,0,4,6,0,0,0,1,52,2,1,1,1,0,13,0,11,4,20,1,0,0,0,99,1025,6
/mnt/c/Users/User/Downloads/maven-android-plugin/maven-android-plugin/maven-android-plugin/src/main/java/org/jvending/masa/CommandExecutor.java,org.jvending.masa.CommandExecutor$Factory$Anonymous1,anonymous,5,5,0,5,15,1,0,14,13,0.71428573,0.0,0.0,7,0,7,0,0,0,7,0,0,0,4,0,0,4,0,0,0,0,0,91,3,0,4,1,1,7,1,6,4,5,2,0,2,0,40,-1,1
/mnt/c/Users/User/Downloads/maven-android-plugin/maven-android-plugin/maven-android-plugin/src/main/java/org/jvending/masa/plugin/aidl/AidlGeneratorMojo.java,org.jvending.masa.plugin.aidl.AidlGeneratorMojo,class,5,5,0,5,5,3,0,27,0,0.0,NaN,NaN,1,0,1,0,0,0,1,0,0,0,0,0,0,0,0,0,0,0,3,42,1,1,2,1,2,14,2,10,5,10,2,0,0,0,38,1,1
/mnt/c/Users/User/Downloads/maven-android-plugin/maven-android-plugin/maven-android-plugin/src/main/java/org/jvending/masa/plugin/apkbuilder/ApkBuilderMojo.java,org.jvending.masa.plugin.apkbuilder.ApkBuilderMojo,class,4,4,0,4,3,3,0,16,0,0.0,NaN,NaN,1,0,1,0,0,0,1,0,0,0,1,0,0,1,0,0,0,0,1,28,0,0,0,1,0,12,0,3,4,4,1,0,0,0,24,1,1
/mnt/c/Users/User/Downloads/maven-android-plugin/maven-android-plugin/maven-android-plugin/src/main/java/org/jvending/masa/CommandExecutor.java,org.jvending.masa.CommandExecutor,interface,1,11,10,1,7,1,0,0,21,0.0,0.0,0.0,7,0,0,0,0,7,7,0,0,0,0,0,0,0,0,0,0,0,0,107,0,0,0,0,0,0,0,0,0,0,0,0,1,0,84,1,0
/mnt/c/Users/User/Downloads/maven-android-plugin/maven-android-plugin/maven-android-plugin/src/main/java/org/jvending/masa/plugin/adb/DeviceInstallerMojo.java,org.jvending.masa.plugin.adb.DeviceInstallerMojo,class,1,1,0,1,1,3,0,4,0,0.0,NaN,NaN,1,0,1,0,0,0,1,0,0,0,0,0,0,0,0,0,0,0,0,6,0,0,0,0,0,1,0,1,1,1,0,0,0,0,15,1,0
/mnt/c/Users/User/Downloads/maven-android-plugin/maven-android-plugin/maven-par-plugin/src/main/java/org/jvending/masa/par/ParPackagerMojo.java,org.jvending.masa.par.ParPackagerMojo,class,4,4,0,4,3,2,0,7,0,0.0,NaN,NaN,1,0,1,0,0,0,1,0,0,0,2,0,0,2,0,0,0,0,0,19,0,0,0,1,0,3,0,1,1,3,1,0,0,0,30,1,0
/mnt/c/Users/User/Downloads/maven-android-plugin/maven-android-plugin/maven-android-plugin/src/main/java/org/jvending/masa/plugin/adb/DevicePusherMojo.java,org.jvending.masa.plugin.adb.DevicePusherMojo,class,3,3,0,3,2,2,0,8,0,0.0,NaN,NaN,1,0,1,0,0,0,1,0,0,0,2,0,0,2,0,0,0,0,1,18,0,0,0,1,0,3,0,2,1,4,1,0,0,0,24,1,1
/mnt/c/Users/User/Downloads/maven-android-plugin/maven-android-plugin/maven-par-plugin/src/main/java/org/jvending/masa/par/ParResourceMojo.java,org.jvending.masa.par.ParResourceMojo,class,5,5,0,5,11,2,0,21,0,0.0,NaN,NaN,1,0,1,0,0,0,1,0,0,0,5,0,0,5,0,0,0,0,1,58,1,3,1,2,0,9,1,9,1,14,4,0,0,0,62,1,2
/mnt/c/Users/User/Downloads/maven-android-plugin/maven-android-plugin/maven-android-plugin/src/main/java/org/jvending/masa/plugin/aapt/AaptCompilerMojo.java,org.jvending.masa.plugin.aapt.AaptCompilerMojo,class,4,4,0,4,7,3,0,17,0,0.0,NaN,NaN,1,0,1,0,0,0,1,0,0,0,1,0,0,1,0,0,0,0,1,45,0,0,1,1,0,15,0,6,2,6,1,0,0,0,37,1,2
/mnt/c/Users/User/Downloads/maven-android-plugin/maven-android-plugin/maven-android-plugin/src/main/java/org/jvending/masa/CommandExecutor.java,org.jvending.masa.CommandExecutor$Factory,innerclass,2,2,0,2,2,1,0,0,1,0.0,NaN,NaN,2,1,1,1,0,0,1,0,0,0,0,0,0,0,0,0,0,0,0,98,1,0,0,0,0,0,0,0,0,0,0,1,0,0,18,9,0
/mnt/c/Users/User/Downloads/maven-android-plugin/maven-android-plugin/maven-android-plugin/src/main/java/org/jvending/masa/CommandExecutor.java,org.jvending.masa.CommandExecutor$Factory$1$ErrorStreamConsumer,innerclass,1,1,0,1,6,1,0,4,0,0.375,0.0,0.0,4,0,4,0,0,0,4,0,0,0,2,0,0,2,0,0,0,0,0,23,2,0,2,0,0,1,0,3,0,2,1,0,0,0,57,0,1
/mnt/c/Users/User/Downloads/maven-android-plugin/maven-android-plugin/maven-android-plugin/src/main/java/org/jvending/masa/plugin/platformtest/PlatformTesterMojo.java,org.jvending.masa.plugin.platformtest.PlatformTesterMojo,class,5,5,0,5,7,3,0,14,0,0.0,NaN,NaN,1,0,1,0,0,0,1,0,0,0,2,0,0,2,0,0,0,0,1,36,1,1,3,1,0,13,0,5,4,7,3,0,0,0,42,1,3
/mnt/c/Users/User/Downloads/maven-android-plugin/maven-android-plugin/maven-android-plugin/src/main/java/org/jvending/masa/plugin/adb/DevicePullerMojo.java,org.jvending.masa.plugin.adb.DevicePullerMojo,class,3,3,0,3,2,2,0,8,0,0.0,NaN,NaN,1,0,1,0,0,0,1,0,0,0,2,0,0,2,0,0,0,0,1,18,0,0,0,1,0,3,0,2,1,4,1,0,0,0,24,1,1
/mnt/c/Users/User/Downloads/maven-android-plugin/maven-android-plugin/maven-android-plugin/src/main/java/org/jvending/masa/ExecutionException.java,org.jvending.masa.ExecutionException,class,0,1,1,0,4,3,0,0,6,1.0,0.0,0.0,4,0,4,0,0,0,4,0,0,0,1,1,0,0,0,1,1,0,0,15,0,0,0,0,0,0,1,1,0,1,0,0,0,0,22,1,0
/mnt/c/Users/User/Downloads/maven-android-plugin/maven-android-plugin/maven-par-plugin/src/main/java/org/jvending/masa/par/ParDeployerMojo.java,org.jvending.masa.par.ParDeployerMojo,class,3,3,0,3,10,2,0,18,0,0.0,NaN,NaN,1,0,1,0,0,0,1,0,0,0,2,0,0,2,0,0,0,0,0,64,0,0,2,7,0,15,0,5,5,7,3,0,0,0,58,1,1
/mnt/c/Users/User/Downloads/maven-android-plugin/maven-android-plugin/maven-android-plugin/src/main/java/org/jvending/masa/CommandExecutor.java,org.jvending.masa.CommandExecutor$Factory$1$StreamConsumerImpl,innerclass,2,2,0,2,4,1,0,3,0,0.33333334,0.0,0.0,3,0,3,0,0,0,3,0,0,0,2,0,0,2,0,0,0,0,0,16,1,0,1,0,0,0,0,2,0,2,1,0,0,0,22,0,0
/mnt/c/Users/User/Downloads/maven-android-plugin/maven-android-plugin/maven-android-plugin/src/main/java/org/jvending/masa/plugin/aapt/AaptPackagerMojo.java,org.jvending.masa.plugin.aapt.AaptPackagerMojo,class,4,4,0,4,5,3,0,15,0,0.0,NaN,NaN,1,0,1,0,0,0,1,0,0,0,0,0,0,0,0,0,0,0,1,35,0,0,1,1,0,12,0,5,2,4,1,0,0,0,25,1,1
