,commitID,cbo,cboModified,fanin,fanout,wmc,dit,noc,rfc,lcom,lcom*,tcc,lcc,totalMethodsQty,staticMethodsQty,publicMethodsQty,privateMethodsQty,protectedMethodsQty,defaultMethodsQty,visibleMethodsQty,abstractMethodsQty,finalMethodsQty,synchronizedMethodsQty,totalFieldsQty,staticFieldsQty,publicFieldsQty,privateFieldsQty,protectedFieldsQty,defaultFieldsQty,finalFieldsQty,synchronizedFieldsQty,nosi,loc,returnQty,loopQty,comparisonsQty,tryCatchQty,parenthesizedExpsQty,stringLiteralsQty,numbersQty,assignmentsQty,mathOperationsQty,variablesQty,maxNestedBlocksQty,anonymousClassesQty,innerClassesQty,lambdasQty,uniqueWordsQty,modifiers,logStatementsQty
0,10_85a0b1295ef8f6800ba080d4fccb1426b43adca4class,6.51667,9.55588,3.63922,6.51667,4.80196,1.07157,0.72745,6.16471,2.91471,-0.4569,-0.2,-0.2,4.30588,0.87941,3.12745,0.23039,0.28922,0.05882,3.47549,0.0098,0.0049,0,1.59314,0.09804,0.05882,1.46569,0.01471,0.05392,0.44118,0,2.56373,28.03235,1.72549,0.94314,0.63235,0.02941,0.84804,1.53922,18.35784,6.54412,3.09804,5.85294,-0.03627,0.0098,0.0049,0,30.93627,21.13725,0.02941
1,1_26bf5f05a4da6b32de1fb611566a215ba2873543class,7.37128,9.65053,2.87926,7.37128,5.16064,1.36011,0.72766,6.37074,9.32819,-0.36186,-0.23125,-0.23125,4.77819,0.87128,3.24468,0.24202,0.31915,0.37234,3.93617,0.00532,0.00266,0,1.79255,0.14096,0.01596,1.70745,0.03723,0.03191,0.71543,0,2.26064,31.62074,1.8617,0.99096,0.39362,0.02128,0.42819,5.11436,22.78723,6.85106,1.5984,6.14362,-0.05745,0.00798,0.03191,0.03457,35.64628,25.55851,0.01596
2,4_e03b539842c2f11708908aa9deed1fb4b1f0f4d5class,5.55385,8.0359,3.08205,5.55385,4.42564,0.61026,0.74359,4.86667,1.97436,-0.43965,-0.20571,-0.20571,4.45641,0.6,3.54359,0.05128,0.06154,0.2,3.80513,0.01026,0,0,1.69744,0.02564,0.01026,1.58462,0.02564,0.07692,0.37436,0,0.41026,28.21538,1.72821,0.88718,0.37436,0,1.27692,0.48718,25.67179,7.05128,4.4359,6.11795,-0.13333,0.01026,0,0,26.77949,16.73333,0.02051
3,3_b6bad621a49260364a8450bd02539dd61373963aclass,7.47302,9.60595,2.73294,7.47302,5.45952,1.18571,0.7746,7.44563,11.66389,-0.38825,-0.22027,-0.22027,5.09405,0.95714,3.58929,0.30556,0.2619,0.3373,4.18849,0.00595,0,0,1.60714,0.15476,0.01984,1.53373,0.02579,0.02778,0.79563,0,2.96825,32.95357,2.05556,0.96706,0.36706,0.02976,0.375,4.30357,22.63095,7.69246,1.41865,7.03571,-0.07024,0.00992,0.02381,0.13492,36.39881,17.33135,0.0496
4,8_fbfdabeec4a52c6d41d44429ea49b69158d173c4class,6.52157,9.56569,3.64412,6.52157,4.78235,1.07157,0.72745,6.16961,2.9,-0.45708,-0.2,-0.2,4.28627,0.87941,3.12255,0.21569,0.28922,0.05882,3.47059,0.0098,0.0049,0,1.59804,0.09804,0.05882,1.47059,0.01471,0.05392,0.44608,0,2.55882,27.97843,1.72059,0.94314,0.63235,0.02941,0.85784,1.53922,18.36275,6.52941,3.10294,5.84314,-0.03137,0.0098,0.0049,0,30.83333,21.13725,0.02941
5,5_08659d8d729e1477a5c989b04819607db9b0c9abclass,6.38049,8.28564,2.50515,6.38049,4.51111,1.09106,0.70298,5.85528,2.50569,-0.45726,-0.23254,-0.23254,4.09051,0.81951,2.70461,0.23306,0.32249,0.23035,3.25745,0.00542,0.00271,0,1.74255,0.11382,0.03523,1.64228,0.03252,0.03252,0.65583,0,1.98645,29.36206,1.73171,0.98753,0.50136,0.02168,0.4336,5.28726,21.69377,6.57182,1.55285,5.90244,-0.06341,0.00813,0.02981,0.02981,32.81301,20.45257,0.01626
6,9_c75c8a91cc30cc465d64bfaf15437ccb2df089f1class,6.34309,8.22983,2.48674,6.34309,4.40829,1.06575,0.69669,5.7453,2.39724,-0.46781,-0.23333,-0.23333,4.02541,0.79061,2.66022,0.21823,0.33702,0.20994,3.20718,0.00552,0.00276,0,1.68785,0.09945,0.03591,1.59116,0.03315,0.02762,0.64641,0,1.78453,29.07956,1.71823,0.98398,0.49724,0.0221,0.57459,9.56354,22.4558,6.53315,2.23481,5.87293,-0.06409,0.00829,0.03039,0,32.25138,18,0.01657
7,6_2eb395ea0ce86707d7d5453a5ccf477282e12cb8class,6.54006,9.04479,3.10473,6.54006,4.05615,1.10347,0.69464,5.37476,2.06562,-0.47399,-0.2,-0.2,3.90915,0.79558,2.653,0.17666,0.35647,0.12303,3.13249,0.00631,0.01893,0,1.68139,0.1041,0.04101,1.58044,0.03155,0.02839,0.64353,0,3.68454,27.38738,1.4511,0.89653,0.42587,0.02208,0.57413,1.58675,22.77918,6.03155,2.21767,5.4858,-0.09842,0.00946,0.00315,0,30.58991,20.41325,0.02208
8,2_5f93f9415c1e3405275bb41006f6b842c3dd0291class,6.35,9.44184,3.69184,6.35,4.69082,1.08367,0.71224,5.93061,2.63469,-0.4542,-0.2,-0.2,4.26327,0.89082,3.10204,0.21429,0.29082,0.05612,3.44898,0.0102,0.0051,0,1.56633,0.10204,0.06122,1.43878,0.0102,0.05612,0.44388,0,2.89286,27.03776,1.70918,0.95204,0.60714,0.03061,0.90306,1.48469,18.28571,6.35204,3.19898,5.67857,-0.05408,0.0102,0.0051,0,28.82653,21.95918,0.02041
9,7_744de0d2ebd52b3f80b6d70511cf8cecc70499e1class,7.46105,9.81684,2.95579,7.46105,5.42316,1.19158,0.75789,7.24421,10.82105,-0.36498,-0.22184,-0.22184,5.04211,0.94526,3.51789,0.31579,0.26316,0.34526,4.12632,0.00632,0,0,1.67368,0.21474,0.01684,1.60421,0.02737,0.02526,0.86105,0,4.34316,32.73053,2.01474,0.97895,0.37053,0.02316,0.37895,4.50526,22.12211,7.61684,1.48632,6.93895,-0.05895,0.01053,0.02526,0.12211,36.63158,20.48421,0.04632
0,13_b4a3261a4f30b9d14f754111be407be470b0cf1fclass,2.79245,4.15094,1.35849,2.79245,8.24528,2.22642,0.43396,8.96226,9.33962,0.25909,-0.14286,-0.14286,3.64151,0.0566,2.03774,0.81132,0.64151,0.15094,2.86792,0,0,0,2.32075,0.35849,0.03774,1.58491,0.60377,0.09434,0.56604,0,0.58491,45,1.96226,0.41509,1.37736,0.77358,0.03774,7.41509,0.32075,6.20755,2.16981,6.5283,0.9434,0.11321,0.15094,0,55,97.98113,1.24528
1,17_0137bc0a345b35cdf7c1e71092c3864ef098689aclass,2.80769,4.19231,1.38462,2.80769,8.01923,2.25,0.44231,8.73077,9.17308,0.26041,-0.14286,-0.14286,3.61538,0.05769,2.05769,0.75,0.65385,0.15385,2.90385,0,0,0,2.28846,0.36538,0.03846,1.61538,0.53846,0.09615,0.57692,0,0.59615,44.36538,1.88462,0.38462,1.40385,0.75,0.01923,7.32692,0.32692,6.05769,2.11538,6.30769,0.92308,0.09615,0.15385,0,55.05769,99.88462,1.21154
2,9_67b18a5a04d29f3806b53fba5e250f52c0da5738class,2.78571,3.95238,1.16667,2.78571,7.64286,2.04762,0.30952,7.92857,7.71429,0.22708,-0.16,-0.16,3.47619,0.07143,2.21429,0.38095,0.71429,0.16667,3.14286,0,0,0,1.69048,0.11905,0,1.07143,0.59524,0.02381,0.35714,0,0.54762,40.95238,1.69048,0.40476,1.09524,0.7381,0.02381,7.45238,0.40476,4.33333,1.90476,5.02381,0.95238,0.11905,0.14286,0,48.88095,74.04762,0.92857
3,25_535450f33d37855df7e43e146ae978083354877dclass,3.31633,4.63265,1.31633,3.31633,9.62245,1.89796,0.30612,11.07143,9.77551,0.27011,-0.10204,-0.10204,3.63265,0.19388,2.22449,0.84694,0.44898,0.11224,2.80612,0.0102,0.0102,0,3.04082,0.68367,0.09184,2.32653,0.57143,0.05102,0.73469,0,1.02041,54.46939,2.19388,0.78571,1.34694,0.81633,0.22449,8.58163,0.64286,8.21429,2.67347,8.10204,1.07143,0.20408,0.12245,0,60.85714,53.53061,1.66327
4,4_90e26da1fa6d0df11195100cba12656b25b35722class,2.76364,4.10909,1.34545,2.76364,8.8,2.18182,0.41818,9.21818,9.25455,0.25746,-0.13333,-0.13333,3.72727,0.07273,2.14545,0.8,0.61818,0.16364,2.98182,0,0,0,2.4,0.41818,0.03636,1.69091,0.58182,0.09091,0.58182,0,0.6,47.05455,2,0.47273,1.45455,0.90909,0.07273,8.07273,0.4,6.47273,2.2,6.8,0.96364,0.12727,0.14545,0,56.92727,94.41818,1.56364
5,8_33fea335f4ffd00e215e60acc1553efa56c6b772class,2.79245,4.15094,1.35849,2.79245,8.24528,2.22642,0.43396,8.96226,9.33962,0.25909,-0.14286,-0.14286,3.64151,0.0566,2.03774,0.81132,0.64151,0.15094,2.86792,0,0,0,2.32075,0.35849,0.03774,1.58491,0.60377,0.09434,0.56604,0,0.58491,45,1.96226,0.41509,1.37736,0.77358,0.03774,7.41509,0.32075,6.20755,2.16981,6.5283,0.9434,0.11321,0.15094,0,55,97.98113,1.24528
6,18_11067c60de2a370c59ee17654c254320538472efclass,2.97059,4.27941,1.30882,2.97059,10.30882,2.11765,0.38235,11.27941,12.10294,0.23629,-0.14286,-0.14286,3.76471,0.10294,2.01471,0.94118,0.67647,0.13235,2.86765,0.01471,0,0.01471,2.26471,0.47059,0.04412,1.57353,0.52941,0.11765,0.48529,0,0.72059,52.52941,2.29412,0.92647,1.30882,1.01471,0.20588,9.30882,0.54412,7.55882,2.77941,7.58824,1.13235,0.19118,0.11765,0,59.19118,91.44118,1.73529
7,5_4dfe5550b6d1f77acafb1fb3f6de427dede5e3ccclass,2.75439,4.14035,1.38596,2.75439,8.4386,2.17544,0.42105,9.08772,8.87719,0.26177,-0.12903,-0.12903,3.54386,0.05263,1.98246,0.80702,0.61404,0.14035,2.78947,0,0,0,2.38596,0.38596,0.05263,1.57895,0.66667,0.08772,0.59649,0,0.57895,44.96491,1.92982,0.40351,1.50877,0.75439,0.10526,7.5614,0.38596,6.21053,2.26316,6.52632,0.96491,0.12281,0.14035,0,56.4386,91.14035,1.36842
8,19_fa0fc4ad37329a959b03297659e50d5637477163class,3.73684,4.78947,1.05263,3.73684,6.15789,2.15789,0.36842,12.21053,2.36842,0.19768,0,0,2.26316,0.10526,1.63158,0.10526,0.15789,0.36842,2.15789,0,0,0,1.94737,0.05263,0,1.57895,0.31579,0.05263,0.05263,0,0.73684,43.94737,0.63158,0.47368,1.05263,1.15789,0.15789,7.26316,0.31579,4.26316,2.21053,5.42105,1.42105,0.05263,0.15789,0,40.31579,55.10526,1.15789
9,15_871e0984cc881f7d03b5f6ea47ba5b962dfc8de2class,2.76364,4.10909,1.34545,2.76364,8.81818,2.18182,0.41818,9.25455,9.41818,0.26131,-0.13333,-0.13333,3.72727,0.07273,2.12727,0.83636,0.61818,0.14545,2.94545,0,0,0,2.45455,0.54545,0.03636,1.74545,0.58182,0.09091,0.58182,0,0.6,47.36364,1.96364,0.50909,1.38182,0.90909,0.07273,8.10909,0.4,6.52727,2.21818,6.8,0.94545,0.12727,0.14545,0,56.96364,94.41818,1.52727
10,20_686941d12a3eb265a0fcff974c5d816edc1bcd90class,4.25263,4.70526,0.45263,4.25263,4.32842,1.79789,0.08632,6.81474,18.75579,0.18975,-0.00568,-0.00568,2.97684,0.07368,2.04632,0.23789,0.62316,0.06947,2.73895,0,0.03789,0,1.72842,0.37474,0.08,1.38947,0.02947,0.22947,0.50316,0,0.38737,33.16211,0.71789,0.28211,0.39579,0.06947,0.27158,8.70947,5.72632,5.10105,1.57263,4.02316,0.46316,0.28211,0.15789,0,35.14316,5.61895,0.06526
11,21_adf01d12fb60e7abf219be2c9820a4f1b94041fbclass,2.65854,3.87805,1.21951,2.65854,5.63415,2.17073,0.36585,6.85366,5.43902,0.21651,-0.15789,-0.15789,3.14634,0.12195,2.21951,0.31707,0.43902,0.17073,2.85366,0,0,0,1.34146,0.09756,0,1.04878,0.26829,0.02439,0.31707,0,0.58537,33.07317,1.34146,0.26829,0.65854,0.46341,0.02439,6,0.4878,3.70732,1.73171,4.29268,0.85366,0.07317,0.12195,0,42.17073,75.92683,0.7561
12,14_f29cf32485a0e6920df3894631b98f6dbbdc14cfclass,3.23585,4.48113,1.24528,3.23585,9.5283,1.83019,0.28302,10.84906,9.49057,0.25708,-0.11765,-0.11765,3.5283,0.20755,2.18868,0.80189,0.41509,0.12264,2.74528,0.00943,0.00943,0,2.92453,0.63208,0.09434,2.25472,0.5283,0.04717,0.67925,0,1.0283,53.23585,2.15094,0.79245,1.37736,0.79245,0.21698,8.23585,0.67925,7.96226,2.56604,7.84906,1.14151,0.21698,0.13208,0,58.71698,49.66038,1.5566
13,3_6bedc5de4db6353777fab75369c58e4b45441948class,2.76596,4.02128,1.25532,2.76596,7.85106,2.19149,0.38298,8.48936,8.87234,0.23663,-0.14815,-0.14815,3.53191,0.06383,2.06383,0.61702,0.68085,0.17021,2.95745,0,0,0,2,0.29787,0.04255,1.34043,0.57447,0.04255,0.46809,0,0.61702,43.14894,1.78723,0.3617,1.21277,0.70213,0.02128,7.51064,0.3617,5.23404,2.04255,5.65957,0.91489,0.10638,0.14894,0,52.82979,88.08511,1
14,2_eb801054593dafcfe050567b596b1334128543a1class,2.725,3.95,1.225,2.725,6.4,2.1,0.325,7.125,5.825,0.23436,-0.17391,-0.17391,3.35,0.075,2.3,0.375,0.5,0.175,3,0,0,0,1.5,0.1,0,1.125,0.35,0.025,0.35,0,0.5,36.125,1.525,0.25,0.875,0.525,0.025,6.725,0.375,3.775,1.825,4.4,0.9,0.075,0.15,0,46.175,77.8,0.8
15,6_65e22a99c7f98b657bd5138ea2141de0033bec7bclass,3.23585,4.48113,1.24528,3.23585,9.5566,1.83019,0.28302,10.85849,9.5566,0.25723,-0.11765,-0.11765,3.53774,0.20755,2.18868,0.81132,0.41509,0.12264,2.74528,0.00943,0.00943,0,2.9434,0.63208,0.09434,2.27358,0.5283,0.04717,0.67925,0,1.0283,53.41509,2.16981,0.79245,1.39623,0.79245,0.21698,8.28302,0.67925,7.98113,2.57547,7.86792,1.14151,0.21698,0.13208,0,58.75472,49.66038,1.56604
16,7_33e52c75edea2f7d579b3d2517c33356bf77ddcaclass,2.91358,4.25926,1.34568,2.91358,9.16049,2.07407,0.35802,10.2716,10.30864,0.24096,-0.10811,-0.10811,3.40741,0.09877,1.87654,0.83951,0.5679,0.12346,2.60494,0.01235,0.01235,0.01235,2.12346,0.45679,0.08642,1.46914,0.50617,0.06173,0.46914,0,0.65432,47.75309,1.90123,0.79012,1.28395,0.85185,0.18519,8.07407,0.50617,6.74074,2.38272,6.81481,1.04938,0.23457,0.11111,0,55.67901,76.98765,1.45679
17,10_d2c548ae849edb67aeac25119231c5fabcbe8855class,4.23173,4.68894,0.4572,4.23173,4.32777,1.8142,0.09395,6.78497,18.68894,0.18854,-0.00568,-0.00568,2.97286,0.07516,2.03967,0.24217,0.62213,0.06889,2.73069,0,0.03758,0,1.72651,0.37161,0.07933,1.38831,0.03132,0.22756,0.49896,0,0.39666,33.04175,0.72651,0.28184,0.39248,0.07098,0.26931,8.65136,5.6785,5.07307,1.57203,4.01461,0.46138,0.27975,0.15658,0,35.19207,7.71816,0.06681
18,1_6096522bf0bff3f980225042e1faf605c2ff11caclass,2.96429,4.32143,1.35714,2.96429,6.57143,2.25,0.42857,8.64286,5.5,0.22793,-0.1,-0.1,3.17857,0.14286,2,0.42857,0.5,0.25,2.85714,0,0,0,1.64286,0.21429,0.07143,1.10714,0.42857,0.03571,0.21429,0,1,41.25,1.42857,0.32143,0.85714,0.67857,0.03571,8.07143,0.71429,4.78571,2.5,5.60714,1.14286,0.07143,0.17857,0,47.96429,74.53571,1.10714
19,16_6590e203ecd9c25ecb2275e1afa16207c021de5fclass,4.25,4.69748,0.44748,4.25,4.31303,1.80042,0.08824,6.82143,18.69958,0.18789,-0.00568,-0.00568,2.96429,0.07353,2.04412,0.22899,0.62185,0.06933,2.73529,0,0.03782,0,1.72479,0.37395,0.07983,1.38655,0.02941,0.22899,0.5021,0,0.38655,33.07353,0.71429,0.28151,0.39496,0.06933,0.27101,8.69118,5.71429,5.08824,1.56933,4.01261,0.46639,0.28151,0.15756,0,35.19118,5.60924,0.06513
20,24_8f15f75526ce296d77545b781dc5d8d2a79ea3e4class,2.79245,4.15094,1.35849,2.79245,8.39623,2.22642,0.43396,9.09434,9.4717,0.25951,-0.13793,-0.13793,3.67925,0.0566,2.0566,0.81132,0.64151,0.16981,2.92453,0,0,0,2.33962,0.37736,0.03774,1.60377,0.60377,0.09434,0.58491,0,0.58491,45.58491,2.01887,0.41509,1.41509,0.77358,0.03774,7.62264,0.32075,6.28302,2.24528,6.60377,0.96226,0.11321,0.15094,0,55.41509,97.98113,1.32075
21,23_295f9e588e52c8bc99ab71ae4f280bf8f45ffa39class,4.25263,4.70526,0.45263,4.25263,4.32421,1.79789,0.08632,6.81053,18.74526,0.18969,-0.00568,-0.00568,2.97263,0.07368,2.04632,0.23368,0.62316,0.06947,2.73895,0,0.03789,0,1.72842,0.37474,0.08,1.38947,0.02947,0.22947,0.50316,0,0.38737,33.14737,0.71579,0.28211,0.39579,0.06947,0.27158,8.70947,5.72632,5.09895,1.57263,4.02105,0.46316,0.28211,0.15789,0,35.13053,5.61895,0.06526
22,12_2453bc1ad654fb5238bc7cb9ccf4afdb6bb1d807class,2.75439,4.14035,1.38596,2.75439,8.36842,2.17544,0.42105,8.94737,9.2807,0.2493,-0.13793,-0.13793,3.50877,0.05263,1.98246,0.77193,0.61404,0.14035,2.77193,0,0,0,2.35088,0.36842,0.05263,1.54386,0.66667,0.08772,0.57895,0,0.57895,44.63158,1.84211,0.40351,1.49123,0.75439,0.08772,7.4386,0.38596,6.10526,2.26316,6.40351,0.94737,0.12281,0.14035,0,54.63158,91.14035,1.40351
23,11_dc4455380126cd4b1f335778feef9b18f8eb0b13class,3.3,4.57778,1.27778,3.3,9.73333,2.06667,0.34444,11.18889,10.16667,0.23719,-0.11905,-0.11905,3.51111,0.15556,2.06667,0.82222,0.51111,0.11111,2.71111,0.01111,0.01111,0,2.55556,0.72222,0.1,1.88889,0.51111,0.05556,0.77778,0,1.04444,54.31111,2.03333,0.81111,1.34444,0.87778,0.21111,8.9,0.68889,7.98889,2.84444,7.86667,1.13333,0.22222,0.13333,0,61.05556,69.57778,1.75556
24,22_4e2fbb7e7e5aa79cdf8d56b86c2506e5c02d720dclass,3.21053,4.47368,1.26316,3.21053,9.67368,1.92632,0.31579,10.97895,10.05263,0.27186,-0.10638,-0.10638,3.64211,0.14737,2.22105,0.85263,0.46316,0.10526,2.81053,0.01053,0.01053,0,3.01053,0.68421,0.09474,2.28421,0.57895,0.05263,0.73684,0,0.96842,54.64211,2.17895,0.77895,1.35789,0.83158,0.2,8.57895,0.65263,8.24211,2.72632,8.10526,1.06316,0.21053,0.12632,0,60.77895,55.18947,1.71579
0,42_130406355a25fe6d90351001904df5985cf1afedclass,3.34565,5.73351,2.38786,3.34565,12.19789,1.24011,0.12665,7.70976,101.09763,0.17732,-0.0098,-0.0098,7.29024,0.4248,4.78628,0.38786,0.21108,1.90501,6.92084,0.07124,0.18206,0.04749,1.98417,0.69393,0.40369,1.2058,0.05805,0.31662,0.72559,0,1.96834,47.21108,3.79947,0.45646,2.14776,0.51187,0.56992,9.72823,3.8153,7.35092,2.1715,4.82586,0.65172,0.39578,0.03166,0,47,30.20317,0.14776
1,1_670562e86f4c430e596679386a6892327fb6f2f0class,3.032,5.632,2.6,3.032,14.216,1.216,0.088,9.536,72.64,0.17975,0,0,6.464,0.448,5.712,0.176,0.192,0.384,6.312,0.008,0.008,1.008,1.928,0.584,0.416,1.352,0.024,0.136,0.608,0,4.808,57.944,4.52,0.888,2.744,0.848,0.864,9.208,6.872,8.592,2.592,5.184,0.848,0.576,0.04,0,44.272,8.256,0.104
2,20_e31a68eda44627daca1262e626daa69ca8e477a5class,4.15176,6.64058,2.48562,4.15495,12.33227,1.19968,0.10224,8.45687,88.65815,0.16862,-0.00977,-0.00977,6.8115,0.47764,4.51118,0.30511,0.35463,1.64058,6.52556,0.03355,0.11661,0.05272,1.8131,0.66294,0.34345,1.09904,0.06869,0.30192,0.74601,0,1.86581,50.42492,3.71565,0.76837,2.00639,0.97284,0.64377,10.17891,4.60863,7.16134,2.4393,4.94089,1.43131,0.30192,0.01757,0,46.26997,26.0016,0.17732
3,22_39757e34ccfa4f6cadf8ebc5d9bba157b9793841class,3.71127,5.74472,2.02993,3.71479,12.17958,1.19718,0.10739,8.39965,86.6338,0.14241,-0.01136,-0.01136,6.45951,0.51585,4.17606,0.30282,0.35035,1.63028,6.17606,0.03521,0.1338,0.0581,1.77993,0.70775,0.37148,1.04577,0.07042,0.29225,0.78873,0,1.96655,50.6743,3.17958,0.8257,2.0493,0.99824,0.625,10.77289,4.9507,7.47887,2.53169,5.11972,1.46127,0.30106,0.01408,0,46.09331,24.56162,0.17782
4,17_edce0e12c6d3dcfbe2b4ee0df5c054a9a2d3fe2eclass,3.13609,5.91716,2.78107,3.13609,13.50296,1.23077,0.10059,9.11243,136.22485,0.16338,-0.01818,-0.01818,6.85799,0.40828,6.02959,0.19527,0.17751,0.45562,6.68047,0.09467,0.00592,0.05325,1.78107,0.57396,0.39053,1.24852,0.04734,0.09467,0.61538,0,5.07692,55.94675,4.2426,0.72781,2.59763,0.69231,0.7929,13.62722,6.3432,8.2426,2.73964,4.81657,0.77515,0.6213,0.02959,0,42.47929,18.08876,0.07692
5,51_d5c5033686fdcd9bcecc8a16a12b954ce49e7a3cclass,3.40306,5.72704,2.32398,3.40306,12.60714,1.25255,0.14031,7.92347,98.65051,0.19217,-0.00922,-0.00922,7.48724,0.42602,4.96939,0.41071,0.21939,1.88776,7.09694,0.07398,0.18112,0.05102,2.07398,0.73469,0.39796,1.28316,0.06378,0.32908,0.76276,0,1.92857,49.32398,3.88265,0.48214,2.17092,0.57143,0.67602,10.03571,4.16582,7.85714,2.41327,5.125,0.68878,0.38265,0.03571,0,48.17347,29.2398,0.14286
6,52_40c4e83d41d2037121d1cfa0a7f36fe3ccf5fc46class,2.68085,4.92553,2.24468,2.68085,7.14894,1.18085,0.05319,5.76596,19.96809,0.13687,0,0,5.05319,0.1383,4.64894,0.12766,0.18085,0.09574,4.95745,0.01064,1.1383,1.18085,1.58511,0.48936,0.34043,1.05319,0,0.19149,0.51064,0,2.55319,32.67021,2,0.25532,0.47872,0.47872,0.1383,4.67021,3.84043,4.01064,1.34043,2.80851,0.48936,0.70213,0.03191,0,25.79787,10.52128,0.1383
7,48_ea9d8b95030225896bee32518406a4344eaf2655class,4.12721,6.61353,2.48309,4.13043,12.36715,1.19324,0.10145,8.48148,89.22222,0.16846,-0.0099,-0.0099,6.82609,0.48148,4.51691,0.30596,0.35266,1.65056,6.53945,0.03382,0.11916,0.05314,1.81965,0.66828,0.34622,1.10628,0.06924,0.29791,0.75201,0,1.8744,50.58293,3.72464,0.77456,2.00966,0.97424,0.64734,10.18519,4.64251,7.19968,2.46055,4.9694,1.43478,0.30274,0.01771,0,46.2963,26.20773,0.18035
8,31_3702f19a84c0685894d224d6e5533e5b9d3a896dclass,2.91429,5.27143,2.35714,2.91429,6.91429,1.25714,0.07143,6.18571,10.88571,0.14475,0,0,4.64286,0.17143,4.25714,0.07143,0.18571,0.12857,4.6,0.01429,0.94286,1,1.14286,0.27143,0.22857,0.64286,0.02857,0.24286,0.3,0,2.77143,31.82857,1.9,0.35714,0.48571,0.45714,0.17143,5,4.14286,4.07143,1.34286,2.64286,0.65714,0.6,0.02857,0,26.57143,14.37143,0.18571
9,26_28288d5dc9b1ffad7cba77d1a106a9dc8e8cbf85class,3.06875,5.39688,2.32812,3.06875,12.24375,1.23438,0.10938,7.62812,97.85,0.17648,-0.00599,-0.00599,7.32812,0.42188,4.79688,0.36875,0.225,1.9375,6.97812,0.07187,0.17188,0.05312,1.9625,0.7375,0.41562,1.1625,0.05,0.33438,0.775,0,2.06562,47.3,3.83125,0.49375,2.09375,0.52812,0.575,9.81875,3.69062,7.20312,2.12812,4.70937,0.65,0.41875,0.02188,0,47.07188,27.9375,0.1625
10,24_f99a818c9e2c7df095fb59670fb47f6c479f4e1eclass,3.10394,5.39427,2.29032,3.10394,12.56631,1.31183,0.09677,7.82796,95.85663,0.18911,-0.05063,-0.05063,7.27957,0.42294,4.63441,0.319,0.30466,2.02151,6.97849,0.01792,0.14695,0.05018,1.91398,0.80287,0.45878,1.26165,0.06452,0.12903,0.7957,0,4.2509,48.34409,3.94265,0.54122,2.21505,0.54839,0.64875,10.82796,4.42294,7.37993,2.29032,4.70609,0.68817,0.38351,0.02509,0,46.63441,26.5448,0.12186
11,58_0868be24932f94852e94d5cc1556143df2a56e37class,2.99237,5.57252,2.58015,2.99237,13.87786,1.20611,0.08397,9.55725,73.74046,0.17215,0,0,6.38931,0.42748,5.67176,0.16794,0.18321,0.36641,6.24427,0.00763,0.00763,1.06107,1.84733,0.56489,0.39695,1.29008,0.0229,0.1374,0.58779,0,5.38168,57.49618,4.40458,0.84733,2.64122,0.80916,0.82443,9.29008,6.91603,8.43511,2.56489,5,0.80916,0.59542,0.03817,0,43.89313,7.83206,0.09924
12,53_8555652e26581e4196bbd36dffa086178c4be7eclass,3.10469,5.45126,2.34657,3.10469,12.61011,1.30325,0.09747,7.85921,96.35018,0.18672,-0.05128,-0.05128,7.2852,0.42599,4.65704,0.3213,0.27437,2.03249,6.98195,0.01083,0.14801,0.05054,1.92419,0.80505,0.46209,1.26715,0.06498,0.12996,0.79783,0,4.28159,48.55957,3.95668,0.54513,2.23105,0.55235,0.65343,10.90614,4.45126,7.42599,2.30686,4.73646,0.69314,0.38628,0.02527,0,46.66065,23.0361,0.12274
13,5_c7f0ab3e1a93408c84c9dbd71d0d5164e350363bclass,3.27711,6.05622,2.77912,3.27711,12.80723,1.32932,0.09639,8.09639,133.85944,0.18174,-0.07937,-0.07937,7.05622,0.62249,5.02008,0.34137,0.16466,1.53012,6.73092,0.00803,0.01205,0.06426,1.77912,0.67871,0.37349,1.20884,0.06024,0.13655,0.63855,0,5.07631,51.07631,4.07229,0.63855,2.18474,0.65863,0.73092,11.75502,5.19679,7.71888,2.61044,4.76707,0.751,0.44177,0.03614,0,47.76305,12.77108,0.05221
14,50_0b7831f64c3d215429a67da84cc2c28cc4956005class,3.18927,5.61299,2.42373,3.18927,12.35311,1.22599,0.10734,7.72599,100.18644,0.17711,-0.01047,-0.01047,7.30226,0.42373,4.77966,0.37288,0.21751,1.9322,6.94915,0.07062,0.18079,0.04802,1.99718,0.69492,0.40678,1.19492,0.06215,0.33333,0.72881,0,2.0339,47.4548,3.95198,0.48305,2.23729,0.54237,0.59605,9.74011,3.9548,7.37006,2.18927,4.77966,0.66949,0.40113,0.0226,0,46.89548,29.32203,0.14689
15,30_ca924e3054abc4a091eb60ffb94f8505832cc077class,3.27717,5.65489,2.37772,3.27717,12.26359,1.24185,0.125,7.74185,99.13587,0.17675,-0.00995,-0.00995,7.30163,0.4375,4.8288,0.375,0.21196,1.88587,6.94565,0.07065,0.17663,0.0462,1.96739,0.6875,0.3913,1.19565,0.05978,0.32065,0.72011,0,1.99185,47.61141,3.94837,0.47011,2.17935,0.53261,0.57609,9.72011,3.88043,7.31522,2.19293,4.81522,0.66576,0.3913,0.03261,0,46.66848,31.15761,0.14946
16,3_6507c915cb2b8e43670e2c4b5e6908fdf8f9fba2class,3.49391,5.44696,1.95304,3.49391,11.32696,1.22783,0.1287,8.18261,87.08,0.15073,-0.00763,-0.00763,6.48174,0.52,4.23826,0.32,0.3287,1.59478,6.17913,0.05739,0.13043,0.04348,1.76174,0.69565,0.35652,1.0487,0.06957,0.28696,0.77043,0,1.88348,46.61913,3.12,0.54435,1.87826,0.70783,0.5687,10.66783,4.54087,7.01913,2.47826,4.72174,0.91304,0.31826,0.02783,0,44.39826,27.92174,0.14957
17,39_5c8c5342c628bd67669400f8aac882b06694ca1bclass,3.46422,5.35413,1.88991,3.46422,11.27706,1.23119,0.13211,8.0844,82.59083,0.15565,-0.00781,-0.00781,6.45688,0.53211,4.24404,0.33394,0.32294,1.55596,6.14128,0.06055,0.13761,0.04404,1.71376,0.6422,0.32294,1.05138,0.07156,0.26789,0.66422,0,1.96147,46.45138,3.13394,0.54312,1.85138,0.70459,0.58165,8.87339,4.45872,6.95596,2.34862,4.6844,0.91376,0.31009,0.02936,0,44.67339,29.34312,0.09725
18,10_8199a01bde13cc97d2519a066602f28c47cbecd4class,3.22772,6.08911,2.86139,3.22772,13.00495,1.26238,0.09406,9.21782,139.31188,0.17279,-0.02857,-0.02857,6.79208,0.66337,5.80693,0.26238,0.20297,0.5198,6.5495,0.0099,0.00495,0.07921,1.79208,0.57426,0.34653,1.24752,0.08911,0.10891,0.58416,0,5.56436,55.0495,4.12376,0.74752,2.30693,0.71287,0.73267,12.4802,5.83663,8.19307,2.5396,4.84158,0.82673,0.61386,0.0396,0,41.21782,15.08911,0.06436
19,57_c44cc0062c76f498a8b11572b53cc2db55fbf93fclass,3.05535,5.36162,2.30627,3.05535,12.65683,1.29889,0.09963,7.98524,116.90775,0.18321,-0.05333,-0.05333,7.24354,0.43542,4.71587,0.32103,0.26199,1.94465,6.94096,0.00738,0.15129,0.05166,1.95203,0.8155,0.47232,1.28413,0.06273,0.13284,0.81181,0,4.09963,48.92251,4.02214,0.54613,2.26568,0.56458,0.67159,10.78229,4.52768,7.45756,2.30627,4.7786,0.7048,0.39483,0.02583,0,47.82288,19.69742,0.12546
20,4_745a79329f31918835071c7c14bdd9c68dd6a490class,3.125,5.90217,2.77717,3.125,13.30978,1.23913,0.09783,9.04348,151.52174,0.16134,-0.01695,-0.01695,6.77717,0.46196,5.8913,0.21739,0.18478,0.4837,6.57065,0.08696,0.00543,0.04891,1.75543,0.57609,0.38043,1.2337,0.04348,0.09783,0.6087,0,5.48913,55.05978,4.10326,0.77174,2.55435,0.66848,0.82609,12.76087,6.29891,8.07609,2.64674,4.82065,0.79891,0.63043,0.03261,0,41.34783,16.57065,0.07065
21,33_02bbc554976ad08f452b88c9f55ee7cb718df238class,2.70874,4.95146,2.24272,2.70874,7.79612,1.19417,0.05825,6.43689,54.35922,0.13621,0,0,5.31068,0.13592,4.8932,0.1068,0.21359,0.09709,5.2233,0.00971,0,1.20388,1.74757,0.5534,0.3301,1.24272,0.00971,0.16505,0.58252,0,3.51456,35.31068,2.06796,0.27184,0.59223,0.50485,0.24272,5.4466,4.47573,4.6699,1.54369,3.12621,0.51456,0.68932,0.02913,0,27.49515,9.59223,0.12621
22,16_f47e377e91dc83da0a65654cc7a3cb0e547de3e0class,3.14948,5.94845,2.79897,3.14948,12.92268,1.23711,0.09278,9.03093,137.45876,0.16723,-0.01587,-0.01587,6.65464,0.44845,5.68557,0.25258,0.20103,0.51546,6.41237,0.01031,0.00515,0.07216,1.78351,0.57216,0.36082,1.24227,0.06701,0.1134,0.59794,0,5.42268,54.78866,3.8866,0.75773,2.31443,0.71134,0.74227,12.56186,6.01546,8.02577,2.47423,4.76804,0.80412,0.62887,0.03608,0,41.12371,15.70103,0.06701
23,32_a676324da291a14226a3277a9753c4e5c6848a14class,3.22439,6.07805,2.85366,3.22439,13.2878,1.27317,0.09756,9.34634,207.97073,0.17206,-0.02817,-0.02817,7.03902,0.69756,6.02439,0.2878,0.20488,0.52195,6.77073,0.00976,0.00488,0.07805,1.81463,0.63902,0.34634,1.26341,0.09268,0.1122,0.59024,0,5.70244,55.9122,4.32195,0.73171,2.44878,0.66829,0.73659,13.03415,5.80976,8.42927,2.6,5.06829,0.81463,0.61463,0.03902,0,41.87805,14.86341,0.06341
24,36_750769cb637e4d1f0a504f53c148db279bfde702class,3.00376,5.2782,2.27444,3.00376,12.80451,1.29323,0.09774,8.07519,121.39474,0.18184,-0.05517,-0.05517,7.26692,0.44737,4.69173,0.36842,0.2782,1.92857,6.91729,0.00752,0.15414,0.05263,1.95489,0.81955,0.4812,1.27444,0.06767,0.13158,0.80075,0,4.13158,49.36842,4.03008,0.56015,2.30075,0.57143,0.68797,10.98496,4.60526,7.4812,2.38722,4.77068,0.70677,0.40226,0.02632,0,48.02256,16.08271,0.04887
25,37_d77b4fa0b4e80314ee299842fe43743351dcc5b4class,3.25506,6.04049,2.78543,3.25506,12.77328,1.32389,0.09717,8.06883,135.85425,0.18111,-0.08065,-0.08065,7.02834,0.61134,4.98785,0.34413,0.15789,1.53846,6.7004,0.0081,0.01215,0.06478,1.77733,0.66802,0.37652,1.20243,0.06073,0.13765,0.63563,0,5.08097,50.91903,3.97166,0.64372,2.23482,0.67206,0.72065,11.65992,5.08097,7.67611,2.44534,4.73684,0.74089,0.44534,0.03644,0,47.33603,12.8664,0.05263
26,12_98ab11a1cb35581b17572cc44476f8d878095410class,3.21477,5.92617,2.71141,3.21477,14.51007,1.27517,0.11409,10.0604,123.95973,0.18449,0,0,7.05369,0.46309,6.18792,0.19463,0.21477,0.45638,6.88591,0.10738,0.00671,1.41611,1.89933,0.60403,0.4094,1.32215,0.05369,0.11409,0.61745,0,5.75168,59.68456,4.58389,0.81208,2.91946,0.7651,0.90604,15.68456,7.12081,9.02013,3.02013,5.21477,0.84564,0.57047,0.03356,0,46.50336,20.65101,0.08725
27,2_925afb486dac860fb418b4136f145c76a3ad3256class,2.74227,5.03093,2.28866,2.74227,7.54639,1.18557,0.06186,6.15464,49.98969,0.13877,0,0,5.2268,0.14433,4.80412,0.13402,0.18557,0.10309,5.1134,0.01031,0,1.25773,1.63918,0.50515,0.34021,1.1134,0,0.18557,0.53608,0,3.02062,33.89691,2.02062,0.25773,0.5567,0.47423,0.14433,5.13402,4.12371,4.28866,1.43299,3,0.49485,0.69072,0.03093,0,27.16495,10.20619,0.13402
28,40_1005ef60ef237b853f6758a31bcbc1639d2a16dbclass,3.07862,5.41195,2.33333,3.07862,12.19497,1.23585,0.11006,7.62893,98.05031,0.17484,-0.00599,-0.00599,7.2673,0.42453,4.72642,0.36792,0.22327,1.94969,6.91824,0.05346,0.17296,0.05346,1.96541,0.72642,0.41824,1.16038,0.05031,0.33648,0.76415,0,2.08176,47.21384,3.82075,0.5,2.10063,0.52516,0.58176,9.85849,3.69811,7.22013,2.11321,4.72642,0.65409,0.41509,0.02201,0,47.17925,28.1195,0.12579
29,18_79b17c01f10f3c2edf56cf7cdcfca87bbd6c7cc9class,3.71505,5.70968,1.99462,3.71505,11.97491,1.19892,0.10573,8.18817,80.77599,0.14029,-0.01172,-0.01172,6.35125,0.50896,4.10573,0.28136,0.35125,1.6129,6.08781,0.04659,0.13262,0.04301,1.75986,0.69713,0.37455,1.01613,0.07348,0.2957,0.76882,0,1.88172,49.90143,3.13978,0.82258,2.08602,0.98746,0.62903,10.71505,4.66846,7.34767,2.54301,4.99104,1.45878,0.30466,0.01434,0,45.59498,24.96237,0.1595
30,54_d43b9581848464923cdc4bd549d2df096774f8a7class,3.35149,5.63119,2.2797,3.35149,12.58416,1.24752,0.13614,7.81436,101.83416,0.19017,-0.00897,-0.00897,7.43317,0.43564,4.91832,0.41832,0.21535,1.88119,7.0396,0.07178,0.17574,0.0495,2.06188,0.74505,0.40347,1.2599,0.06188,0.33663,0.7698,0,1.87376,49.17079,3.82178,0.53218,2.12871,0.58663,0.68564,9.79703,4.03218,7.72277,2.36139,5.05198,0.68812,0.38614,0.03465,0,48.11386,28.41089,0.15842
31,7_83a2b09e81cf8dbffda4de3107e963fcf9f861a7class,3.23618,6.1005,2.86432,3.23618,13.26131,1.26633,0.09548,9.34171,159.19095,0.17547,-0.02857,-0.02857,6.97487,0.67337,5.96985,0.27136,0.20603,0.52764,6.71859,0.01005,0.00503,0.0804,1.8191,0.58291,0.35176,1.26633,0.09045,0.11055,0.59296,0,5.60804,55.94472,4.19598,0.75879,2.35176,0.71357,0.74372,12.88442,5.86432,8.30151,2.55779,4.92965,0.83417,0.60804,0.0402,0,41.80905,15.33166,0.06533
32,29_b2beba0db729e69830ed69d3370b8ffb78564aa1class,3.34565,5.73351,2.38786,3.34565,12.19789,1.24011,0.12665,7.70976,101.09763,0.17732,-0.0098,-0.0098,7.29024,0.4248,4.78628,0.38786,0.21108,1.90501,6.92084,0.07124,0.18206,0.04749,1.98417,0.69393,0.40369,1.2058,0.05805,0.31662,0.72559,0,1.96834,47.21108,3.79947,0.45646,2.14776,0.51187,0.56992,9.72823,3.8153,7.35092,2.1715,4.82586,0.65172,0.39578,0.03166,0,47,30.20317,0.14776
33,11_b34a76b76a92829115ea8d35fdec0cbf18f9523bclass,3.40306,5.72704,2.32398,3.40306,12.60714,1.25255,0.14031,7.92347,98.7551,0.19218,-0.00922,-0.00922,7.4898,0.42602,4.97194,0.41071,0.21939,1.88776,7.09949,0.07398,0.18112,0.05102,2.07398,0.73469,0.39796,1.28316,0.06378,0.32908,0.76276,0,1.92857,49.32908,3.88265,0.48214,2.16837,0.57143,0.67602,10.03061,4.16327,7.85714,2.41327,5.125,0.68878,0.38265,0.03571,0,48.21939,29.2398,0.14286
34,47_9f07097d9b8305fbb4fe2c3d8cf1c1cd21bec375class,3.11801,5.85093,2.73292,3.11801,13.90062,1.25466,0.10559,9.54658,133.7205,0.17536,0,0,6.96894,0.42857,6.13665,0.18012,0.19876,0.45342,6.81366,0.09938,0.00621,0.04969,1.81988,0.60248,0.40994,1.25466,0.04969,0.10559,0.6087,0,5.41615,57.22981,4.35404,0.75155,2.70807,0.71429,0.83851,14.61491,6.75155,8.47205,2.86335,4.89441,0.80124,0.59627,0.03106,0,43.82609,19.04969,0.08075
35,44_bbf171938763178a91c767e74a2d0ffd080d6585class,3.34538,5.27912,1.93373,3.34538,11.1747,1.21888,0.11446,8.17068,86.27309,0.16025,-0.00881,-0.00881,6.36747,0.55221,4.26506,0.35743,0.1747,1.57028,6.03012,0.06024,0.14257,0.04016,1.71486,0.63253,0.32731,1.06024,0.0502,0.27711,0.65663,0,2.08635,45.71285,3.14458,0.55422,1.81124,0.69277,0.58835,8.82129,4.38153,6.8996,2.32329,4.64056,0.88956,0.31727,0.03012,0,44.12048,25.55422,0.10442
36,19_19f99770d7ea5815a59a350abbcfdfbd9039a4a6class,3.06329,5.73418,2.67089,3.06329,13.38608,1.25949,0.10759,9.35443,79.48101,0.17381,0,0,6.3481,0.43671,5.57595,0.18354,0.1962,0.39241,6.18987,0.10127,0.00633,1.09494,1.75316,0.53165,0.3481,1.24684,0.05063,0.10759,0.5443,0,5.56962,55.71519,4.20253,0.76582,2.70886,0.72152,0.8481,15.01899,6.79747,8.39241,2.93671,4.85443,0.79114,0.59494,0.03165,0,44.25316,19.41772,0.08228
37,34_6ef48fd0c8debba3751098b03c4335783bb846fcclass,3.40256,5.72051,2.31795,3.40256,12.59744,1.24103,0.14103,7.88974,98.63846,0.19319,-0.00935,-0.00935,7.48205,0.42564,4.94103,0.40769,0.21026,1.92308,7.09231,0.07436,0.17692,0.04872,2.06154,0.72051,0.39231,1.27692,0.0641,0.32821,0.75128,0,1.92051,49.11026,3.97179,0.48205,2.24359,0.56154,0.60513,9.93846,3.9359,7.71026,2.23333,5.11795,0.68974,0.38462,0.0359,0,48.20513,29.38205,0.14103
38,25_5e5ae144ce9e2376030f95c9cf92d57a3c584705class,3.39796,5.71939,2.32143,3.39796,12.57653,1.25255,0.14031,7.89031,98.41582,0.19221,-0.00922,-0.00922,7.47194,0.42602,4.96173,0.40816,0.21684,1.8852,7.08418,0.07398,0.17857,0.05102,2.06888,0.73214,0.39541,1.28061,0.06378,0.32908,0.7602,0,1.92347,49.1352,3.95918,0.48214,2.26786,0.56378,0.60204,9.91071,3.97194,7.73214,2.22194,5.11224,0.68878,0.38265,0.03571,0,48.10714,29.2398,0.14031
39,49_255f0270ee86afe895b5652ba028dc493b5c7bfbclass,4.06822,6.27287,2.1907,4.08217,12.08217,1.25116,0.12868,8.47597,86.08992,0.16419,-0.00926,-0.00926,6.74729,0.46822,4.43566,0.29922,0.40465,1.60775,6.46977,0.03411,0.11318,0.05116,1.77984,0.65271,0.33488,1.08837,0.06667,0.28992,0.73643,0,1.7907,49.27287,3.64031,0.73953,1.94729,0.94574,0.63101,9.81395,4.3814,6.95349,2.36589,4.8,1.39535,0.29612,0.01705,0,45.76279,25.28062,0.16279
40,9_8df38b67e344040bc836a791aa89449d1c24b19bclass,3.37636,5.23091,1.85455,3.37636,10.86182,1.22727,0.12909,7.88545,80.29636,0.15095,-0.008,-0.008,6.24909,0.52182,4.11818,0.32364,0.31455,1.49273,5.94364,0.06,0.13455,0.04364,1.63818,0.62545,0.31818,0.98909,0.06545,0.26545,0.64364,0,1.87091,45.13636,2.98364,0.53818,1.74727,0.70364,0.55091,8.42545,4.29273,6.65455,2.26,4.51818,0.90909,0.32727,0.02909,0,43.58727,29.02182,0.09636
41,23_decfad927a469f172376a416141f85bb335a4dd2class,2.74419,5.03488,2.2907,2.74419,6.86047,1.2093,0.05814,5.76744,14.43023,0.12434,0,0,4.83721,0.15116,4.46512,0.11628,0.15116,0.10465,4.74419,0.01163,1.11628,1.16279,1.04651,0.2907,0.25581,0.56977,0.02326,0.19767,0.32558,0,2.66279,31.06977,1.9186,0.2907,0.4186,0.47674,0.12791,4.60465,4,3.53488,1.27907,2.27907,0.52326,0.67442,0.02326,0,24.33721,11.51163,0.15116
42,13_10dc871af73260a772fd049f5f0b0326f82657cclass,3.37949,6.42564,3.04615,3.37949,13.91282,1.37949,0.11282,10.18974,122.41026,0.20791,-0.02381,-0.02381,6.86667,0.72821,5.67692,0.34872,0.25641,0.58462,6.53846,0.01026,0.01026,0.08205,2.09744,0.67179,0.34359,1.43077,0.1641,0.15897,0.63077,0,6.36923,58.98974,4.58462,0.81538,2.77436,0.81026,0.84615,13.82564,6.34872,9.37436,2.77436,5.74359,0.90256,0.51795,0.04615,0,45.74359,15.90256,0.06667
43,38_f00aa52a80829eaea46fa2b81a331ae77725f2d1class,3.35785,5.29225,1.93439,3.35785,11.15706,1.22266,0.1173,8.07952,86.43738,0.16009,-0.00873,-0.00873,6.34791,0.54871,4.24652,0.35586,0.17296,1.57256,6.01193,0.05964,0.14115,0.03976,1.71571,0.63817,0.32604,1.06362,0.0497,0.27634,0.66203,0,2.03777,45.60636,3.14115,0.55268,1.80716,0.68986,0.58449,8.76143,4.37773,6.89662,2.30815,4.65209,0.88867,0.3161,0.02982,0,44.22465,25.33598,0.10338
44,35_b086a065603db38ef897ff92786cf389da5419c7class,2.69792,4.94792,2.25,2.69792,7.21875,1.17708,0.05208,5.90625,47.58333,0.13292,0,0,5.11458,0.14583,4.70833,0.13542,0.17708,0.09375,5.01042,0.01042,1.1875,1.22917,1.57292,0.48958,0.32292,1.0625,0,0.1875,0.51042,0,2.63542,32.97917,1.96875,0.26042,0.5,0.45833,0.14583,5.11458,3.9375,4.1875,1.4375,2.91667,0.5,0.69792,0.03125,0,26.375,10.30208,0.13542
45,21_75c802db5f34c0ba11449d250f08646d3c25a7bclass,3.03067,5.68098,2.65031,3.03067,13.18405,1.25153,0.10429,9.18405,86.4908,0.16853,0,0,6.36196,0.42331,5.58282,0.17791,0.19018,0.41104,6.20859,0.09816,0.00613,1.14724,1.73006,0.54601,0.3681,1.20859,0.04908,0.10429,0.55828,0,5.39877,54.81595,4.10429,0.74233,2.62577,0.69939,0.82822,14.55828,6.65644,8.19632,2.84663,4.7362,0.76687,0.60736,0.03067,0,43.2454,18.79141,0.07975
46,6_95f82f93cecd54162a3203f9e1e903ace5c8ca01class,3.02247,5.31461,2.29213,3.02247,13.13109,1.31461,0.09363,8.10112,132.15356,0.18649,-0.05594,-0.05594,7.5618,0.44195,4.99625,0.35955,0.2809,1.92509,7.22472,0.00749,0.15356,0.05243,1.94382,0.81273,0.47191,1.25468,0.06367,0.15356,0.79026,0,4.34457,50.52809,3.96255,0.59176,2.27715,0.5618,0.70037,10.97753,4.70787,7.82772,2.397,4.81273,0.71536,0.40449,0.03371,0,47.7191,19.85019,0.04869
47,46_9bae5faa802ec37227ee8fa86132668fa9556aedclass,3.40704,6.47739,3.07035,3.40704,13.87437,1.38191,0.11055,10.1608,123.8794,0.20895,-0.02326,-0.02326,6.87437,0.73367,5.66834,0.35176,0.26131,0.59296,6.54271,0.01005,0.01508,0.0804,2.1005,0.69849,0.36181,1.40704,0.1608,0.17085,0.65327,0,6.32663,58.82412,4.55779,0.80402,2.73869,0.79397,0.84925,14.15578,6.0603,9.32161,2.78392,5.70352,0.8995,0.51759,0.04523,0,45.65829,15.66332,0.06533
48,14_08b571966b56592e981c0a07e8e2c1813356f790class,3.71127,5.74296,2.02817,3.71479,12.11444,1.19718,0.10739,8.37852,83.24296,0.14238,-0.01136,-0.01136,6.39085,0.51585,4.14085,0.30106,0.35035,1.59859,6.10915,0.03521,0.1338,0.0581,1.77993,0.70775,0.37148,1.04577,0.07042,0.29225,0.78873,0,1.96655,50.52465,3.16197,0.8257,2.0493,0.99824,0.625,10.7588,4.9507,7.47535,2.52817,5.10739,1.46127,0.30106,0.01408,0,46.04577,24.56162,0.17782
49,41_b113a6028ba06e2dd6897bc93c3c6829353affb9class,3.41262,6.52913,3.1165,3.41262,14.08252,1.40777,0.13592,9.99029,156.69903,0.20339,-0.02273,-0.02273,7.20388,0.71359,5.90291,0.36408,0.24757,0.68932,6.85922,0.00971,0.01456,0.07767,2.09709,0.76699,0.4466,1.41262,0.07282,0.16505,0.72816,0,6.35437,59.08738,4.6699,0.7767,2.67476,0.78641,0.83495,13.95631,6.07767,9.16505,2.88835,5.60194,0.8932,0.52427,0.04854,0,45.54369,15.13107,0.06311
50,27_4a612ccaf1cefe5202ae0a512fc3c6a128812e4fclass,3.38809,5.25812,1.87004,3.38809,10.92599,1.22924,0.12996,7.90794,80.61913,0.15025,-0.00794,-0.00794,6.29422,0.51986,4.15343,0.32491,0.31588,1.5,5.98736,0.05957,0.13538,0.04332,1.64801,0.62455,0.31769,0.99819,0.06859,0.26354,0.64621,0,1.8935,45.47292,3,0.53249,1.76173,0.70939,0.55776,8.56137,4.29964,6.70397,2.27617,4.53069,0.91516,0.32852,0.02888,0,43.57762,28.83935,0.09567
51,59_6431fe2f318d3a8bb14eda7b5f50e64907c98d98class,3.4904,5.43805,1.94764,3.4904,11.25829,1.22862,0.12914,8.13264,87.63002,0.15107,-0.00763,-0.00763,6.44677,0.52007,4.23211,0.31414,0.31588,1.58464,6.15009,0.05759,0.13089,0.04188,1.76789,0.68761,0.35253,1.05759,0.06981,0.28796,0.75916,0,1.88133,46.3438,3.10471,0.54276,1.85689,0.7103,0.55846,10.56195,4.52705,7.03141,2.46771,4.72251,0.91798,0.31588,0.02792,0,44.31239,28.02269,0.09599
52,60_f1d385b080ef6a2740757d7bc506848e97d90ceeclass,3.27945,5.70685,2.4274,3.27945,12.34521,1.2411,0.12603,7.8,100.06849,0.17776,-0.0101,-0.0101,7.34521,0.4411,4.86027,0.37534,0.2137,1.89589,6.98904,0.07123,0.17808,0.04658,1.97808,0.68767,0.39452,1.2,0.06027,0.32329,0.72055,0,2.00822,47.91781,3.97808,0.47397,2.19726,0.53699,0.57808,9.79726,3.91781,7.36712,2.21096,4.84932,0.67123,0.39452,0.03288,0,46.87945,31.40548,0.14521
53,45_410b88a578266a60d89209feef5da2cb48e91b49class,4.07776,6.28927,2.19751,4.09176,12.04199,1.25194,0.12908,8.4619,84.40902,0.16413,-0.00926,-0.00926,6.72628,0.46034,4.42924,0.29549,0.40124,1.60031,6.44946,0.03421,0.11353,0.05132,1.77449,0.64697,0.33593,1.08087,0.06687,0.29082,0.72939,0,1.78849,49.12908,3.62986,0.73872,1.95023,0.94246,0.62208,9.8196,4.36858,6.9409,2.35303,4.79005,1.39347,0.29393,0.01711,0,45.6874,25.36236,0.16174
54,8_a01e78a25ad5c8e9a37691fb6904b95bc4ff4c76class,3.36909,5.23818,1.86909,3.36909,10.77636,1.22727,0.12727,7.87273,81.42545,0.14981,-0.00816,-0.00816,6.18545,0.52,4.07091,0.32,0.30545,1.48909,5.88364,0.06,0.13455,0.04,1.64182,0.62182,0.31818,0.99636,0.06364,0.26364,0.64182,0,2.02,44.76,2.97455,0.53455,1.73455,0.69636,0.55455,8.39818,4.26909,6.68182,2.24,4.51818,0.90727,0.32727,0.03091,0,43.12909,29.02,0.09636
55,56_20f500dcaa2c53aed49c561e2fc967a415032462class,3.11712,5.46547,2.34835,3.11712,12.44745,1.22823,0.10811,7.73273,102.24324,0.17865,-0.00571,-0.00571,7.44745,0.42643,4.87387,0.37237,0.21622,1.98498,7.09309,0.06907,0.16517,0.05105,2.02402,0.74474,0.42042,1.21622,0.04805,0.33934,0.78078,0,1.90991,48.09309,3.93393,0.49249,2.16216,0.55556,0.59159,10.003,3.96396,7.3964,2.18318,4.82583,0.65465,0.41742,0.02102,0,47.4985,27.91291,0.15916
56,43_e6e56d15a5cc65ab446183f14eb025f72ecef1e2class,3.14948,5.94845,2.79897,3.14948,12.92268,1.23711,0.09278,9.03093,137.45876,0.16723,-0.01587,-0.01587,6.65464,0.44845,5.68557,0.25258,0.20103,0.51546,6.41237,0.01031,0.00515,0.07216,1.78351,0.57216,0.36082,1.24227,0.06701,0.1134,0.59794,0,5.42268,54.78866,3.8866,0.75773,2.31443,0.71134,0.74227,12.56186,6.01546,8.02577,2.47423,4.76804,0.80412,0.62887,0.03608,0,41.12371,15.70103,0.06701
57,55_ea9ed8370fec0aae7899f874312a93da6b2f98a9class,3.41919,6.49495,3.07576,3.41919,14.00505,1.38384,0.10606,10.21717,130.95455,0.21507,-0.02326,-0.02326,6.95455,0.73737,5.74242,0.35354,0.26263,0.59596,6.62121,0.0101,0.01515,0.08081,2.10606,0.70202,0.36364,1.40909,0.16667,0.16667,0.66162,0,6.40404,59.31818,4.65152,0.80808,2.76263,0.79798,0.84848,14.27778,6.18182,9.39899,2.83838,5.74747,0.90404,0.51515,0.04545,0,45.88384,15.74747,0.06566
58,28_308eb39558c1a286cc414e7b412cacfe19a2d3aeclass,3.77682,5.8564,2.07612,3.78028,12.26298,1.19723,0.109,8.41869,87.69896,0.14909,-0.01091,-0.01091,6.50865,0.51038,4.19723,0.29931,0.34429,1.66782,6.22837,0.0346,0.13149,0.05709,1.83218,0.70588,0.37024,1.07785,0.0692,0.31488,0.78374,0,1.85986,50.93772,3.24913,0.8218,2.07612,1.00346,0.64533,10.72491,4.97405,7.53633,2.54498,5.17647,1.46194,0.29931,0.01903,0,46.20069,24.15571,0.1782
59,15_4a18dc8eb7dc32969ca846ee0832d0a703983a96class,3.1276,5.52522,2.39763,3.1276,12.4273,1.22552,0.10682,7.77448,101.72997,0.17624,-0.00559,-0.00559,7.38872,0.42136,4.82493,0.37092,0.21662,1.97626,7.03561,0.06825,0.16617,0.05045,2.01484,0.74184,0.4184,1.21365,0.04748,0.33531,0.77745,0,2.01187,47.82493,3.90208,0.48665,2.21662,0.55193,0.5816,9.86944,3.97329,7.35312,2.15134,4.79228,0.65282,0.41246,0.02077,0,47.30267,27.67953,0.15727
