file,class,type,cbo,cboModified,fanin,fanout,wmc,dit,noc,rfc,lcom,lcom*,tcc,lcc,totalMethodsQty,staticMethodsQty,publicMethodsQty,privateMethodsQty,protectedMethodsQty,defaultMethodsQty,visibleMethodsQty,abstractMethodsQty,finalMethodsQty,synchronizedMethodsQty,totalFieldsQty,staticFieldsQty,publicFieldsQty,privateFieldsQty,protectedFieldsQty,defaultFieldsQty,finalFieldsQty,synchronizedFieldsQty,nosi,loc,returnQty,loopQty,comparisonsQty,tryCatchQty,parenthesizedExpsQty,stringLiteralsQty,numbersQty,assignmentsQty,mathOperationsQty,variablesQty,maxNestedBlocksQty,anonymousClassesQty,innerClassesQty,lambdasQty,uniqueWordsQty,modifiers,logStatementsQty
/mnt/c/Users/User/Downloads/maven-android-plugin/maven-android-plugin/src/main/java/com/jayway/maven/plugins/android/phase04processclasses/DexMojo.java,com.jayway.maven.plugins.android.phase04processclasses.DexMojo,class,7,8,1,7,18,3,0,39,3,0.6666667,NaN,NaN,3,0,1,2,0,0,1,0,0,0,1,0,0,1,0,0,0,0,1,80,1,3,2,5,0,20,1,12,8,12,4,0,0,0,56,1,1
/mnt/c/Users/User/Downloads/maven-android-plugin/maven-android-plugin/src/test/java/com/jayway/maven/plugins/android/asm/withtests/TestClassB.java,com.jayway.maven.plugins.android.asm.withtests.TestClassB,class,1,1,0,1,1,2,0,1,0,0.0,NaN,NaN,1,0,1,0,0,0,1,0,0,0,0,0,0,0,0,0,0,0,0,5,0,0,0,0,0,0,0,0,0,0,0,0,0,0,17,1,0
/mnt/c/Users/User/Downloads/maven-android-plugin/maven-android-plugin/src/test/java/com/jayway/maven/plugins/android/asm/withtests/TestClassA.java,com.jayway.maven.plugins.android.asm.withtests.TestClassA,class,1,1,0,1,1,2,0,1,0,0.0,NaN,NaN,1,0,1,0,0,0,1,0,0,0,0,0,0,0,0,0,0,0,0,5,0,0,0,0,0,0,0,0,0,0,0,0,0,0,16,1,0
/mnt/c/Users/User/Downloads/maven-android-plugin/maven-android-plugin/src/main/java/com/jayway/maven/plugins/android/AndroidSigner.java,com.jayway.maven.plugins.android.AndroidSigner,class,1,2,1,1,8,1,0,2,0,0.0,0.0,0.0,3,0,3,0,0,0,3,0,0,0,1,0,0,1,0,0,1,0,1,30,3,0,4,1,0,3,0,2,0,1,1,0,1,0,33,1,0
/mnt/c/Users/User/Downloads/maven-android-plugin/maven-android-plugin/src/main/java/com/jayway/maven/plugins/android/phase10preintegrationtest/InternalPreIntegrationTestMojo.java,com.jayway.maven.plugins.android.phase10preintegrationtest.InternalPreIntegrationTestMojo,class,1,1,0,1,2,4,0,3,0,0.0,NaN,NaN,1,0,1,0,0,0,1,0,0,0,0,0,0,0,0,0,0,0,0,8,0,0,0,0,0,0,0,0,0,0,1,0,0,0,39,1,0
/mnt/c/Users/User/Downloads/maven-android-plugin/maven-android-plugin/src/main/java/com/jayway/maven/plugins/android/standalonemojos/PushMojo.java,com.jayway.maven.plugins.android.standalonemojos.PushMojo,class,4,4,0,4,5,2,0,10,0,0.0,NaN,NaN,1,0,1,0,0,0,1,0,0,0,3,0,0,2,1,0,0,0,1,32,0,0,0,1,0,9,0,2,1,5,2,0,0,0,44,1,1
/mnt/c/Users/User/Downloads/maven-android-plugin/maven-android-plugin/src/main/java/com/jayway/maven/plugins/android/asm/AndroidTestFinder.java,com.jayway.maven.plugins.android.asm.AndroidTestFinder,class,6,9,3,6,6,1,0,10,1,0.5,NaN,NaN,2,2,1,1,0,0,1,0,0,0,1,1,0,1,0,0,1,0,1,47,2,1,1,1,0,6,0,8,1,7,2,1,0,0,69,1,0
/mnt/c/Users/User/Downloads/maven-android-plugin/maven-android-plugin/src/main/java/com/jayway/maven/plugins/android/phase08package/ApkMojo.java,com.jayway.maven.plugins.android.phase08package.ApkMojo,class,12,13,1,12,29,3,0,43,28,0.875,0.0,0.0,8,0,1,1,6,0,7,0,0,0,2,0,0,2,0,0,0,0,2,143,4,2,3,3,0,42,0,15,9,15,2,0,0,0,141,1,2
/mnt/c/Users/User/Downloads/maven-android-plugin/maven-android-plugin/src/main/java/com/jayway/maven/plugins/android/AbstractAndroidMojo.java,com.jayway.maven.plugins.android.AbstractAndroidMojo,class,18,27,9,18,31,2,7,43,76,0.96989954,0.0,0.0,13,0,0,0,13,0,13,0,0,0,23,0,0,6,17,0,0,0,3,193,16,2,4,5,0,38,6,27,11,48,2,0,0,0,284,1025,10
/mnt/c/Users/User/Downloads/maven-android-plugin/maven-android-plugin/src/main/java/com/jayway/maven/plugins/android/phase01generatesources/GenerateSourcesMojo.java,com.jayway.maven.plugins.android.phase01generatesources.GenerateSourcesMojo,class,10,11,1,10,33,3,0,48,45,0.9,0.0,0.0,10,0,1,8,1,0,2,0,0,0,1,0,0,0,1,0,0,0,2,178,1,4,1,5,0,49,5,27,17,27,6,2,0,0,153,1,8
/mnt/c/Users/User/Downloads/maven-android-plugin/maven-android-plugin/src/main/java/com/jayway/maven/plugins/android/Sdk.java,com.jayway.maven.plugins.android.Sdk,class,0,1,1,0,2,1,0,0,1,0.5,0.0,0.0,2,0,2,0,0,0,2,0,0,0,2,0,0,2,0,0,0,0,0,10,2,0,0,0,0,0,0,0,0,2,0,0,0,0,51,1,0
/mnt/c/Users/User/Downloads/maven-android-plugin/maven-android-plugin/src/main/java/com/jayway/maven/plugins/android/standalonemojos/UndeployMojo.java,com.jayway.maven.plugins.android.standalonemojos.UndeployMojo,class,1,1,0,1,6,3,0,4,0,0.0,0.0,0.0,2,0,2,0,0,0,2,0,0,0,2,0,0,2,0,0,0,0,0,22,0,0,2,0,0,2,0,3,0,3,2,0,0,0,45,1,0
/mnt/c/Users/User/Downloads/maven-android-plugin/maven-android-plugin/src/main/java/com/jayway/maven/plugins/android/standalonemojos/InstrumentMojo.java,com.jayway.maven.plugins.android.standalonemojos.InstrumentMojo,class,1,1,0,1,1,5,0,1,0,0.0,NaN,NaN,1,0,1,0,0,0,1,0,0,0,0,0,0,0,0,0,0,0,0,5,0,0,0,0,0,0,0,0,0,0,0,0,0,0,13,1,0
/mnt/c/Users/User/Downloads/maven-android-plugin/maven-android-plugin/src/main/java/com/jayway/maven/plugins/android/standalonemojos/DeployDependenciesMojo.java,com.jayway.maven.plugins.android.standalonemojos.DeployDependenciesMojo,class,1,1,0,1,1,4,0,1,0,0.0,NaN,NaN,1,0,1,0,0,0,1,0,0,0,0,0,0,0,0,0,0,0,0,5,0,0,0,0,0,0,0,0,0,0,0,0,0,0,45,1,0
/mnt/c/Users/User/Downloads/maven-android-plugin/maven-android-plugin/src/main/java/com/jayway/maven/plugins/android/CommandExecutor.java,com.jayway.maven.plugins.android.CommandExecutor,interface,1,9,8,1,7,1,0,0,21,0.0,0.0,0.0,7,0,0,0,0,7,7,0,0,0,0,0,0,0,0,0,0,0,0,107,0,0,0,0,0,0,0,0,0,0,0,0,1,0,84,1,0
/mnt/c/Users/User/Downloads/maven-android-plugin/maven-android-plugin/src/main/java/com/jayway/maven/plugins/android/CommandExecutor.java,com.jayway.maven.plugins.android.CommandExecutor$Factory,innerclass,2,2,0,2,2,1,0,0,1,0.0,NaN,NaN,2,1,1,1,0,0,1,0,0,0,0,0,0,0,0,0,0,0,0,98,1,0,0,0,0,0,0,0,0,0,0,1,0,0,18,9,0
/mnt/c/Users/User/Downloads/maven-android-plugin/maven-android-plugin/src/main/java/com/jayway/maven/plugins/android/AndroidSdk.java,com.jayway.maven.plugins.android.AndroidSdk$Anonymous1,anonymous,0,0,0,0,1,1,0,1,0,0.0,NaN,NaN,0,0,0,0,0,0,1,0,0,0,0,0,0,0,0,0,0,0,0,16,0,0,0,0,0,12,0,0,0,0,0,0,0,0,1,-1,0
/mnt/c/Users/User/Downloads/maven-android-plugin/maven-android-plugin/src/main/java/com/jayway/maven/plugins/android/standalonemojos/AbstractInstrumentationMojo.java,com.jayway.maven.plugins.android.standalonemojos.AbstractInstrumentationMojo,class,6,8,2,6,9,4,2,19,0,0.0,NaN,NaN,1,0,0,0,1,0,1,0,0,0,2,0,0,2,0,0,0,0,1,48,0,0,3,1,0,16,0,6,2,6,2,0,0,0,50,1025,5
/mnt/c/Users/User/Downloads/maven-android-plugin/maven-android-plugin/src/main/java/com/jayway/maven/plugins/android/CommandExecutor.java,com.jayway.maven.plugins.android.CommandExecutor$Factory$1$ErrorStreamConsumer,innerclass,1,1,0,1,6,1,0,4,0,0.375,0.0,0.0,4,0,4,0,0,0,4,0,0,0,2,0,0,2,0,0,0,0,0,23,2,0,2,0,0,1,0,3,0,2,1,0,0,0,57,0,1
/mnt/c/Users/User/Downloads/maven-android-plugin/maven-android-plugin/src/main/java/com/jayway/maven/plugins/android/CommandExecutor.java,com.jayway.maven.plugins.android.CommandExecutor$Factory$1$StreamConsumerImpl,innerclass,2,2,0,2,4,1,0,3,0,0.33333334,0.0,0.0,3,0,3,0,0,0,3,0,0,0,2,0,0,2,0,0,0,0,0,16,1,0,1,0,0,0,0,2,0,2,1,0,0,0,22,0,0
/mnt/c/Users/User/Downloads/maven-android-plugin/maven-android-plugin/src/main/java/com/jayway/maven/plugins/android/AndroidSigner.java,com.jayway.maven.plugins.android.AndroidSigner$Debug,enum,0,0,0,0,0,1,0,0,0,0.0,-1.0,-1.0,0,0,0,0,0,0,0,0,0,0,0,0,0,0,0,0,0,0,0,1,0,0,0,0,0,0,0,0,0,0,0,0,0,0,6,1,0
/mnt/c/Users/User/Downloads/maven-android-plugin/maven-android-plugin/src/test/java/com/jayway/maven/plugins/android/SdkTestSupport.java,com.jayway.maven.plugins.android.SdkTestSupport,class,1,3,2,1,6,1,0,2,5,0.6666667,0.0,0.0,6,0,6,0,0,0,6,0,0,0,5,0,0,5,0,0,5,0,2,30,5,0,0,0,0,7,0,5,0,5,0,0,0,0,35,1,0
/mnt/c/Users/User/Downloads/maven-android-plugin/maven-android-plugin/src/test/java/com/jayway/maven/plugins/android/AndroidSdkTest.java,com.jayway.maven.plugins.android.AndroidSdkTest,class,5,5,0,5,15,1,0,11,0,0.06666667,0.0,0.0,15,0,15,0,0,0,15,0,0,0,1,0,0,1,0,0,0,0,1,60,0,0,0,0,0,25,0,13,7,13,0,0,0,0,49,1,0
/mnt/c/Users/User/Downloads/maven-android-plugin/maven-android-plugin/src/main/java/com/jayway/maven/plugins/android/AbstractIntegrationtestMojo.java,com.jayway.maven.plugins.android.AbstractIntegrationtestMojo,class,4,9,5,4,13,3,4,13,6,0.75,0.0,0.0,4,0,0,0,4,0,4,0,0,0,2,0,0,2,0,0,0,0,1,47,4,1,1,0,0,13,0,4,4,6,4,0,0,0,86,1025,3
/mnt/c/Users/User/Downloads/maven-android-plugin/maven-android-plugin/src/main/java/com/jayway/maven/plugins/android/phase11integrationtest/InternalIntegrationTestMojo.java,com.jayway.maven.plugins.android.phase11integrationtest.InternalIntegrationTestMojo,class,2,2,0,2,2,5,0,2,0,0.0,NaN,NaN,1,0,1,0,0,0,1,0,0,0,0,0,0,0,0,0,0,0,0,7,0,0,0,0,0,0,0,0,0,0,1,0,0,0,34,1,0
/mnt/c/Users/User/Downloads/maven-android-plugin/maven-android-plugin/src/test/java/com/jayway/maven/plugins/android/AbstractAndroidMojoTest.java,com.jayway.maven.plugins.android.AbstractAndroidMojoTest,class,4,4,0,4,6,3,0,11,0,0.0,0.0,0.0,6,0,6,0,0,0,6,0,0,0,1,0,0,0,1,0,0,0,0,44,0,0,0,0,0,10,0,17,0,17,0,0,1,0,40,1,0
/mnt/c/Users/User/Downloads/maven-android-plugin/maven-android-plugin/src/test/java/com/jayway/maven/plugins/android/asm/AndroidTestFinderTest.java,com.jayway.maven.plugins.android.asm.AndroidTestFinderTest,class,2,2,0,2,2,1,0,3,1,0.0,0.0,0.0,2,0,2,0,0,0,2,0,0,0,0,0,0,0,0,0,0,0,2,10,0,0,0,0,0,4,0,2,0,2,0,0,0,0,31,1,0
/mnt/c/Users/User/Downloads/maven-android-plugin/maven-android-plugin/src/main/java/com/jayway/maven/plugins/android/asm/DecendantFinder.java,com.jayway.maven.plugins.android.asm.DecendantFinder,class,6,8,2,6,14,1,0,4,58,0.7916666,0.0,0.0,12,0,11,1,0,0,11,0,0,0,2,0,0,2,0,0,2,0,0,39,4,1,0,0,0,0,0,2,0,2,2,0,0,0,67,0,0
/mnt/c/Users/User/Downloads/maven-android-plugin/maven-android-plugin/src/test/java/com/jayway/maven/plugins/android/asm/withouttests/NoTestClassB.java,com.jayway.maven.plugins.android.asm.withouttests.NoTestClassB,class,0,0,0,0,0,1,0,0,0,0.0,-1.0,-1.0,0,0,0,0,0,0,0,0,0,0,0,0,0,0,0,0,0,0,0,2,0,0,0,0,0,0,0,0,0,0,0,0,0,0,10,1,0
/mnt/c/Users/User/Downloads/maven-android-plugin/maven-android-plugin/src/main/java/com/jayway/maven/plugins/android/Sign.java,com.jayway.maven.plugins.android.Sign,class,0,1,1,0,1,1,0,0,0,0.0,NaN,NaN,1,0,1,0,0,0,1,0,0,0,1,0,0,1,0,0,0,0,0,6,1,0,0,0,0,0,0,0,0,1,0,0,0,0,46,1,0
/mnt/c/Users/User/Downloads/maven-android-plugin/maven-android-plugin/src/test/java/com/jayway/maven/plugins/android/asm/withouttests/NoTestClassA.java,com.jayway.maven.plugins.android.asm.withouttests.NoTestClassA,class,0,0,0,0,0,1,0,0,0,0.0,-1.0,-1.0,0,0,0,0,0,0,0,0,0,0,0,0,0,0,0,0,0,0,0,2,0,0,0,0,0,0,0,0,0,0,0,0,0,0,9,1,0
/mnt/c/Users/User/Downloads/maven-android-plugin/maven-android-plugin/src/main/java/com/jayway/maven/plugins/android/standalonemojos/DeployMojo.java,com.jayway.maven.plugins.android.standalonemojos.DeployMojo,class,1,1,0,1,2,4,0,2,0,0.0,NaN,NaN,1,0,1,0,0,0,1,0,0,0,1,0,0,1,0,0,0,0,0,11,0,0,1,0,0,0,0,0,0,1,1,0,0,0,48,1,0
/mnt/c/Users/User/Downloads/maven-android-plugin/maven-android-plugin/src/main/java/com/jayway/maven/plugins/android/AndroidSdk.java,com.jayway.maven.plugins.android.AndroidSdk$Layout,enum,0,0,0,0,0,1,0,0,0,0.0,-1.0,-1.0,0,0,0,0,0,0,0,0,0,0,0,0,0,0,0,0,0,0,0,1,0,0,0,0,0,0,0,0,0,0,0,0,0,0,10,1,0
/mnt/c/Users/User/Downloads/maven-android-plugin/maven-android-plugin/src/main/java/com/jayway/maven/plugins/android/ExecutionException.java,com.jayway.maven.plugins.android.ExecutionException,class,0,1,1,0,4,3,0,0,6,1.0,0.0,0.0,4,0,4,0,0,0,4,0,0,0,1,1,0,0,0,1,1,0,0,15,0,0,0,0,0,0,1,1,0,1,0,0,0,0,22,1,0
/mnt/c/Users/User/Downloads/maven-android-plugin/maven-android-plugin/src/main/java/com/jayway/maven/plugins/android/InvalidSdkException.java,com.jayway.maven.plugins.android.InvalidSdkException,class,0,2,2,0,1,4,0,0,0,0.0,NaN,NaN,1,0,1,0,0,0,1,0,0,0,0,0,0,0,0,0,0,0,0,5,0,0,0,0,0,0,0,0,0,0,0,0,0,0,11,1,0
/mnt/c/Users/User/Downloads/maven-android-plugin/maven-android-plugin/src/test/java/com/jayway/maven/plugins/android/AbstractAndroidMojoTest.java,com.jayway.maven.plugins.android.AbstractAndroidMojoTest$MyAbstractAndroidMojo,innerclass,3,3,0,3,2,3,0,1,1,0.0,0.0,0.0,2,0,1,0,1,0,2,0,0,0,0,0,0,0,0,0,0,0,0,7,1,0,0,0,0,0,0,0,0,0,0,0,0,0,11,2,0
/mnt/c/Users/User/Downloads/maven-android-plugin/maven-android-plugin/src/main/java/com/jayway/maven/plugins/android/phase01generatesources/GenerateSourcesMojo.java,com.jayway.maven.plugins.android.phase01generatesources.GenerateSourcesMojo$Anonymous2,anonymous,2,2,0,2,1,1,0,0,0,0.0,NaN,NaN,1,0,0,0,1,0,1,0,0,0,0,0,0,0,0,0,0,0,0,5,1,0,0,0,0,1,0,0,0,0,0,0,0,0,3,-1,0
/mnt/c/Users/User/Downloads/maven-android-plugin/maven-android-plugin/src/main/java/com/jayway/maven/plugins/android/CommandExecutor.java,com.jayway.maven.plugins.android.CommandExecutor$Factory$Anonymous1,anonymous,5,5,0,5,15,1,0,15,13,0.71428573,0.0,0.0,7,0,7,0,0,0,7,0,0,0,4,0,0,4,0,0,0,0,0,91,3,0,4,1,1,8,1,6,4,5,2,0,2,0,41,-1,1
/mnt/c/Users/User/Downloads/maven-android-plugin/maven-android-plugin/src/main/java/com/jayway/maven/plugins/android/AndroidSdk.java,com.jayway.maven.plugins.android.AndroidSdk,class,4,13,9,4,22,1,0,9,0,0.42857143,0.0,0.0,7,0,6,1,0,0,6,0,0,0,4,2,0,4,0,0,4,0,1,97,12,0,9,0,0,22,1,9,14,9,2,1,1,0,90,1,0
/mnt/c/Users/User/Downloads/maven-android-plugin/maven-android-plugin/src/main/java/com/jayway/maven/plugins/android/asm/AndroidTestFinder.java,com.jayway.maven.plugins.android.asm.AndroidTestFinder$Anonymous1,anonymous,0,0,0,0,4,1,0,1,6,0.0,0.0,0.0,4,0,4,0,0,0,4,0,0,0,0,0,0,0,0,0,0,0,0,11,0,0,0,0,0,0,0,0,0,0,0,0,0,0,10,-1,0
/mnt/c/Users/User/Downloads/maven-android-plugin/maven-android-plugin/src/main/java/com/jayway/maven/plugins/android/phase01generatesources/GenerateSourcesMojo.java,com.jayway.maven.plugins.android.phase01generatesources.GenerateSourcesMojo$Anonymous1,anonymous,0,0,0,0,1,1,0,2,0,0.0,NaN,NaN,0,0,0,0,0,0,1,0,0,0,0,0,0,0,0,0,0,0,2,6,0,0,0,0,0,0,0,0,0,0,0,0,0,0,7,-1,0
/mnt/c/Users/User/Downloads/maven-android-plugin/maven-android-plugin/src/main/java/com/jayway/maven/plugins/android/standalonemojos/PullMojo.java,com.jayway.maven.plugins.android.standalonemojos.PullMojo,class,4,4,0,4,5,2,0,10,0,0.0,NaN,NaN,1,0,1,0,0,0,1,0,0,0,3,0,0,2,1,0,0,0,1,32,0,0,0,1,0,9,0,2,1,5,2,0,0,0,45,1,1
