file,class,type,cbo,cboModified,fanin,fanout,wmc,dit,noc,rfc,lcom,lcom*,tcc,lcc,totalMethodsQty,staticMethodsQty,publicMethodsQty,privateMethodsQty,protectedMethodsQty,defaultMethodsQty,visibleMethodsQty,abstractMethodsQty,finalMethodsQty,synchronizedMethodsQty,totalFieldsQty,staticFieldsQty,publicFieldsQty,privateFieldsQty,protectedFieldsQty,defaultFieldsQty,finalFieldsQty,synchronizedFieldsQty,nosi,loc,returnQty,loopQty,comparisonsQty,tryCatchQty,parenthesizedExpsQty,stringLiteralsQty,numbersQty,assignmentsQty,mathOperationsQty,variablesQty,maxNestedBlocksQty,anonymousClassesQty,innerClassesQty,lambdasQty,uniqueWordsQty,modifiers,logStatementsQty
C:\Users\Susmi\Desktop\4-1\TermPaperTool\ta4j\ta4j\ta4j\src\main\java\eu\verdelhan\ta4j\indicators\bollinger\BollingerBandWidthIndicator.java,eu.verdelhan.ta4j.indicators.bollinger.BollingerBandWidthIndicator,class,6,7,1,6,2,3,0,5,0,0.0,0.0,0.0,2,0,1,0,1,0,2,0,0,0,3,0,0,3,0,0,3,0,0,14,1,0,0,0,0,0,0,3,0,3,0,0,0,0,15,1,0
C:\Users\Susmi\Desktop\4-1\TermPaperTool\ta4j\ta4j\ta4j\src\test\java\eu\verdelhan\ta4j\indicators\candles\ThreeWhiteSoldiersIndicatorTest.java,eu.verdelhan.ta4j.indicators.candles.ThreeWhiteSoldiersIndicatorTest,class,9,9,0,9,2,1,0,5,0,0.0,0.0,0.0,2,0,2,0,0,0,2,0,0,0,1,0,0,1,0,0,0,0,1,26,0,0,0,0,0,1,41,3,0,3,0,0,0,0,19,1,0
C:\Users\Susmi\Desktop\4-1\TermPaperTool\ta4j\ta4j\ta4j\src\test\java\eu\verdelhan\ta4j\indicators\statistics\CovarianceIndicatorTest.java,eu.verdelhan.ta4j.indicators.statistics.CovarianceIndicatorTest,class,12,12,0,12,4,1,0,4,0,0.25,0.0,0.0,4,0,4,0,0,0,4,0,0,0,2,0,0,2,0,0,0,0,23,62,0,0,0,0,0,0,90,7,0,7,0,0,0,0,33,1,0
C:\Users\Susmi\Desktop\4-1\TermPaperTool\ta4j\ta4j\ta4j\src\main\java\eu\verdelhan\ta4j\indicators\StochasticOscillatorKIndicator.java,eu.verdelhan.ta4j.indicators.StochasticOscillatorKIndicator,class,9,13,4,9,4,3,0,7,0,0.375,0.0,0.0,4,0,3,0,1,0,4,0,0,0,4,0,0,4,0,0,2,0,0,26,2,0,0,0,0,1,0,8,1,8,0,0,0,0,40,1,0
C:\Users\Susmi\Desktop\4-1\TermPaperTool\ta4j\ta4j\ta4j\src\test\java\eu\verdelhan\ta4j\indicators\StochasticOscillatorKIndicatorTest.java,eu.verdelhan.ta4j.indicators.StochasticOscillatorKIndicatorTest,class,8,8,0,8,2,1,0,3,0,0.0,0.0,0.0,2,0,2,0,0,0,2,0,0,0,1,0,0,1,0,0,0,0,3,27,0,0,0,0,0,0,65,3,2,3,0,0,0,0,20,1,0
C:\Users\Susmi\Desktop\4-1\TermPaperTool\ta4j\ta4j\ta4j-examples\src\main\java\ta4jexamples\indicators\CandlestickChart.java,ta4jexamples.indicators.CandlestickChart,class,20,21,1,20,6,1,0,36,6,0.0,NaN,NaN,4,4,1,3,0,0,1,0,0,0,0,0,0,0,0,0,0,0,4,66,2,2,0,0,0,6,8,32,2,26,1,0,0,0,84,1,0
C:\Users\Susmi\Desktop\4-1\TermPaperTool\ta4j\ta4j\ta4j-examples\src\main\java\ta4jexamples\indicators\IndicatorsToChart.java,ta4jexamples.indicators.IndicatorsToChart,class,21,22,1,21,4,1,0,23,3,0.0,NaN,NaN,3,3,1,2,0,0,1,0,0,0,0,0,0,0,0,0,0,0,6,39,1,1,0,0,0,8,5,16,0,16,1,0,0,0,85,1,0
C:\Users\Susmi\Desktop\4-1\TermPaperTool\ta4j\ta4j\ta4j\src\main\java\eu\verdelhan\ta4j\Indicator.java,eu.verdelhan.ta4j.Indicator,interface,2,85,83,2,2,1,0,0,1,0.0,0.0,0.0,2,0,0,0,0,2,2,0,0,0,0,0,0,0,0,0,0,0,0,4,0,0,0,0,0,0,0,0,0,0,0,0,0,0,24,1,0
C:\Users\Susmi\Desktop\4-1\TermPaperTool\ta4j\ta4j\ta4j\src\main\java\eu\verdelhan\ta4j\indicators\helpers\MinPriceIndicator.java,eu.verdelhan.ta4j.indicators.helpers.MinPriceIndicator,class,4,17,13,4,2,3,0,2,0,0.0,0.0,0.0,2,0,1,0,1,0,2,0,0,0,1,0,0,1,0,0,0,0,0,10,1,0,0,0,0,0,0,1,0,1,0,0,0,0,11,1,0
C:\Users\Susmi\Desktop\4-1\TermPaperTool\ta4j\ta4j\ta4j\src\main\java\eu\verdelhan\ta4j\indicators\helpers\AbsoluteIndicator.java,eu.verdelhan.ta4j.indicators.helpers.AbsoluteIndicator,class,3,5,2,3,2,3,0,2,0,0.0,0.0,0.0,2,0,1,0,1,0,2,0,0,0,1,0,0,1,0,0,0,0,0,10,1,0,0,0,0,0,0,1,0,1,0,0,0,0,6,1,0
C:\Users\Susmi\Desktop\4-1\TermPaperTool\ta4j\ta4j\ta4j\src\main\java\eu\verdelhan\ta4j\indicators\TrailingStopLossIndicator.java,eu.verdelhan.ta4j.indicators.TrailingStopLossIndicator,class,3,4,1,3,5,3,0,5,0,0.11111111,0.0,0.0,3,0,2,0,1,0,3,0,0,0,3,0,0,3,0,0,2,0,0,25,1,0,0,0,0,0,1,7,0,5,1,0,0,0,91,1,0
C:\Users\Susmi\Desktop\4-1\TermPaperTool\ta4j\ta4j\ta4j\src\main\java\eu\verdelhan\ta4j\indicators\candles\ThreeBlackCrowsIndicator.java,eu.verdelhan.ta4j.indicators.candles.ThreeBlackCrowsIndicator,class,7,9,2,7,8,3,0,13,0,0.52,0.0,0.0,5,0,1,3,1,0,2,0,0,0,5,0,0,5,0,0,4,0,0,48,7,0,0,0,0,0,7,16,5,15,2,0,0,0,60,1,0
C:\Users\Susmi\Desktop\4-1\TermPaperTool\ta4j\ta4j\ta4j\src\main\java\eu\verdelhan\ta4j\indicators\helpers\TradeCountIndicator.java,eu.verdelhan.ta4j.indicators.helpers.TradeCountIndicator,class,3,4,1,3,2,3,0,2,0,0.0,0.0,0.0,2,0,1,0,1,0,2,0,0,0,1,0,0,1,0,0,0,0,0,10,1,0,0,0,0,0,0,1,0,1,0,0,0,0,10,1,0
C:\Users\Susmi\Desktop\4-1\TermPaperTool\ta4j\ta4j\ta4j\src\main\java\eu\verdelhan\ta4j\indicators\RandomWalkIndexLowIndicator.java,eu.verdelhan.ta4j.indicators.RandomWalkIndexLowIndicator,class,7,8,1,7,2,3,0,8,0,0.0,0.0,0.0,2,0,1,0,1,0,2,0,0,0,5,0,0,5,0,0,5,0,2,18,1,0,0,0,0,0,1,5,1,5,0,0,0,0,27,1,0
C:\Users\Susmi\Desktop\4-1\TermPaperTool\ta4j\ta4j\ta4j\src\main\java\eu\verdelhan\ta4j\indicators\CMOIndicator.java,eu.verdelhan.ta4j.indicators.CMOIndicator,class,5,6,1,5,2,3,0,5,0,0.0,0.0,0.0,2,0,1,0,1,0,2,0,0,0,2,0,0,2,0,0,2,0,0,14,1,0,0,0,0,0,0,4,0,4,0,0,0,0,31,1,0
C:\Users\Susmi\Desktop\4-1\TermPaperTool\ta4j\ta4j\ta4j\src\main\java\eu\verdelhan\ta4j\indicators\statistics\SimpleLinearRegressionIndicator.java,eu.verdelhan.ta4j.indicators.statistics.SimpleLinearRegressionIndicator,class,4,6,2,4,6,3,0,8,0,0.33333334,0.0,0.0,3,0,1,1,1,0,2,0,0,0,4,0,0,4,0,0,0,0,5,41,2,2,0,0,0,0,5,21,6,17,1,0,0,0,45,1,0
C:\Users\Susmi\Desktop\4-1\TermPaperTool\ta4j\ta4j\ta4j\src\main\java\eu\verdelhan\ta4j\indicators\volume\NVIIndicator.java,eu.verdelhan.ta4j.indicators.volume.NVIIndicator,class,4,5,1,4,4,4,0,9,0,0.0,0.0,0.0,2,0,1,0,1,0,2,0,0,0,1,0,0,1,0,0,1,0,0,22,3,0,1,0,0,0,3,7,2,7,1,0,0,0,30,1,0
C:\Users\Susmi\Desktop\4-1\TermPaperTool\ta4j\ta4j\ta4j\src\test\java\eu\verdelhan\ta4j\indicators\helpers\MedianPriceIndicatorTest.java,eu.verdelhan.ta4j.indicators.helpers.MedianPriceIndicatorTest,class,9,9,0,9,3,1,0,8,0,0.0,0.0,0.0,2,0,2,0,0,0,2,0,0,0,2,0,0,1,0,1,0,0,0,26,0,1,0,0,0,0,42,5,0,5,1,0,0,0,22,1,0
C:\Users\Susmi\Desktop\4-1\TermPaperTool\ta4j\ta4j\ta4j\src\test\java\eu\verdelhan\ta4j\analysis\criteria\VersusBuyAndHoldCriterionTest.java,eu.verdelhan.ta4j.analysis.criteria.VersusBuyAndHoldCriterionTest,class,10,10,0,10,7,1,0,9,21,0.0,0.0,0.0,7,0,7,0,0,0,7,0,0,0,0,0,0,0,0,0,0,0,20,42,0,0,0,0,2,0,82,18,16,18,0,0,0,0,42,1,0
C:\Users\Susmi\Desktop\4-1\TermPaperTool\ta4j\ta4j\ta4j\src\main\java\eu\verdelhan\ta4j\analysis\criteria\BuyAndHoldCriterion.java,eu.verdelhan.ta4j.analysis.criteria.BuyAndHoldCriterion,class,7,10,3,7,5,2,0,10,3,0.0,0.0,0.0,3,0,3,0,0,0,3,0,0,0,0,0,0,0,0,0,0,0,0,18,4,0,0,0,0,0,0,2,0,2,1,0,0,0,27,1,0
C:\Users\Susmi\Desktop\4-1\TermPaperTool\ta4j\ta4j\ta4j\src\main\java\eu\verdelhan\ta4j\indicators\bollinger\PercentBIndicator.java,eu.verdelhan.ta4j.indicators.bollinger.PercentBIndicator,class,8,9,1,8,2,3,0,4,0,0.125,0.0,0.0,2,0,1,0,1,0,2,0,0,0,4,0,0,4,0,0,4,0,0,21,1,0,0,0,0,0,0,8,0,8,0,0,0,0,37,1,0
C:\Users\Susmi\Desktop\4-1\TermPaperTool\ta4j\ta4j\ta4j\src\test\java\eu\verdelhan\ta4j\TATestsUtils.java,eu.verdelhan.ta4j.TATestsUtils,class,1,88,87,1,4,1,0,5,6,0.75,0.0,0.0,4,4,4,0,0,0,4,0,0,0,1,1,1,0,0,0,1,0,3,15,0,0,0,0,0,0,1,1,0,1,0,0,0,0,39,1,0
C:\Users\Susmi\Desktop\4-1\TermPaperTool\ta4j\ta4j\ta4j\src\test\java\eu\verdelhan\ta4j\trading\rules\OverIndicatorRuleTest.java,eu.verdelhan.ta4j.trading.rules.OverIndicatorRuleTest,class,7,7,0,7,2,1,0,4,0,0.25,0.0,0.0,2,0,2,0,0,0,2,0,0,0,2,0,0,2,0,0,0,0,1,18,0,0,0,0,0,0,17,2,0,2,0,0,0,0,15,1,0
C:\Users\Susmi\Desktop\4-1\TermPaperTool\ta4j\ta4j\ta4j\src\main\java\eu\verdelhan\ta4j\indicators\helpers\AmountIndicator.java,eu.verdelhan.ta4j.indicators.helpers.AmountIndicator,class,4,5,1,4,2,3,0,2,0,0.0,0.0,0.0,2,0,1,0,1,0,2,0,0,0,1,0,0,1,0,0,0,0,0,10,1,0,0,0,0,0,0,1,0,1,0,0,0,0,8,1,0
C:\Users\Susmi\Desktop\4-1\TermPaperTool\ta4j\ta4j\ta4j\src\test\java\eu\verdelhan\ta4j\indicators\helpers\DirectionalMovementUpIndicatorTest.java,eu.verdelhan.ta4j.indicators.helpers.DirectionalMovementUpIndicatorTest,class,7,7,0,7,4,1,0,3,6,0.0,0.0,0.0,4,0,4,0,0,0,4,0,0,0,0,0,0,0,0,0,0,0,4,42,0,0,0,0,0,0,40,20,0,20,0,0,0,0,21,1,0
C:\Users\Susmi\Desktop\4-1\TermPaperTool\ta4j\ta4j\ta4j\src\main\java\eu\verdelhan\ta4j\indicators\WMAIndicator.java,eu.verdelhan.ta4j.indicators.WMAIndicator,class,3,6,3,3,7,3,0,8,0,0.16666667,0.0,0.0,3,0,2,0,1,0,3,0,0,0,2,0,0,2,0,0,0,0,5,30,4,2,1,0,5,1,12,8,10,6,2,0,0,0,16,1,0
C:\Users\Susmi\Desktop\4-1\TermPaperTool\ta4j\ta4j\ta4j\src\test\java\eu\verdelhan\ta4j\indicators\DPOIndicatorTest.java,eu.verdelhan.ta4j.indicators.DPOIndicatorTest,class,7,7,0,7,3,1,0,2,0,0.0,0.0,0.0,3,0,3,0,0,0,3,0,0,0,1,0,0,1,0,0,0,0,15,28,0,0,0,0,0,0,63,3,0,3,0,0,0,0,19,1,0
C:\Users\Susmi\Desktop\4-1\TermPaperTool\ta4j\ta4j\ta4j\src\main\java\eu\verdelhan\ta4j\indicators\DoubleEMAIndicator.java,eu.verdelhan.ta4j.indicators.DoubleEMAIndicator,class,5,6,1,5,2,3,0,3,0,0.0,0.0,0.0,2,0,1,0,1,0,2,0,0,0,2,0,0,2,0,0,2,0,0,13,1,0,0,0,0,0,0,3,0,3,0,0,0,0,17,1,0
C:\Users\Susmi\Desktop\4-1\TermPaperTool\ta4j\ta4j\ta4j\src\test\java\eu\verdelhan\ta4j\analysis\CashFlowTest.java,eu.verdelhan.ta4j.analysis.CashFlowTest,class,9,9,0,9,11,1,0,9,55,0.0,0.0,0.0,11,0,11,0,0,0,11,0,0,0,0,0,0,0,0,0,0,0,96,120,0,0,0,0,0,13,245,35,32,33,0,0,0,0,42,1,0
C:\Users\Susmi\Desktop\4-1\TermPaperTool\ta4j\ta4j\ta4j\src\test\java\eu\verdelhan\ta4j\indicators\FisherIndicatorTest.java,eu.verdelhan.ta4j.indicators.FisherIndicatorTest,class,9,9,0,9,2,1,0,3,0,0.0,0.0,0.0,2,0,2,0,0,0,2,0,0,0,1,0,0,0,1,0,0,0,9,39,0,0,0,0,0,0,98,3,0,3,0,0,0,0,15,1,0
C:\Users\Susmi\Desktop\4-1\TermPaperTool\ta4j\ta4j\ta4j\src\main\java\eu\verdelhan\ta4j\indicators\ZLEMAIndicator.java,eu.verdelhan.ta4j.indicators.ZLEMAIndicator,class,5,7,2,5,4,4,0,8,0,0.0,0.0,0.0,2,0,1,0,1,0,2,0,0,0,4,0,0,4,0,0,4,0,1,23,3,0,1,0,1,0,7,5,6,5,1,0,0,0,24,1,0
C:\Users\Susmi\Desktop\4-1\TermPaperTool\ta4j\ta4j\ta4j\src\main\java\eu\verdelhan\ta4j\trading\rules\FixedRule.java,eu.verdelhan.ta4j.trading.rules.FixedRule,class,3,7,4,3,4,2,0,2,0,0.0,0.0,0.0,2,0,2,0,0,0,2,0,0,0,1,0,0,1,0,0,1,0,1,17,1,1,1,0,0,0,1,4,0,3,2,0,0,0,22,1,0
C:\Users\Susmi\Desktop\4-1\TermPaperTool\ta4j\ta4j\ta4j\src\test\java\eu\verdelhan\ta4j\analysis\criteria\NumberOfTradesCriterionTest.java,eu.verdelhan.ta4j.analysis.criteria.NumberOfTradesCriterionTest,class,7,7,0,7,4,1,0,8,6,0.0,0.0,0.0,4,0,4,0,0,0,4,0,0,0,0,0,0,0,0,0,0,0,4,23,0,0,0,0,0,0,23,8,0,8,0,0,0,0,31,1,0
C:\Users\Susmi\Desktop\4-1\TermPaperTool\ta4j\ta4j\ta4j\src\main\java\eu\verdelhan\ta4j\indicators\AverageDirectionalMovementIndicator.java,eu.verdelhan.ta4j.indicators.AverageDirectionalMovementIndicator,class,5,6,1,5,3,4,0,6,0,0.0,0.0,0.0,2,0,1,0,1,0,2,0,0,0,2,0,0,2,0,0,2,0,2,17,2,0,1,0,0,0,3,4,2,4,1,0,0,0,21,1,0
C:\Users\Susmi\Desktop\4-1\TermPaperTool\ta4j\ta4j\ta4j\src\main\java\eu\verdelhan\ta4j\trading\rules\BooleanRule.java,eu.verdelhan.ta4j.trading.rules.BooleanRule,class,3,9,6,3,2,2,0,1,0,0.6666667,0.0,0.0,2,0,2,0,0,0,2,0,0,0,3,2,2,1,0,0,2,0,0,12,1,0,0,0,0,0,0,3,0,3,0,0,0,0,35,1,0
C:\Users\Susmi\Desktop\4-1\TermPaperTool\ta4j\ta4j\ta4j\src\test\java\eu\verdelhan\ta4j\indicators\helpers\AverageGainIndicatorTest.java,eu.verdelhan.ta4j.indicators.helpers.AverageGainIndicatorTest,class,8,8,0,8,5,1,0,5,0,0.0,0.0,0.0,5,0,5,0,0,0,5,0,0,0,1,0,0,1,0,0,0,0,11,29,0,0,0,0,0,8,31,5,1,5,0,0,0,0,34,1,0
C:\Users\Susmi\Desktop\4-1\TermPaperTool\ta4j\ta4j\ta4j\src\main\java\eu\verdelhan\ta4j\indicators\helpers\CloseLocationValueIndicator.java,eu.verdelhan.ta4j.indicators.helpers.CloseLocationValueIndicator,class,4,7,3,4,2,3,0,6,0,0.0,0.0,0.0,2,0,1,0,1,0,2,0,0,0,1,0,0,1,0,0,0,0,0,11,1,0,0,0,2,0,0,2,0,2,0,0,0,0,17,1,0
C:\Users\Susmi\Desktop\4-1\TermPaperTool\ta4j\ta4j\ta4j\src\test\java\eu\verdelhan\ta4j\trading\rules\UnderIndicatorRuleTest.java,eu.verdelhan.ta4j.trading.rules.UnderIndicatorRuleTest,class,7,7,0,7,2,1,0,4,0,0.25,0.0,0.0,2,0,2,0,0,0,2,0,0,0,2,0,0,2,0,0,0,0,1,18,0,0,0,0,0,0,17,2,0,2,0,0,0,0,15,1,0
C:\Users\Susmi\Desktop\4-1\TermPaperTool\ta4j\ta4j\ta4j\src\main\java\eu\verdelhan\ta4j\indicators\helpers\CumulatedGainsIndicator.java,eu.verdelhan.ta4j.indicators.helpers.CumulatedGainsIndicator,class,3,6,3,3,4,3,0,5,0,0.0,0.0,0.0,2,0,1,0,1,0,2,0,0,0,2,0,0,2,0,0,2,0,1,18,1,1,0,0,0,0,4,5,4,4,2,0,0,0,13,1,0
C:\Users\Susmi\Desktop\4-1\TermPaperTool\ta4j\ta4j\ta4j\src\main\java\eu\verdelhan\ta4j\indicators\helpers\CumulatedLossesIndicator.java,eu.verdelhan.ta4j.indicators.helpers.CumulatedLossesIndicator,class,3,6,3,3,4,3,0,5,0,0.0,0.0,0.0,2,0,1,0,1,0,2,0,0,0,2,0,0,2,0,0,2,0,1,18,1,1,0,0,0,0,4,5,4,4,2,0,0,0,13,1,0
C:\Users\Susmi\Desktop\4-1\TermPaperTool\ta4j\ta4j\ta4j\src\main\java\eu\verdelhan\ta4j\trading\rules\JustOnceRule.java,eu.verdelhan.ta4j.trading.rules.JustOnceRule,class,2,3,1,2,2,2,0,1,0,0.0,NaN,NaN,1,0,1,0,0,0,1,0,0,0,1,0,0,1,0,0,0,0,0,12,2,0,0,0,0,0,0,2,0,1,1,0,0,0,23,1,0
C:\Users\Susmi\Desktop\4-1\TermPaperTool\ta4j\ta4j\ta4j\src\main\java\eu\verdelhan\ta4j\indicators\ichimoku\IchimokuSenkouSpanAIndicator.java,eu.verdelhan.ta4j.indicators.ichimoku.IchimokuSenkouSpanAIndicator,class,5,6,1,5,4,3,0,3,4,0.5,0.0,0.0,4,0,3,0,1,0,4,0,0,0,2,0,0,2,0,0,2,0,0,18,1,0,0,0,0,0,0,2,0,2,0,0,0,0,30,1,0
C:\Users\Susmi\Desktop\4-1\TermPaperTool\ta4j\ta4j\ta4j\src\test\java\eu\verdelhan\ta4j\indicators\helpers\DirectionalUpIndicatorTest.java,eu.verdelhan.ta4j.indicators.helpers.DirectionalUpIndicatorTest,class,7,7,0,7,1,1,0,4,0,0.0,NaN,NaN,1,0,1,0,0,0,1,0,0,0,0,0,0,0,0,0,0,0,5,17,0,0,0,0,16,0,84,3,53,3,0,0,0,0,22,1,0
C:\Users\Susmi\Desktop\4-1\TermPaperTool\ta4j\ta4j\ta4j\src\main\java\eu\verdelhan\ta4j\indicators\statistics\PeriodicalGrowthRateIndicator.java,eu.verdelhan.ta4j.indicators.statistics.PeriodicalGrowthRateIndicator,class,5,6,1,5,8,3,0,13,0,0.16666667,0.0,0.0,3,0,2,0,1,0,3,0,0,0,2,0,0,2,0,0,2,0,4,38,2,1,2,0,9,0,7,20,11,17,2,0,0,0,134,1,0
C:\Users\Susmi\Desktop\4-1\TermPaperTool\ta4j\ta4j\ta4j\src\test\java\eu\verdelhan\ta4j\indicators\helpers\HighestValueIndicatorTest.java,eu.verdelhan.ta4j.indicators.helpers.HighestValueIndicatorTest,class,8,8,0,8,4,1,0,2,0,0.0,0.0,0.0,4,0,4,0,0,0,4,0,0,0,1,0,0,1,0,0,0,0,11,26,0,0,0,0,0,11,28,4,0,4,0,0,0,0,30,1,0
C:\Users\Susmi\Desktop\4-1\TermPaperTool\ta4j\ta4j\ta4j\src\test\java\eu\verdelhan\ta4j\indicators\keltner\KeltnerChannelMiddleIndicatorTest.java,eu.verdelhan.ta4j.indicators.keltner.KeltnerChannelMiddleIndicatorTest,class,10,10,0,10,2,1,0,3,0,0.0,0.0,0.0,2,0,2,0,0,0,2,0,0,0,1,0,0,1,0,0,0,0,17,61,0,0,0,0,0,0,171,3,0,3,0,0,0,0,20,1,0
C:\Users\Susmi\Desktop\4-1\TermPaperTool\ta4j\ta4j\ta4j\src\main\java\eu\verdelhan\ta4j\Tick.java,eu.verdelhan.ta4j.Tick,interface,2,114,112,2,23,1,0,10,153,0.0,0.0,0.0,18,0,0,0,0,18,18,0,0,0,0,0,0,0,0,0,0,0,4,38,5,0,5,0,4,0,0,4,0,4,0,0,0,0,81,1,0
C:\Users\Susmi\Desktop\4-1\TermPaperTool\ta4j\ta4j\ta4j\src\main\java\eu\verdelhan\ta4j\Trade.java,eu.verdelhan.ta4j.Trade,class,4,34,30,4,25,1,0,11,0,0.59615386,0.0,0.0,13,0,13,0,0,0,13,0,0,0,4,1,0,4,0,0,1,0,1,69,11,0,7,0,6,5,1,11,1,6,2,0,0,0,70,1,0
C:\Users\Susmi\Desktop\4-1\TermPaperTool\ta4j\ta4j\ta4j\src\test\java\eu\verdelhan\ta4j\indicators\candles\ThreeBlackCrowsIndicatorTest.java,eu.verdelhan.ta4j.indicators.candles.ThreeBlackCrowsIndicatorTest,class,9,9,0,9,2,1,0,5,0,0.0,0.0,0.0,2,0,2,0,0,0,2,0,0,0,1,0,0,1,0,0,0,0,1,26,0,0,0,0,0,1,41,3,0,3,0,0,0,0,19,1,0
C:\Users\Susmi\Desktop\4-1\TermPaperTool\ta4j\ta4j\ta4j\src\main\java\eu\verdelhan\ta4j\indicators\helpers\ClosePriceIndicator.java,eu.verdelhan.ta4j.indicators.helpers.ClosePriceIndicator,class,4,71,67,4,2,3,0,2,0,0.0,0.0,0.0,2,0,1,0,1,0,2,0,0,0,1,0,0,1,0,0,0,0,0,10,1,0,0,0,0,0,0,1,0,1,0,0,0,0,10,1,0
C:\Users\Susmi\Desktop\4-1\TermPaperTool\ta4j\ta4j\ta4j\src\main\java\eu\verdelhan\ta4j\TimeSeriesManager.java,eu.verdelhan.ta4j.TimeSeriesManager,class,8,23,15,8,15,1,0,17,25,0.7,0.0,0.0,10,0,10,0,0,0,10,0,0,0,2,0,0,2,0,0,1,0,3,51,7,2,0,0,0,1,2,9,2,8,3,0,0,0,55,1,1
C:\Users\Susmi\Desktop\4-1\TermPaperTool\ta4j\ta4j\ta4j\src\test\java\eu\verdelhan\ta4j\indicators\helpers\CumulatedGainsIndicatorTest.java,eu.verdelhan.ta4j.indicators.helpers.CumulatedGainsIndicatorTest,class,8,8,0,8,2,1,0,2,0,0.0,0.0,0.0,2,0,2,0,0,0,2,0,0,0,1,0,0,1,0,0,0,0,13,22,0,0,0,0,0,0,40,2,0,2,0,0,0,0,20,1,0
C:\Users\Susmi\Desktop\4-1\TermPaperTool\ta4j\ta4j\ta4j\src\main\java\eu\verdelhan\ta4j\analysis\criteria\AverageProfitableTradesCriterion.java,eu.verdelhan.ta4j.analysis.criteria.AverageProfitableTradesCriterion,class,7,10,3,7,9,2,0,10,3,0.0,0.0,0.0,3,0,3,0,0,0,3,0,0,0,0,0,0,0,0,0,0,0,0,35,3,1,0,0,2,0,3,9,1,7,2,0,0,0,32,1,0
C:\Users\Susmi\Desktop\4-1\TermPaperTool\ta4j\ta4j\ta4j\src\test\java\eu\verdelhan\ta4j\OrderTest.java,eu.verdelhan.ta4j.OrderTest,class,3,3,0,3,3,1,0,10,0,0.16666667,0.0,0.0,3,0,3,0,0,0,3,0,0,0,1,0,0,0,0,1,0,0,4,22,0,0,0,0,0,0,4,4,0,4,0,0,0,0,16,1,0
C:\Users\Susmi\Desktop\4-1\TermPaperTool\ta4j\ta4j\ta4j\src\test\java\eu\verdelhan\ta4j\indicators\statistics\SimpleLinearRegressionIndicatorTest.java,eu.verdelhan.ta4j.indicators.statistics.SimpleLinearRegressionIndicatorTest,class,12,13,1,12,7,1,0,8,3,0.5833333,0.0,0.0,6,1,5,1,0,0,5,0,0,0,2,0,0,2,0,0,0,0,11,56,1,1,0,0,0,0,65,16,0,12,1,0,0,0,43,1,0
C:\Users\Susmi\Desktop\4-1\TermPaperTool\ta4j\ta4j\ta4j\src\main\java\eu\verdelhan\ta4j\indicators\candles\LowerShadowIndicator.java,eu.verdelhan.ta4j.indicators.candles.LowerShadowIndicator,class,4,6,2,4,3,3,0,6,0,0.0,0.0,0.0,2,0,1,0,1,0,2,0,0,0,1,0,0,1,0,0,1,0,0,18,2,0,0,0,0,0,0,4,0,4,1,0,0,0,30,1,0
C:\Users\Susmi\Desktop\4-1\TermPaperTool\ta4j\ta4j\ta4j\src\test\java\eu\verdelhan\ta4j\indicators\volume\NVIIndicatorTest.java,eu.verdelhan.ta4j.indicators.volume.NVIIndicatorTest,class,8,8,0,8,1,1,0,4,0,0.0,NaN,NaN,1,0,1,0,0,0,1,0,0,0,0,0,0,0,0,0,0,0,10,27,0,0,0,0,0,0,40,3,0,3,0,0,0,0,17,1,0
C:\Users\Susmi\Desktop\4-1\TermPaperTool\ta4j\ta4j\ta4j\src\main\java\eu\verdelhan\ta4j\indicators\candles\BearishHaramiIndicator.java,eu.verdelhan.ta4j.indicators.candles.BearishHaramiIndicator,class,4,5,1,4,5,3,0,7,0,0.0,0.0,0.0,2,0,1,0,1,0,2,0,0,0,1,0,0,1,0,0,1,0,0,22,3,0,0,0,0,0,2,7,1,7,1,0,0,0,22,1,0
C:\Users\Susmi\Desktop\4-1\TermPaperTool\ta4j\ta4j\ta4j\src\main\java\eu\verdelhan\ta4j\indicators\UlcerIndexIndicator.java,eu.verdelhan.ta4j.indicators.UlcerIndexIndicator,class,4,5,1,4,4,3,0,12,0,0.22222222,0.0,0.0,3,0,2,0,1,0,3,0,0,0,3,0,0,3,0,0,0,0,2,27,2,1,0,0,0,1,4,12,5,10,1,0,0,0,31,1,0
C:\Users\Susmi\Desktop\4-1\TermPaperTool\ta4j\ta4j\ta4j\src\test\java\eu\verdelhan\ta4j\analysis\criteria\BuyAndHoldCriterionTest.java,eu.verdelhan.ta4j.analysis.criteria.BuyAndHoldCriterionTest,class,7,7,0,7,5,1,0,8,10,0.0,0.0,0.0,5,0,5,0,0,0,5,0,0,0,0,0,0,0,0,0,0,0,10,30,0,0,0,0,0,0,39,12,1,12,0,0,0,0,32,1,0
C:\Users\Susmi\Desktop\4-1\TermPaperTool\ta4j\ta4j\ta4j\src\main\java\eu\verdelhan\ta4j\indicators\FisherIndicator.java,eu.verdelhan.ta4j.indicators.FisherIndicator,class,9,10,1,9,5,4,0,8,2,0.8,0.0,0.0,4,0,3,0,1,0,4,0,0,0,5,3,0,5,0,0,5,0,5,48,2,0,0,0,0,5,3,9,1,9,1,1,0,0,49,1,0
C:\Users\Susmi\Desktop\4-1\TermPaperTool\ta4j\ta4j\ta4j\src\main\java\eu\verdelhan\ta4j\indicators\EMAIndicator.java,eu.verdelhan.ta4j.indicators.EMAIndicator,class,5,16,11,5,4,4,0,8,0,0.0,0.0,0.0,2,0,1,0,1,0,2,0,0,0,3,0,0,3,0,0,3,0,1,21,3,0,1,0,0,0,5,4,3,4,1,0,0,0,22,1,0
C:\Users\Susmi\Desktop\4-1\TermPaperTool\ta4j\ta4j\ta4j\src\test\java\eu\verdelhan\ta4j\analysis\criteria\LinearTransactionCostCriterionTest.java,eu.verdelhan.ta4j.analysis.criteria.LinearTransactionCostCriterionTest,class,7,7,0,7,4,1,0,10,6,0.0,0.0,0.0,4,0,4,0,0,0,4,0,0,0,0,0,0,0,0,0,0,0,4,41,0,0,0,0,0,0,56,10,0,10,0,0,0,0,27,1,0
C:\Users\Susmi\Desktop\4-1\TermPaperTool\ta4j\ta4j\ta4j\src\main\java\eu\verdelhan\ta4j\analysis\criteria\VersusBuyAndHoldCriterion.java,eu.verdelhan.ta4j.analysis.criteria.VersusBuyAndHoldCriterion,class,5,8,3,5,6,2,0,11,0,0.2,0.0,0.0,5,0,5,0,0,0,5,0,0,0,1,0,0,1,0,0,0,0,0,26,4,0,0,0,0,1,0,4,2,4,0,0,0,0,37,1,0
C:\Users\Susmi\Desktop\4-1\TermPaperTool\ta4j\ta4j\ta4j\src\main\java\eu\verdelhan\ta4j\analysis\criteria\AverageProfitCriterion.java,eu.verdelhan.ta4j.analysis.criteria.AverageProfitCriterion,class,7,11,4,7,6,2,0,3,1,0.33333334,0.0,0.0,3,0,3,0,0,0,3,0,0,0,2,0,0,2,0,0,0,0,2,21,5,0,2,0,0,0,6,4,2,4,1,0,0,0,30,1,0
C:\Users\Susmi\Desktop\4-1\TermPaperTool\ta4j\ta4j\ta4j\src\main\java\eu\verdelhan\ta4j\indicators\ChandelierExitLongIndicator.java,eu.verdelhan.ta4j.indicators.ChandelierExitLongIndicator,class,7,8,1,7,3,3,0,4,1,0.33333334,0.0,0.0,3,0,2,0,1,0,3,0,0,0,3,0,0,3,0,0,3,0,0,17,1,0,0,0,0,0,1,3,0,3,0,0,0,0,32,1,0
C:\Users\Susmi\Desktop\4-1\TermPaperTool\ta4j\ta4j\ta4j\src\main\java\eu\verdelhan\ta4j\AnalysisCriterion.java,eu.verdelhan.ta4j.AnalysisCriterion,interface,6,24,18,6,6,1,0,6,6,0.0,0.0,0.0,4,0,0,0,0,4,4,0,0,0,0,0,0,0,0,0,0,0,0,18,1,1,0,0,0,0,2,7,0,5,2,0,0,0,57,1,0
C:\Users\Susmi\Desktop\4-1\TermPaperTool\ta4j\ta4j\ta4j\src\test\java\eu\verdelhan\ta4j\indicators\ParabolicSarIndicatorTest.java,eu.verdelhan.ta4j.indicators.ParabolicSarIndicatorTest,class,7,7,0,7,4,1,0,4,6,0.0,0.0,0.0,4,0,4,0,0,0,4,0,0,0,0,0,0,0,0,0,0,0,21,61,0,0,0,0,4,0,140,9,12,9,0,0,0,0,20,1,0
C:\Users\Susmi\Desktop\4-1\TermPaperTool\ta4j\ta4j\ta4j\src\test\java\eu\verdelhan\ta4j\indicators\ichimoku\IchimokuIndicatorTest.java,eu.verdelhan.ta4j.indicators.ichimoku.IchimokuIndicatorTest,class,13,13,0,13,2,1,0,3,0,0.0,0.0,0.0,2,0,2,0,0,0,2,0,0,0,1,0,0,0,1,0,0,0,41,75,0,0,0,0,0,0,166,7,0,7,0,0,0,0,27,1,0
C:\Users\Susmi\Desktop\4-1\TermPaperTool\ta4j\ta4j\ta4j\src\test\java\eu\verdelhan\ta4j\indicators\ChandelierExitShortIndicatorTest.java,eu.verdelhan.ta4j.indicators.ChandelierExitShortIndicatorTest,class,8,8,0,8,2,1,0,3,0,0.0,0.0,0.0,2,0,2,0,0,0,2,0,0,0,1,0,0,1,0,0,0,0,10,35,0,0,0,0,0,0,81,3,0,3,0,0,0,0,22,1,0
C:\Users\Susmi\Desktop\4-1\TermPaperTool\ta4j\ta4j\ta4j-examples\src\main\java\ta4jexamples\strategies\GlobalExtremaStrategy.java,ta4jexamples.strategies.GlobalExtremaStrategy,class,18,20,2,18,3,1,0,7,1,0.5,0.0,0.0,2,2,2,0,0,0,2,0,0,0,1,1,0,1,0,0,1,0,4,26,1,0,1,0,0,5,3,14,3,14,1,0,0,0,73,1,0
C:\Users\Susmi\Desktop\4-1\TermPaperTool\ta4j\ta4j\ta4j\src\test\java\eu\verdelhan\ta4j\analysis\criteria\NumberOfTicksCriterionTest.java,eu.verdelhan.ta4j.analysis.criteria.NumberOfTicksCriterionTest,class,7,7,0,7,4,1,0,8,6,0.0,0.0,0.0,4,0,4,0,0,0,4,0,0,0,0,0,0,0,0,0,0,0,6,24,0,0,0,0,0,0,31,9,0,9,0,0,0,0,29,1,0
C:\Users\Susmi\Desktop\4-1\TermPaperTool\ta4j\ta4j\ta4j\src\main\java\eu\verdelhan\ta4j\indicators\ichimoku\IchimokuChikouSpanIndicator.java,eu.verdelhan.ta4j.indicators.ichimoku.IchimokuChikouSpanIndicator,class,4,5,1,4,3,3,0,2,1,0.33333334,0.0,0.0,3,0,2,0,1,0,3,0,0,0,2,0,0,2,0,0,2,0,1,15,1,0,0,0,0,0,2,2,1,2,0,0,0,0,22,1,0
C:\Users\Susmi\Desktop\4-1\TermPaperTool\ta4j\ta4j\ta4j\src\test\java\eu\verdelhan\ta4j\indicators\candles\BullishEngulfingIndicatorTest.java,eu.verdelhan.ta4j.indicators.candles.BullishEngulfingIndicatorTest,class,8,8,0,8,2,1,0,4,0,0.0,0.0,0.0,2,0,2,0,0,0,2,0,0,0,1,0,0,1,0,0,0,0,0,20,0,0,0,0,0,0,25,3,0,3,0,0,0,0,18,1,0
C:\Users\Susmi\Desktop\4-1\TermPaperTool\ta4j\ta4j\ta4j\src\main\java\eu\verdelhan\ta4j\trading\rules\OverIndicatorRule.java,eu.verdelhan.ta4j.trading.rules.OverIndicatorRule,class,5,12,7,5,3,2,0,3,1,0.33333334,0.0,0.0,3,0,3,0,0,0,3,0,0,0,2,0,0,2,0,0,0,0,0,16,1,0,0,0,0,0,0,3,0,3,0,0,0,0,28,1,0
C:\Users\Susmi\Desktop\4-1\TermPaperTool\ta4j\ta4j\ta4j\src\test\java\eu\verdelhan\ta4j\indicators\helpers\MinPriceIndicatorTest.java,eu.verdelhan.ta4j.indicators.helpers.MinPriceIndicatorTest,class,7,7,0,7,3,1,0,4,0,0.0,0.0,0.0,2,0,2,0,0,0,2,0,0,0,2,0,0,1,0,1,0,0,0,13,0,1,0,0,0,0,2,3,0,3,1,0,0,0,18,1,0
C:\Users\Susmi\Desktop\4-1\TermPaperTool\ta4j\ta4j\ta4j\src\test\java\eu\verdelhan\ta4j\indicators\TrailingStopLossIndicatorTest.java,eu.verdelhan.ta4j.indicators.TrailingStopLossIndicatorTest,class,9,9,0,9,3,1,0,3,0,0.0,0.0,0.0,3,0,3,0,0,0,3,0,0,0,1,0,0,1,0,0,0,0,20,31,0,0,0,0,0,0,57,5,0,5,0,0,0,0,23,1,0
C:\Users\Susmi\Desktop\4-1\TermPaperTool\ta4j\ta4j\ta4j\src\main\java\eu\verdelhan\ta4j\indicators\ichimoku\IchimokuTenkanSenIndicator.java,eu.verdelhan.ta4j.indicators.ichimoku.IchimokuTenkanSenIndicator,class,2,4,2,2,2,4,0,0,1,0.0,0.0,0.0,2,0,2,0,0,0,2,0,0,0,0,0,0,0,0,0,0,0,0,8,0,0,0,0,0,0,1,0,0,0,0,0,0,0,19,1,0
C:\Users\Susmi\Desktop\4-1\TermPaperTool\ta4j\ta4j\ta4j\src\main\java\eu\verdelhan\ta4j\indicators\DirectionalMovementIndicator.java,eu.verdelhan.ta4j.indicators.DirectionalMovementIndicator,class,5,7,2,5,3,3,0,8,0,0.33333334,0.0,0.0,3,0,2,0,1,0,3,0,0,0,3,0,0,3,0,0,3,0,0,20,2,0,0,0,0,1,0,6,1,6,0,0,0,0,22,1,0
C:\Users\Susmi\Desktop\4-1\TermPaperTool\ta4j\ta4j\ta4j\src\test\java\eu\verdelhan\ta4j\indicators\volume\PVIIndicatorTest.java,eu.verdelhan.ta4j.indicators.volume.PVIIndicatorTest,class,8,8,0,8,1,1,0,4,0,0.0,NaN,NaN,1,0,1,0,0,0,1,0,0,0,0,0,0,0,0,0,0,0,10,27,0,0,0,0,0,0,40,3,0,3,0,0,0,0,17,1,0
C:\Users\Susmi\Desktop\4-1\TermPaperTool\ta4j\ta4j\ta4j\src\test\java\eu\verdelhan\ta4j\trading\rules\FixedRuleTest.java,eu.verdelhan.ta4j.trading.rules.FixedRuleTest,class,3,3,0,3,1,1,0,3,0,0.0,NaN,NaN,1,0,1,0,0,0,1,0,0,0,1,0,0,1,0,0,0,0,0,22,0,0,0,0,0,0,18,2,0,1,0,0,0,0,9,1,0
C:\Users\Susmi\Desktop\4-1\TermPaperTool\ta4j\ta4j\ta4j\src\test\java\eu\verdelhan\ta4j\indicators\DoubleEMAIndicatorTest.java,eu.verdelhan.ta4j.indicators.DoubleEMAIndicatorTest,class,8,8,0,8,2,1,0,2,0,0.25,0.0,0.0,2,0,2,0,0,0,2,0,0,0,2,0,0,2,0,0,0,0,9,20,0,0,0,0,0,0,34,3,0,3,0,0,0,0,22,1,0
C:\Users\Susmi\Desktop\4-1\TermPaperTool\ta4j\ta4j\ta4j\src\test\java\eu\verdelhan\ta4j\mocks\MockTimeSeries.java,eu.verdelhan.ta4j.mocks.MockTimeSeries,class,5,109,104,5,14,2,0,7,36,0.0,0.0,0.0,9,4,5,4,0,0,5,0,0,0,0,0,0,0,0,0,0,0,6,49,4,4,1,0,1,0,11,8,6,8,1,0,0,0,27,1,0
C:\Users\Susmi\Desktop\4-1\TermPaperTool\ta4j\ta4j\ta4j\src\test\java\eu\verdelhan\ta4j\trading\rules\StopLossRuleTest.java,eu.verdelhan.ta4j.trading.rules.StopLossRuleTest,class,7,7,0,7,2,1,0,6,0,0.16666667,0.0,0.0,2,0,2,0,0,0,2,0,0,0,3,0,0,3,0,0,0,0,3,24,0,0,0,0,0,3,19,4,0,4,0,0,0,0,25,1,0
C:\Users\Susmi\Desktop\4-1\TermPaperTool\ta4j\ta4j\ta4j\src\test\java\eu\verdelhan\ta4j\indicators\candles\BullishHaramiIndicatorTest.java,eu.verdelhan.ta4j.indicators.candles.BullishHaramiIndicatorTest,class,8,8,0,8,2,1,0,4,0,0.0,0.0,0.0,2,0,2,0,0,0,2,0,0,0,1,0,0,1,0,0,0,0,0,20,0,0,0,0,0,0,25,3,0,3,0,0,0,0,18,1,0
C:\Users\Susmi\Desktop\4-1\TermPaperTool\ta4j\ta4j\ta4j\src\main\java\eu\verdelhan\ta4j\indicators\RecursiveCachedIndicator.java,eu.verdelhan.ta4j.indicators.RecursiveCachedIndicator,class,5,49,44,5,7,3,0,6,3,0.6666667,0.0,0.0,3,0,3,0,0,0,3,0,0,0,1,1,0,1,0,0,1,0,1,25,1,1,1,0,0,0,1,6,1,6,4,0,0,0,87,1025,0
C:\Users\Susmi\Desktop\4-1\TermPaperTool\ta4j\ta4j\ta4j\src\main\java\eu\verdelhan\ta4j\BaseStrategy.java,eu.verdelhan.ta4j.BaseStrategy,class,5,17,12,5,14,1,0,8,27,0.725,0.0,0.0,10,0,8,0,2,0,10,0,0,0,4,0,0,3,1,0,1,0,0,48,5,0,2,0,0,4,2,7,0,6,1,0,0,0,60,1,2
C:\Users\Susmi\Desktop\4-1\TermPaperTool\ta4j\ta4j\ta4j\src\main\java\eu\verdelhan\ta4j\indicators\StochasticRSIIndicator.java,eu.verdelhan.ta4j.indicators.StochasticRSIIndicator,class,8,9,1,8,4,3,0,3,0,0.4375,0.0,0.0,4,0,3,0,1,0,4,0,0,0,4,0,0,4,0,0,4,0,0,23,1,0,0,0,0,0,0,5,0,5,0,0,0,0,30,1,0
C:\Users\Susmi\Desktop\4-1\TermPaperTool\ta4j\ta4j\ta4j\src\test\java\eu\verdelhan\ta4j\indicators\helpers\AverageDirectionalMovementUpIndicatorTest.java,eu.verdelhan.ta4j.indicators.helpers.AverageDirectionalMovementUpIndicatorTest,class,7,7,0,7,1,1,0,4,0,0.0,NaN,NaN,1,0,1,0,0,0,1,0,0,0,0,0,0,0,0,0,0,0,5,17,0,0,0,0,2,0,52,3,21,3,0,0,0,0,19,1,0
C:\Users\Susmi\Desktop\4-1\TermPaperTool\ta4j\ta4j\ta4j\src\test\java\eu\verdelhan\ta4j\indicators\helpers\PriceVariationIndicatorTest.java,eu.verdelhan.ta4j.indicators.helpers.PriceVariationIndicatorTest,class,9,9,0,9,3,1,0,6,0,0.0,0.0,0.0,2,0,2,0,0,0,2,0,0,0,2,0,0,2,0,0,0,0,1,16,0,1,0,0,0,0,5,5,1,5,1,0,0,0,22,1,0
C:\Users\Susmi\Desktop\4-1\TermPaperTool\ta4j\ta4j\ta4j\src\main\java\eu\verdelhan\ta4j\TradingRecord.java,eu.verdelhan.ta4j.TradingRecord,class,5,65,60,5,39,1,0,21,93,0.8479532,0.0,0.0,19,0,18,1,0,0,18,0,6,0,9,1,0,9,0,0,1,0,0,130,21,1,3,0,0,3,8,15,6,13,2,0,0,0,108,1,0
C:\Users\Susmi\Desktop\4-1\TermPaperTool\ta4j\ta4j\ta4j\src\test\java\eu\verdelhan\ta4j\indicators\EMAIndicatorTest.java,eu.verdelhan.ta4j.indicators.EMAIndicatorTest,class,12,12,0,12,7,1,0,6,0,0.2,0.0,0.0,5,0,5,0,0,0,5,0,0,0,1,0,0,1,0,0,0,0,5,33,0,2,0,0,0,1,30,11,0,11,1,0,0,0,44,1,0
C:\Users\Susmi\Desktop\4-1\TermPaperTool\ta4j\ta4j\ta4j\src\test\java\eu\verdelhan\ta4j\indicators\keltner\KeltnerChannelLowerIndicatorTest.java,eu.verdelhan.ta4j.indicators.keltner.KeltnerChannelLowerIndicatorTest,class,12,12,0,12,2,1,0,4,0,0.0,0.0,0.0,2,0,2,0,0,0,2,0,0,0,1,0,0,1,0,0,0,0,18,61,0,0,0,0,0,0,169,4,0,4,0,0,0,0,22,1,0
C:\Users\Susmi\Desktop\4-1\TermPaperTool\ta4j\ta4j\ta4j-examples\src\main\java\ta4jexamples\strategies\CCICorrectionStrategy.java,ta4jexamples.strategies.CCICorrectionStrategy,class,13,16,3,13,3,1,0,9,1,0.0,0.0,0.0,2,2,2,0,0,0,2,0,0,0,0,0,0,0,0,0,0,0,3,24,1,0,1,0,0,3,4,11,2,11,1,0,0,0,45,1,0
C:\Users\Susmi\Desktop\4-1\TermPaperTool\ta4j\ta4j\ta4j-examples\src\main\java\ta4jexamples\analysis\CashFlowToChart.java,ta4jexamples.analysis.CashFlowToChart,class,23,24,1,23,5,1,0,31,6,0.0,NaN,NaN,4,4,1,3,0,0,1,0,0,0,0,0,0,0,0,0,0,0,6,48,1,1,0,0,0,8,10,17,1,17,1,0,0,0,83,1,0
C:\Users\Susmi\Desktop\4-1\TermPaperTool\ta4j\ta4j\ta4j\src\test\java\eu\verdelhan\ta4j\indicators\helpers\LowestValueIndicatorTest.java,eu.verdelhan.ta4j.indicators.helpers.LowestValueIndicatorTest,class,8,8,0,8,4,1,0,2,0,0.0,0.0,0.0,4,0,4,0,0,0,4,0,0,0,1,0,0,1,0,0,0,0,11,26,0,0,0,0,0,11,28,4,0,4,0,0,0,0,29,1,0
C:\Users\Susmi\Desktop\4-1\TermPaperTool\ta4j\ta4j\ta4j\src\test\java\eu\verdelhan\ta4j\indicators\bollinger\PercentBIndicatorTest.java,eu.verdelhan.ta4j.indicators.bollinger.PercentBIndicatorTest,class,9,9,0,9,2,1,0,4,0,0.25,0.0,0.0,2,0,2,0,0,0,2,0,0,0,2,0,0,2,0,0,0,0,19,31,0,0,0,0,0,0,60,3,0,3,0,0,0,0,26,1,0
C:\Users\Susmi\Desktop\4-1\TermPaperTool\ta4j\ta4j\ta4j\src\test\java\eu\verdelhan\ta4j\trading\rules\XorRuleTest.java,eu.verdelhan.ta4j.trading.rules.XorRuleTest,class,4,4,0,4,2,1,0,4,0,0.0,0.0,0.0,2,0,2,0,0,0,2,0,0,0,2,0,0,2,0,0,0,0,0,18,0,0,0,0,0,0,8,2,0,2,0,0,0,0,15,1,0
C:\Users\Susmi\Desktop\4-1\TermPaperTool\ta4j\ta4j\ta4j-examples\src\main\java\ta4jexamples\strategies\MovingMomentumStrategy.java,ta4jexamples.strategies.MovingMomentumStrategy,class,18,23,5,18,3,1,0,8,1,0.0,0.0,0.0,2,2,2,0,0,0,2,0,0,0,0,0,0,0,0,0,0,0,4,24,1,0,1,0,0,3,8,12,2,12,1,0,0,0,61,1,0
C:\Users\Susmi\Desktop\4-1\TermPaperTool\ta4j\ta4j\ta4j\src\main\java\eu\verdelhan\ta4j\indicators\keltner\KeltnerChannelLowerIndicator.java,eu.verdelhan.ta4j.indicators.keltner.KeltnerChannelLowerIndicator,class,6,7,1,6,2,3,0,5,0,0.0,0.0,0.0,2,0,1,0,1,0,2,0,0,0,3,0,0,3,0,0,3,0,0,14,1,0,0,0,0,0,0,3,0,3,0,0,0,0,23,1,0
C:\Users\Susmi\Desktop\4-1\TermPaperTool\ta4j\ta4j\ta4j\src\test\java\eu\verdelhan\ta4j\trading\rules\WaitForRuleTest.java,eu.verdelhan.ta4j.trading.rules.WaitForRuleTest,class,4,4,0,4,3,1,0,5,0,0.16666667,0.0,0.0,3,0,3,0,0,0,3,0,0,0,2,0,0,2,0,0,0,0,0,47,0,0,0,0,0,0,36,3,0,2,0,0,0,0,20,1,0
C:\Users\Susmi\Desktop\4-1\TermPaperTool\ta4j\ta4j\ta4j\src\test\java\eu\verdelhan\ta4j\indicators\helpers\AmountIndicatorTest.java,eu.verdelhan.ta4j.indicators.helpers.AmountIndicatorTest,class,7,7,0,7,3,1,0,4,0,0.0,0.0,0.0,2,0,2,0,0,0,2,0,0,0,2,0,0,1,0,1,0,0,0,13,0,1,0,0,0,0,2,3,0,3,1,0,0,0,18,1,0
C:\Users\Susmi\Desktop\4-1\TermPaperTool\ta4j\ta4j\ta4j\src\test\java\eu\verdelhan\ta4j\trading\rules\CrossedUpIndicatorRuleTest.java,eu.verdelhan.ta4j.trading.rules.CrossedUpIndicatorRuleTest,class,7,7,0,7,2,1,0,3,0,0.25,0.0,0.0,2,0,2,0,0,0,2,0,0,0,2,0,0,2,0,0,0,0,0,18,0,0,0,0,0,0,16,2,0,2,0,0,0,0,15,1,0
C:\Users\Susmi\Desktop\4-1\TermPaperTool\ta4j\ta4j\ta4j\src\test\java\eu\verdelhan\ta4j\trading\rules\InPipeRuleTest.java,eu.verdelhan.ta4j.trading.rules.InPipeRuleTest,class,7,7,0,7,2,1,0,4,0,0.25,0.0,0.0,2,0,2,0,0,0,2,0,0,0,2,0,0,2,0,0,0,0,2,20,0,0,0,0,0,0,22,2,0,2,0,0,0,0,16,1,0
C:\Users\Susmi\Desktop\4-1\TermPaperTool\ta4j\ta4j\ta4j\src\main\java\eu\verdelhan\ta4j\trading\rules\XorRule.java,eu.verdelhan.ta4j.trading.rules.XorRule,class,3,4,1,3,2,2,0,2,0,0.0,0.0,0.0,2,0,2,0,0,0,2,0,0,0,2,0,0,2,0,0,0,0,0,13,1,0,0,0,0,0,0,3,0,3,0,0,0,0,28,1,0
C:\Users\Susmi\Desktop\4-1\TermPaperTool\ta4j\ta4j\ta4j\src\test\java\eu\verdelhan\ta4j\indicators\StochasticRSIIndicatorTest.java,eu.verdelhan.ta4j.indicators.StochasticRSIIndicatorTest,class,7,7,0,7,2,1,0,3,0,0.0,0.0,0.0,2,0,2,0,0,0,2,0,0,0,1,0,0,1,0,0,0,0,10,19,0,0,0,0,0,0,47,2,0,2,0,0,0,0,14,1,0
C:\Users\Susmi\Desktop\4-1\TermPaperTool\ta4j\ta4j\ta4j\src\test\java\eu\verdelhan\ta4j\indicators\statistics\VarianceIndicatorTest.java,eu.verdelhan.ta4j.indicators.statistics.VarianceIndicatorTest,class,8,8,0,8,5,1,0,3,0,0.0,0.0,0.0,5,0,5,0,0,0,5,0,0,0,1,0,0,1,0,0,0,0,20,38,0,0,0,0,0,0,56,5,1,5,0,0,0,0,27,1,0
C:\Users\Susmi\Desktop\4-1\TermPaperTool\ta4j\ta4j\ta4j\src\test\java\eu\verdelhan\ta4j\indicators\SmoothedRSIIndicatorTest.java,eu.verdelhan.ta4j.indicators.SmoothedRSIIndicatorTest,class,8,8,0,8,4,1,0,4,0,0.0,0.0,0.0,4,0,4,0,0,0,4,0,0,0,1,0,0,1,0,0,0,0,11,29,0,0,0,0,0,0,54,4,0,4,0,0,0,0,36,1,0
C:\Users\Susmi\Desktop\4-1\TermPaperTool\ta4j\ta4j\ta4j\src\main\java\eu\verdelhan\ta4j\indicators\SmoothedRSIIndicator.java,eu.verdelhan.ta4j.indicators.SmoothedRSIIndicator,class,5,6,1,5,3,4,0,2,1,0.5,0.0,0.0,2,0,1,0,1,0,2,0,0,0,1,1,0,1,0,0,1,0,0,12,1,0,0,0,0,1,1,1,0,1,1,0,0,0,58,1,1
C:\Users\Susmi\Desktop\4-1\TermPaperTool\ta4j\ta4j\ta4j\src\main\java\eu\verdelhan\ta4j\Order.java,eu.verdelhan.ta4j.Order$OrderType,enum,1,1,0,1,1,1,0,0,0,0.0,NaN,NaN,1,0,1,0,0,0,1,1,0,0,0,0,0,0,0,0,0,0,0,13,0,0,0,0,0,0,0,0,0,0,0,2,0,0,22,1,0
C:\Users\Susmi\Desktop\4-1\TermPaperTool\ta4j\ta4j\ta4j\src\main\java\eu\verdelhan\ta4j\trading\rules\BooleanIndicatorRule.java,eu.verdelhan.ta4j.trading.rules.BooleanIndicatorRule,class,3,4,1,3,2,2,0,2,0,0.0,0.0,0.0,2,0,2,0,0,0,2,0,0,0,1,0,0,1,0,0,0,0,0,11,1,0,0,0,0,0,0,2,0,2,0,0,0,0,21,1,0
C:\Users\Susmi\Desktop\4-1\TermPaperTool\ta4j\ta4j\ta4j-examples\src\main\java\ta4jexamples\analysis\BuyAndSellSignalsToChart.java,ta4jexamples.analysis.BuyAndSellSignalsToChart,class,24,25,1,24,6,1,0,34,6,0.0,NaN,NaN,4,4,1,3,0,0,1,0,0,0,0,0,0,0,0,0,0,0,8,49,1,2,0,0,0,8,3,17,0,17,1,0,0,0,88,1,0
C:\Users\Susmi\Desktop\4-1\TermPaperTool\ta4j\ta4j\ta4j\src\test\java\eu\verdelhan\ta4j\indicators\helpers\AverageTrueRangeIndicatorTest.java,eu.verdelhan.ta4j.indicators.helpers.AverageTrueRangeIndicatorTest,class,7,7,0,7,1,1,0,4,0,0.0,NaN,NaN,1,0,1,0,0,0,1,0,0,0,0,0,0,0,0,0,0,0,5,16,0,0,0,0,3,0,54,2,23,2,0,0,0,0,19,1,0
C:\Users\Susmi\Desktop\4-1\TermPaperTool\ta4j\ta4j\ta4j\src\main\java\eu\verdelhan\ta4j\indicators\CCIIndicator.java,eu.verdelhan.ta4j.indicators.CCIIndicator,class,6,8,2,6,4,3,0,8,0,0.4,0.0,0.0,3,0,2,0,1,0,3,0,0,0,5,1,1,4,0,0,1,0,1,26,3,0,0,0,1,2,0,8,1,8,1,0,0,0,37,1,0
C:\Users\Susmi\Desktop\4-1\TermPaperTool\ta4j\ta4j\ta4j\src\main\java\eu\verdelhan\ta4j\indicators\candles\RealBodyIndicator.java,eu.verdelhan.ta4j.indicators.candles.RealBodyIndicator,class,4,6,2,4,2,3,0,4,0,0.0,0.0,0.0,2,0,1,0,1,0,2,0,0,0,1,0,0,1,0,0,1,0,0,11,1,0,0,0,0,0,0,2,0,2,0,0,0,0,27,1,0
C:\Users\Susmi\Desktop\4-1\TermPaperTool\ta4j\ta4j\ta4j\src\main\java\eu\verdelhan\ta4j\Order.java,eu.verdelhan.ta4j.Order$OrderType$Anonymous2,anonymous,1,1,0,1,1,1,0,0,0,0.0,NaN,NaN,1,0,1,0,0,0,1,0,0,0,0,0,0,0,0,0,0,0,0,5,1,0,0,0,0,0,0,0,0,0,0,0,0,0,6,-1,0
C:\Users\Susmi\Desktop\4-1\TermPaperTool\ta4j\ta4j\ta4j\src\main\java\eu\verdelhan\ta4j\trading\rules\CrossedUpIndicatorRule.java,eu.verdelhan.ta4j.trading.rules.CrossedUpIndicatorRule,class,7,12,5,7,3,2,0,2,1,0.33333334,0.0,0.0,3,0,3,0,0,0,3,0,0,0,1,0,0,1,0,0,0,0,0,14,1,0,0,0,0,0,0,2,0,2,0,0,0,0,29,1,0
C:\Users\Susmi\Desktop\4-1\TermPaperTool\ta4j\ta4j\ta4j\src\main\java\eu\verdelhan\ta4j\Order.java,eu.verdelhan.ta4j.Order$OrderType$Anonymous1,anonymous,1,1,0,1,1,1,0,0,0,0.0,NaN,NaN,1,0,1,0,0,0,1,0,0,0,0,0,0,0,0,0,0,0,0,5,1,0,0,0,0,0,0,0,0,0,0,0,0,0,6,-1,0
C:\Users\Susmi\Desktop\4-1\TermPaperTool\ta4j\ta4j\ta4j\src\test\java\eu\verdelhan\ta4j\indicators\SMAIndicatorTest.java,eu.verdelhan.ta4j.indicators.SMAIndicatorTest,class,9,9,0,9,4,1,0,7,0,0.0,0.0,0.0,3,0,3,0,0,0,3,0,0,0,1,0,0,1,0,0,0,0,13,28,0,1,0,0,0,0,48,4,6,4,1,0,0,0,28,1,0
C:\Users\Susmi\Desktop\4-1\TermPaperTool\ta4j\ta4j\ta4j\src\test\java\eu\verdelhan\ta4j\indicators\candles\LowerShadowIndicatorTest.java,eu.verdelhan.ta4j.indicators.candles.LowerShadowIndicatorTest,class,9,9,0,9,2,1,0,3,0,0.0,0.0,0.0,2,0,2,0,0,0,2,0,0,0,1,0,0,1,0,0,0,0,5,20,0,0,0,0,0,0,30,3,0,3,0,0,0,0,18,1,0
C:\Users\Susmi\Desktop\4-1\TermPaperTool\ta4j\ta4j\ta4j\src\main\java\eu\verdelhan\ta4j\indicators\helpers\MeanDeviationIndicator.java,eu.verdelhan.ta4j.indicators.helpers.MeanDeviationIndicator,class,4,6,2,4,4,3,0,10,0,0.22222222,0.0,0.0,3,0,2,0,1,0,3,0,0,0,3,0,0,3,0,0,0,0,2,24,2,1,0,0,0,1,3,9,5,8,1,0,0,0,29,1,0
C:\Users\Susmi\Desktop\4-1\TermPaperTool\ta4j\ta4j\ta4j\src\test\java\eu\verdelhan\ta4j\indicators\helpers\DifferenceIndicatorTest.java,eu.verdelhan.ta4j.indicators.helpers.DifferenceIndicatorTest,class,8,8,0,8,2,1,0,4,0,0.33333334,0.0,0.0,2,0,2,0,0,0,2,0,0,0,3,0,0,3,0,0,0,0,15,19,0,0,0,0,0,14,8,3,0,3,0,0,0,0,13,1,0
C:\Users\Susmi\Desktop\4-1\TermPaperTool\ta4j\ta4j\ta4j\src\main\java\eu\verdelhan\ta4j\indicators\candles\BullishEngulfingIndicator.java,eu.verdelhan.ta4j.indicators.candles.BullishEngulfingIndicator,class,4,5,1,4,5,3,0,7,0,0.0,0.0,0.0,2,0,1,0,1,0,2,0,0,0,1,0,0,1,0,0,1,0,0,22,3,0,0,0,0,0,2,7,1,7,1,0,0,0,23,1,0
C:\Users\Susmi\Desktop\4-1\TermPaperTool\ta4j\ta4j\ta4j\src\main\java\eu\verdelhan\ta4j\indicators\candles\UpperShadowIndicator.java,eu.verdelhan.ta4j.indicators.candles.UpperShadowIndicator,class,4,6,2,4,3,3,0,6,0,0.0,0.0,0.0,2,0,1,0,1,0,2,0,0,0,1,0,0,1,0,0,1,0,0,18,2,0,0,0,0,0,0,4,0,4,1,0,0,0,30,1,0
C:\Users\Susmi\Desktop\4-1\TermPaperTool\ta4j\ta4j\ta4j\src\main\java\eu\verdelhan\ta4j\indicators\helpers\CrossIndicator.java,eu.verdelhan.ta4j.indicators.helpers.CrossIndicator,class,3,5,2,3,10,3,0,6,0,0.2,0.0,0.0,5,0,4,0,1,0,5,0,0,0,2,0,0,2,0,0,2,0,0,34,6,1,2,0,2,2,3,3,1,3,2,0,0,0,27,1,0
C:\Users\Susmi\Desktop\4-1\TermPaperTool\ta4j\ta4j\ta4j\src\main\java\eu\verdelhan\ta4j\indicators\helpers\VolumeIndicator.java,eu.verdelhan.ta4j.indicators.helpers.VolumeIndicator,class,4,10,6,4,4,3,0,4,0,0.16666667,0.0,0.0,3,0,2,0,1,0,3,0,0,0,2,0,0,2,0,0,0,0,1,20,1,1,0,0,0,0,3,6,2,5,1,0,0,0,15,1,0
C:\Users\Susmi\Desktop\4-1\TermPaperTool\ta4j\ta4j\ta4j\src\test\java\eu\verdelhan\ta4j\TradingRecordTest.java,eu.verdelhan.ta4j.TradingRecordTest,class,5,5,0,5,8,1,0,17,0,0.125,0.0,0.0,8,0,8,0,0,0,8,0,0,0,1,0,0,1,0,0,0,0,38,77,0,0,0,0,0,0,47,4,0,4,0,0,0,0,25,1,0
C:\Users\Susmi\Desktop\4-1\TermPaperTool\ta4j\ta4j\ta4j\src\test\java\eu\verdelhan\ta4j\indicators\RandomWalkIndexLowIndicatorTest.java,eu.verdelhan.ta4j.indicators.RandomWalkIndexLowIndicatorTest,class,9,9,0,9,2,1,0,3,0,0.0,0.0,0.0,2,0,2,0,0,0,2,0,0,0,1,0,0,0,1,0,0,0,13,43,0,0,0,0,0,0,107,3,0,3,0,0,0,0,21,1,0
C:\Users\Susmi\Desktop\4-1\TermPaperTool\ta4j\ta4j\ta4j\src\main\java\eu\verdelhan\ta4j\indicators\helpers\SmoothedAverageLossIndicator.java,eu.verdelhan.ta4j.indicators.helpers.SmoothedAverageLossIndicator,class,6,9,3,6,5,4,0,11,0,0.33333334,0.0,0.0,3,0,1,1,1,0,2,0,0,0,3,0,0,3,0,0,3,0,2,21,3,0,0,0,0,0,3,4,3,4,1,0,0,0,18,1,0
C:\Users\Susmi\Desktop\4-1\TermPaperTool\ta4j\ta4j\ta4j\src\main\java\eu\verdelhan\ta4j\indicators\volume\PVIIndicator.java,eu.verdelhan.ta4j.indicators.volume.PVIIndicator,class,4,5,1,4,4,4,0,9,0,0.0,0.0,0.0,2,0,1,0,1,0,2,0,0,0,1,0,0,1,0,0,1,0,0,22,3,0,1,0,0,0,3,7,2,7,1,0,0,0,29,1,0
C:\Users\Susmi\Desktop\4-1\TermPaperTool\ta4j\ta4j\ta4j\src\main\java\eu\verdelhan\ta4j\indicators\helpers\MaxPriceIndicator.java,eu.verdelhan.ta4j.indicators.helpers.MaxPriceIndicator,class,4,17,13,4,2,3,0,2,0,0.0,0.0,0.0,2,0,1,0,1,0,2,0,0,0,1,0,0,1,0,0,0,0,0,10,1,0,0,0,0,0,0,1,0,1,0,0,0,0,11,1,0
C:\Users\Susmi\Desktop\4-1\TermPaperTool\ta4j\ta4j\ta4j\src\test\java\eu\verdelhan\ta4j\indicators\helpers\DirectionalMovementDownIndicatorTest.java,eu.verdelhan.ta4j.indicators.helpers.DirectionalMovementDownIndicatorTest,class,7,7,0,7,4,1,0,3,6,0.0,0.0,0.0,4,0,4,0,0,0,4,0,0,0,0,0,0,0,0,0,0,0,4,42,0,0,0,0,0,0,40,20,0,20,0,0,0,0,21,1,0
C:\Users\Susmi\Desktop\4-1\TermPaperTool\ta4j\ta4j\ta4j\src\main\java\eu\verdelhan\ta4j\indicators\AroonUpIndicator.java,eu.verdelhan.ta4j.indicators.AroonUpIndicator,class,5,5,0,5,4,3,0,6,0,0.0,0.0,0.0,2,0,1,0,1,0,2,0,0,0,3,0,0,3,0,0,3,0,3,23,1,1,0,0,0,0,2,7,3,7,2,0,0,0,24,1,0
C:\Users\Susmi\Desktop\4-1\TermPaperTool\ta4j\ta4j\ta4j\src\test\java\eu\verdelhan\ta4j\indicators\bollinger\BollingerBandsMiddleIndicatorTest.java,eu.verdelhan.ta4j.indicators.bollinger.BollingerBandsMiddleIndicatorTest,class,8,8,0,8,3,1,0,3,0,0.0,0.0,0.0,2,0,2,0,0,0,2,0,0,0,1,0,0,1,0,0,0,0,0,13,0,1,0,0,0,0,15,4,0,4,1,0,0,0,23,1,0
C:\Users\Susmi\Desktop\4-1\TermPaperTool\ta4j\ta4j\ta4j\src\main\java\eu\verdelhan\ta4j\indicators\ChandelierExitShortIndicator.java,eu.verdelhan.ta4j.indicators.ChandelierExitShortIndicator,class,7,8,1,7,3,3,0,4,1,0.33333334,0.0,0.0,3,0,2,0,1,0,3,0,0,0,3,0,0,3,0,0,3,0,0,17,1,0,0,0,0,0,1,3,0,3,0,0,0,0,32,1,0
C:\Users\Susmi\Desktop\4-1\TermPaperTool\ta4j\ta4j\ta4j\src\main\java\eu\verdelhan\ta4j\indicators\helpers\AverageDirectionalMovementDownIndicator.java,eu.verdelhan.ta4j.indicators.helpers.AverageDirectionalMovementDownIndicator,class,5,7,2,5,3,4,0,6,0,0.0,0.0,0.0,2,0,1,0,1,0,2,0,0,0,2,0,0,2,0,0,2,0,2,17,2,0,1,0,0,0,3,4,2,4,1,0,0,0,25,1,0
C:\Users\Susmi\Desktop\4-1\TermPaperTool\ta4j\ta4j\ta4j\src\test\java\eu\verdelhan\ta4j\indicators\helpers\AverageLossIndicatorTest.java,eu.verdelhan.ta4j.indicators.helpers.AverageLossIndicatorTest,class,8,8,0,8,5,1,0,5,0,0.0,0.0,0.0,5,0,5,0,0,0,5,0,0,0,1,0,0,1,0,0,0,0,11,29,0,0,0,0,0,8,31,5,1,5,0,0,0,0,31,1,0
C:\Users\Susmi\Desktop\4-1\TermPaperTool\ta4j\ta4j\ta4j\src\test\java\eu\verdelhan\ta4j\indicators\StochasticOscillatorDIndicatorTest.java,eu.verdelhan.ta4j.indicators.StochasticOscillatorDIndicatorTest,class,9,9,0,9,3,1,0,3,0,0.0,0.0,0.0,3,0,3,0,0,0,3,0,0,0,1,0,0,1,0,0,0,0,0,38,0,0,0,0,0,0,74,8,0,8,0,0,0,0,30,1,0
C:\Users\Susmi\Desktop\4-1\TermPaperTool\ta4j\ta4j\ta4j-examples\src\main\java\ta4jexamples\Quickstart.java,ta4jexamples.Quickstart,class,21,21,0,21,1,1,0,13,0,0.0,NaN,NaN,1,1,1,0,0,0,1,0,0,0,0,0,0,0,0,0,0,0,4,24,0,0,0,0,0,9,5,13,6,13,0,0,0,0,66,1,0
C:\Users\Susmi\Desktop\4-1\TermPaperTool\ta4j\ta4j\ta4j-examples\src\main\java\ta4jexamples\loaders\CsvTicksLoader.java,ta4jexamples.loaders.CsvTicksLoader,class,5,7,2,5,5,1,0,22,1,0.5,0.0,0.0,2,2,2,0,0,0,2,0,0,0,1,1,0,1,0,0,1,0,12,33,1,1,1,1,1,16,10,12,4,12,2,0,0,0,59,1,0
C:\Users\Susmi\Desktop\4-1\TermPaperTool\ta4j\ta4j\ta4j\src\main\java\eu\verdelhan\ta4j\indicators\helpers\TrueRangeIndicator.java,eu.verdelhan.ta4j.indicators.helpers.TrueRangeIndicator,class,4,6,2,4,4,3,0,7,0,0.0,0.0,0.0,2,0,1,0,1,0,2,0,0,0,1,0,0,1,0,0,0,0,0,13,1,0,2,0,0,0,4,4,2,4,0,0,0,0,13,1,0
C:\Users\Susmi\Desktop\4-1\TermPaperTool\ta4j\ta4j\ta4j\src\test\java\eu\verdelhan\ta4j\indicators\candles\RealBodyIndicatorTest.java,eu.verdelhan.ta4j.indicators.candles.RealBodyIndicatorTest,class,9,9,0,9,2,1,0,3,0,0.0,0.0,0.0,2,0,2,0,0,0,2,0,0,0,1,0,0,1,0,0,0,0,5,20,0,0,0,0,0,0,30,3,0,3,0,0,0,0,18,1,0
C:\Users\Susmi\Desktop\4-1\TermPaperTool\ta4j\ta4j\ta4j\src\main\java\eu\verdelhan\ta4j\trading\rules\OrRule.java,eu.verdelhan.ta4j.trading.rules.OrRule,class,3,4,1,3,2,2,0,2,0,0.0,0.0,0.0,2,0,2,0,0,0,2,0,0,0,2,0,0,2,0,0,0,0,0,13,1,0,0,0,0,0,0,3,0,3,0,0,0,0,31,1,0
C:\Users\Susmi\Desktop\4-1\TermPaperTool\ta4j\ta4j\ta4j\src\test\java\eu\verdelhan\ta4j\indicators\candles\BearishHaramiIndicatorTest.java,eu.verdelhan.ta4j.indicators.candles.BearishHaramiIndicatorTest,class,8,8,0,8,2,1,0,4,0,0.0,0.0,0.0,2,0,2,0,0,0,2,0,0,0,1,0,0,1,0,0,0,0,0,20,0,0,0,0,0,0,25,3,0,3,0,0,0,0,18,1,0
C:\Users\Susmi\Desktop\4-1\TermPaperTool\ta4j\ta4j\ta4j\src\test\java\eu\verdelhan\ta4j\indicators\CoppockCurveIndicatorTest.java,eu.verdelhan.ta4j.indicators.CoppockCurveIndicatorTest,class,7,7,0,7,1,1,0,2,0,0.0,NaN,NaN,1,0,1,0,0,0,1,0,0,0,0,0,0,0,0,0,0,0,9,15,0,0,0,0,0,0,61,2,0,2,0,0,0,0,19,1,0
C:\Users\Susmi\Desktop\4-1\TermPaperTool\ta4j\ta4j\ta4j\src\main\java\eu\verdelhan\ta4j\indicators\PPOIndicator.java,eu.verdelhan.ta4j.indicators.PPOIndicator,class,5,7,2,5,3,3,0,4,0,0.0,0.0,0.0,2,0,1,0,1,0,2,0,0,0,2,0,0,2,0,0,2,0,0,17,1,0,0,0,0,1,0,4,0,4,1,0,0,0,30,1,0
C:\Users\Susmi\Desktop\4-1\TermPaperTool\ta4j\ta4j\ta4j\src\main\java\eu\verdelhan\ta4j\indicators\MassIndexIndicator.java,eu.verdelhan.ta4j.indicators.MassIndexIndicator,class,9,10,1,9,3,3,0,4,0,0.0,0.0,0.0,2,0,1,0,1,0,2,0,0,0,3,0,0,3,0,0,0,0,1,21,1,1,0,0,0,0,2,9,2,8,1,0,0,0,34,1,0
C:\Users\Susmi\Desktop\4-1\TermPaperTool\ta4j\ta4j\ta4j\src\test\java\eu\verdelhan\ta4j\indicators\helpers\OpenPriceIndicatorTest.java,eu.verdelhan.ta4j.indicators.helpers.OpenPriceIndicatorTest,class,7,7,0,7,3,1,0,4,0,0.0,0.0,0.0,2,0,2,0,0,0,2,0,0,0,2,0,0,1,0,1,0,0,0,13,0,1,0,0,0,0,2,3,0,3,1,0,0,0,18,1,0
C:\Users\Susmi\Desktop\4-1\TermPaperTool\ta4j\ta4j\ta4j\src\test\java\eu\verdelhan\ta4j\indicators\bollinger\BollingerBandsLowerIndicatorTest.java,eu.verdelhan.ta4j.indicators.bollinger.BollingerBandsLowerIndicatorTest,class,12,12,0,12,2,1,0,5,0,0.125,0.0,0.0,2,0,2,0,0,0,2,0,0,0,4,0,0,4,0,0,0,0,17,34,0,0,0,0,0,1,44,8,0,8,0,0,0,0,34,1,0
C:\Users\Susmi\Desktop\4-1\TermPaperTool\ta4j\ta4j\ta4j\src\test\java\eu\verdelhan\ta4j\trading\rules\JustOnceRuleTest.java,eu.verdelhan.ta4j.trading.rules.JustOnceRuleTest,class,4,4,0,4,3,1,0,3,0,0.0,0.0,0.0,3,0,3,0,0,0,3,0,0,0,1,0,0,1,0,0,0,0,0,19,0,0,0,0,0,0,9,1,0,1,0,0,0,0,15,1,0
C:\Users\Susmi\Desktop\4-1\TermPaperTool\ta4j\ta4j\ta4j\src\main\java\eu\verdelhan\ta4j\indicators\helpers\DirectionalMovementDownIndicator.java,eu.verdelhan.ta4j.indicators.helpers.DirectionalMovementDownIndicator,class,4,6,2,4,6,3,0,6,0,0.0,0.0,0.0,2,0,1,0,1,0,2,0,0,0,1,0,0,1,0,0,0,0,0,20,3,0,1,0,1,0,3,5,2,5,1,0,0,0,18,1,0
C:\Users\Susmi\Desktop\4-1\TermPaperTool\ta4j\ta4j\ta4j\src\test\java\eu\verdelhan\ta4j\indicators\RAVIIndicatorTest.java,eu.verdelhan.ta4j.indicators.RAVIIndicatorTest,class,8,8,0,8,2,1,0,3,0,0.0,0.0,0.0,2,0,2,0,0,0,2,0,0,0,1,0,0,1,0,0,0,0,15,25,0,0,0,0,0,0,47,3,0,3,0,0,0,0,19,1,0
C:\Users\Susmi\Desktop\4-1\TermPaperTool\ta4j\ta4j\ta4j\src\main\java\eu\verdelhan\ta4j\indicators\helpers\HighestValueIndicator.java,eu.verdelhan.ta4j.indicators.helpers.HighestValueIndicator,class,3,14,11,3,5,3,0,5,0,0.16666667,0.0,0.0,3,0,2,0,1,0,3,0,0,0,2,0,0,2,0,0,2,0,1,22,2,1,0,0,0,1,3,6,4,5,2,0,0,0,17,1,0
C:\Users\Susmi\Desktop\4-1\TermPaperTool\ta4j\ta4j\ta4j\src\main\java\eu\verdelhan\ta4j\indicators\ichimoku\AbstractIchimokuLineIndicator.java,eu.verdelhan.ta4j.indicators.ichimoku.AbstractIchimokuLineIndicator,class,8,11,3,8,2,3,3,3,0,0.0,0.0,0.0,2,0,1,0,1,0,2,0,0,0,2,0,0,2,0,0,2,0,0,12,1,0,0,0,0,0,0,2,0,2,0,0,0,0,29,1025,0
C:\Users\Susmi\Desktop\4-1\TermPaperTool\ta4j\ta4j\ta4j\src\test\java\eu\verdelhan\ta4j\indicators\WMAIndicatorTest.java,eu.verdelhan.ta4j.indicators.WMAIndicatorTest,class,9,9,0,9,3,1,0,4,3,0.0,0.0,0.0,3,0,3,0,0,0,3,0,0,0,0,0,0,0,0,0,0,0,25,41,0,0,0,0,0,0,86,8,0,8,0,0,0,0,25,1,0
C:\Users\Susmi\Desktop\4-1\TermPaperTool\ta4j\ta4j\ta4j\src\test\java\eu\verdelhan\ta4j\mocks\MockTick.java,eu.verdelhan.ta4j.mocks.MockTick,class,2,54,52,2,8,2,0,2,24,0.75,0.0,0.0,8,0,8,0,0,0,8,0,0,0,2,0,0,2,0,0,0,0,5,30,2,0,0,0,0,0,9,4,0,2,0,0,0,0,21,1,0
C:\Users\Susmi\Desktop\4-1\TermPaperTool\ta4j\ta4j\ta4j\src\test\java\eu\verdelhan\ta4j\TimeSeriesManagerTest.java,eu.verdelhan.ta4j.TimeSeriesManagerTest,class,13,13,0,13,8,1,0,23,0,0.25,0.0,0.0,8,0,8,0,0,0,8,0,0,0,3,0,0,3,0,0,0,0,31,86,0,0,0,0,0,9,170,25,0,18,0,0,0,0,41,1,0
C:\Users\Susmi\Desktop\4-1\TermPaperTool\ta4j\ta4j\ta4j\src\test\java\eu\verdelhan\ta4j\indicators\TripleEMAIndicatorTest.java,eu.verdelhan.ta4j.indicators.TripleEMAIndicatorTest,class,8,8,0,8,2,1,0,2,0,0.25,0.0,0.0,2,0,2,0,0,0,2,0,0,0,2,0,0,2,0,0,0,0,9,20,0,0,0,0,0,0,34,3,0,3,0,0,0,0,22,1,0
C:\Users\Susmi\Desktop\4-1\TermPaperTool\ta4j\ta4j\ta4j\src\main\java\eu\verdelhan\ta4j\indicators\helpers\DirectionalMovementUpIndicator.java,eu.verdelhan.ta4j.indicators.helpers.DirectionalMovementUpIndicator,class,4,6,2,4,7,3,0,7,0,0.0,0.0,0.0,2,0,1,0,1,0,2,0,0,0,1,0,0,1,0,0,0,0,0,23,4,0,1,0,1,0,3,5,2,5,1,0,0,0,18,1,0
C:\Users\Susmi\Desktop\4-1\TermPaperTool\ta4j\ta4j\ta4j\src\test\java\eu\verdelhan\ta4j\indicators\volume\MVWAPIndicatorTest.java,eu.verdelhan.ta4j.indicators.volume.MVWAPIndicatorTest,class,10,10,0,10,2,1,0,3,0,0.0,0.0,0.0,2,0,2,0,0,0,2,0,0,0,1,0,0,0,1,0,0,0,11,42,0,0,0,0,0,0,124,4,0,4,0,0,0,0,20,1,0
C:\Users\Susmi\Desktop\4-1\TermPaperTool\ta4j\ta4j\ta4j\src\test\java\eu\verdelhan\ta4j\trading\rules\NotRuleTest.java,eu.verdelhan.ta4j.trading.rules.NotRuleTest,class,4,4,0,4,2,1,0,4,0,0.0,0.0,0.0,2,0,2,0,0,0,2,0,0,0,2,0,0,2,0,0,0,0,0,14,0,0,0,0,0,0,4,2,0,2,0,0,0,0,15,1,0
C:\Users\Susmi\Desktop\4-1\TermPaperTool\ta4j\ta4j\ta4j\src\test\java\eu\verdelhan\ta4j\indicators\ROCIndicatorTest.java,eu.verdelhan.ta4j.indicators.ROCIndicatorTest,class,8,8,0,8,3,1,0,3,0,0.25,0.0,0.0,2,0,2,0,0,0,2,0,0,0,2,0,0,2,0,0,0,0,5,18,0,1,0,0,0,0,39,5,1,5,1,0,0,0,25,1,0
C:\Users\Susmi\Desktop\4-1\TermPaperTool\ta4j\ta4j\ta4j\src\test\java\eu\verdelhan\ta4j\indicators\statistics\PeriodicalGrowthRateIndicatorTest.java,eu.verdelhan.ta4j.indicators.statistics.PeriodicalGrowthRateIndicatorTest,class,15,15,0,15,4,1,0,6,0,0.41666666,0.0,0.0,4,0,4,0,0,0,4,0,0,0,3,0,0,3,0,0,0,0,5,37,0,0,0,0,0,0,49,13,0,13,0,0,0,0,37,1,0
C:\Users\Susmi\Desktop\4-1\TermPaperTool\ta4j\ta4j\ta4j\src\main\java\eu\verdelhan\ta4j\indicators\StochasticOscillatorDIndicator.java,eu.verdelhan.ta4j.indicators.StochasticOscillatorDIndicator,class,5,6,1,5,4,3,0,3,0,0.25,0.0,0.0,4,0,3,0,1,0,4,0,0,0,1,0,0,1,0,0,0,0,0,16,2,0,0,0,0,1,1,1,1,1,0,0,0,0,22,1,0
C:\Users\Susmi\Desktop\4-1\TermPaperTool\ta4j\ta4j\ta4j\src\test\java\eu\verdelhan\ta4j\indicators\CMOIndicatorTest.java,eu.verdelhan.ta4j.indicators.CMOIndicatorTest,class,8,8,0,8,2,1,0,2,0,0.0,0.0,0.0,2,0,2,0,0,0,2,0,0,0,1,0,0,1,0,0,0,0,11,20,0,0,0,0,0,0,53,2,0,2,0,0,0,0,18,1,0
C:\Users\Susmi\Desktop\4-1\TermPaperTool\ta4j\ta4j\ta4j\src\test\java\eu\verdelhan\ta4j\indicators\helpers\FixedIndicatorTest.java,eu.verdelhan.ta4j.indicators.helpers.FixedIndicatorTest,class,5,5,0,5,2,1,0,7,1,0.5,0.0,0.0,2,0,2,0,0,0,2,0,0,0,2,0,0,2,0,0,0,0,6,22,0,0,0,0,0,6,17,3,0,2,0,0,0,0,11,1,0
C:\Users\Susmi\Desktop\4-1\TermPaperTool\ta4j\ta4j\ta4j\src\main\java\eu\verdelhan\ta4j\indicators\ichimoku\IchimokuKijunSenIndicator.java,eu.verdelhan.ta4j.indicators.ichimoku.IchimokuKijunSenIndicator,class,2,4,2,2,2,4,0,0,1,0.0,0.0,0.0,2,0,2,0,0,0,2,0,0,0,0,0,0,0,0,0,0,0,0,8,0,0,0,0,0,0,1,0,0,0,0,0,0,0,19,1,0
C:\Users\Susmi\Desktop\4-1\TermPaperTool\ta4j\ta4j\ta4j\src\main\java\eu\verdelhan\ta4j\trading\rules\AndRule.java,eu.verdelhan.ta4j.trading.rules.AndRule,class,3,4,1,3,2,2,0,2,0,0.0,0.0,0.0,2,0,2,0,0,0,2,0,0,0,2,0,0,2,0,0,0,0,0,13,1,0,0,0,0,0,0,3,0,3,0,0,0,0,34,1,0
C:\Users\Susmi\Desktop\4-1\TermPaperTool\ta4j\ta4j\ta4j\src\test\java\eu\verdelhan\ta4j\indicators\CCIIndicatorTest.java,eu.verdelhan.ta4j.indicators.CCIIndicatorTest,class,9,9,0,9,4,1,0,4,0,0.25,0.0,0.0,2,0,2,0,0,0,2,0,0,0,2,0,0,2,0,0,0,0,6,23,0,2,0,0,0,0,54,6,1,6,1,0,0,0,28,1,0
C:\Users\Susmi\Desktop\4-1\TermPaperTool\ta4j\ta4j\ta4j\src\test\java\eu\verdelhan\ta4j\indicators\statistics\StandardErrorIndicatorTest.java,eu.verdelhan.ta4j.indicators.statistics.StandardErrorIndicatorTest,class,8,8,0,8,3,1,0,3,0,0.0,0.0,0.0,3,0,3,0,0,0,3,0,0,0,1,0,0,1,0,0,0,0,14,26,0,0,0,0,0,0,42,3,0,3,0,0,0,0,25,1,0
C:\Users\Susmi\Desktop\4-1\TermPaperTool\ta4j\ta4j\ta4j\src\main\java\eu\verdelhan\ta4j\trading\rules\StopLossRule.java,eu.verdelhan.ta4j.trading.rules.StopLossRule,class,7,9,2,7,5,2,0,12,0,0.0,0.0,0.0,2,0,2,0,0,0,2,0,0,0,2,0,0,2,0,0,0,0,0,27,1,0,1,0,0,0,0,9,0,7,3,0,0,0,38,1,0
C:\Users\Susmi\Desktop\4-1\TermPaperTool\ta4j\ta4j\ta4j\src\test\java\eu\verdelhan\ta4j\analysis\criteria\AverageProfitableTradesCriterionTest.java,eu.verdelhan.ta4j.analysis.criteria.AverageProfitableTradesCriterionTest,class,8,8,0,8,3,1,0,8,3,0.0,0.0,0.0,3,0,3,0,0,0,3,0,0,0,0,0,0,0,0,0,0,0,10,21,0,0,0,0,0,0,30,8,1,7,0,0,0,0,27,1,0
C:\Users\Susmi\Desktop\4-1\TermPaperTool\ta4j\ta4j\ta4j\src\main\java\eu\verdelhan\ta4j\TimeSeries.java,eu.verdelhan.ta4j.TimeSeries,class,3,185,182,3,44,1,1,20,53,0.8090909,0.0,0.0,22,1,18,3,1,0,19,0,0,0,10,2,0,10,0,0,5,0,4,153,15,1,6,0,0,14,22,30,8,20,2,0,0,0,181,1,1
C:\Users\Susmi\Desktop\4-1\TermPaperTool\ta4j\ta4j\ta4j\src\main\java\eu\verdelhan\ta4j\indicators\helpers\FixedDecimalIndicator.java,eu.verdelhan.ta4j.indicators.helpers.FixedDecimalIndicator,class,3,10,7,3,4,3,0,3,1,0.0,0.0,0.0,2,0,2,0,0,0,2,0,0,0,0,0,0,0,0,0,0,0,2,12,0,2,0,0,0,0,0,0,0,0,1,0,0,0,16,1,0
C:\Users\Susmi\Desktop\4-1\TermPaperTool\ta4j\ta4j\ta4j\src\main\java\eu\verdelhan\ta4j\indicators\volume\AccumulationDistributionIndicator.java,eu.verdelhan.ta4j.indicators.volume.AccumulationDistributionIndicator,class,6,7,1,6,3,4,0,6,0,0.0,0.0,0.0,2,0,1,0,1,0,2,0,0,0,2,0,0,2,0,0,0,0,0,17,2,0,1,0,0,0,2,4,1,4,1,0,0,0,19,1,0
C:\Users\Susmi\Desktop\4-1\TermPaperTool\ta4j\ta4j\ta4j\src\test\java\eu\verdelhan\ta4j\analysis\criteria\AverageProfitCriterionTest.java,eu.verdelhan.ta4j.analysis.criteria.AverageProfitCriterionTest,class,7,7,0,7,6,1,0,9,0,0.16666667,0.0,0.0,6,0,6,0,0,0,6,0,0,0,1,0,0,1,0,0,0,0,15,37,0,0,0,0,0,0,58,15,8,11,0,0,0,0,39,1,0
C:\Users\Susmi\Desktop\4-1\TermPaperTool\ta4j\ta4j\ta4j\src\main\java\eu\verdelhan\ta4j\analysis\criteria\AbstractAnalysisCriterion.java,eu.verdelhan.ta4j.analysis.criteria.AbstractAnalysisCriterion,class,1,12,11,1,2,1,10,7,0,0.0,NaN,NaN,1,0,1,0,0,0,1,0,0,0,0,0,0,0,0,0,0,0,0,10,1,1,0,0,0,1,3,3,1,3,1,0,0,0,14,1025,0
C:\Users\Susmi\Desktop\4-1\TermPaperTool\ta4j\ta4j\ta4j\src\test\java\eu\verdelhan\ta4j\trading\rules\StopGainRuleTest.java,eu.verdelhan.ta4j.trading.rules.StopGainRuleTest,class,7,7,0,7,2,1,0,6,0,0.16666667,0.0,0.0,2,0,2,0,0,0,2,0,0,0,3,0,0,3,0,0,0,0,3,24,0,0,0,0,0,3,19,4,0,4,0,0,0,0,25,1,0
C:\Users\Susmi\Desktop\4-1\TermPaperTool\ta4j\ta4j\ta4j\src\main\java\eu\verdelhan\ta4j\indicators\helpers\AverageTrueRangeIndicator.java,eu.verdelhan.ta4j.indicators.helpers.AverageTrueRangeIndicator,class,5,15,10,5,3,4,0,6,0,0.0,0.0,0.0,2,0,1,0,1,0,2,0,0,0,2,0,0,2,0,0,2,0,2,17,2,0,1,0,0,0,3,4,2,4,1,0,0,0,21,1,0
C:\Users\Susmi\Desktop\4-1\TermPaperTool\ta4j\ta4j\ta4j\src\main\java\eu\verdelhan\ta4j\indicators\helpers\TypicalPriceIndicator.java,eu.verdelhan.ta4j.indicators.helpers.TypicalPriceIndicator,class,4,9,5,4,2,3,0,6,0,0.0,0.0,0.0,2,0,1,0,1,0,2,0,0,0,1,0,0,1,0,0,0,0,0,13,1,0,0,0,0,0,0,4,0,4,0,0,0,0,13,1,0
C:\Users\Susmi\Desktop\4-1\TermPaperTool\ta4j\ta4j\ta4j\src\test\java\eu\verdelhan\ta4j\indicators\volume\VWAPIndicatorTest.java,eu.verdelhan.ta4j.indicators.volume.VWAPIndicatorTest,class,9,9,0,9,2,1,0,3,0,0.0,0.0,0.0,2,0,2,0,0,0,2,0,0,0,1,0,0,0,1,0,0,0,14,44,0,0,0,0,0,0,109,3,0,3,0,0,0,0,18,1,0
C:\Users\Susmi\Desktop\4-1\TermPaperTool\ta4j\ta4j\ta4j\src\test\java\eu\verdelhan\ta4j\indicators\helpers\MaxPriceIndicatorTest.java,eu.verdelhan.ta4j.indicators.helpers.MaxPriceIndicatorTest,class,7,7,0,7,3,1,0,4,0,0.0,0.0,0.0,2,0,2,0,0,0,2,0,0,0,2,0,0,1,0,1,0,0,0,13,0,1,0,0,0,0,2,3,0,3,1,0,0,0,18,1,0
C:\Users\Susmi\Desktop\4-1\TermPaperTool\ta4j\ta4j\ta4j\src\main\java\eu\verdelhan\ta4j\indicators\keltner\KeltnerChannelMiddleIndicator.java,eu.verdelhan.ta4j.indicators.keltner.KeltnerChannelMiddleIndicator,class,7,12,5,7,3,3,0,1,1,0.33333334,0.0,0.0,3,0,2,0,1,0,3,0,0,0,1,0,0,1,0,0,1,0,0,13,1,0,0,0,0,0,0,1,0,1,0,0,0,0,22,1,0
C:\Users\Susmi\Desktop\4-1\TermPaperTool\ta4j\ta4j\ta4j\src\main\java\eu\verdelhan\ta4j\indicators\ParabolicSarIndicator.java,eu.verdelhan.ta4j.indicators.ParabolicSarIndicator,class,10,12,2,10,21,4,0,15,0,0.5833333,0.0,0.0,4,0,1,2,1,0,2,0,0,0,9,4,0,9,0,0,7,0,4,90,3,0,2,0,0,4,8,39,7,22,2,0,0,0,53,1,0
C:\Users\Susmi\Desktop\4-1\TermPaperTool\ta4j\ta4j\ta4j\src\main\java\eu\verdelhan\ta4j\analysis\criteria\NumberOfTicksCriterion.java,eu.verdelhan.ta4j.analysis.criteria.NumberOfTicksCriterion,class,6,11,5,6,5,2,0,5,3,0.0,0.0,0.0,3,0,3,0,0,0,3,0,0,0,0,0,0,0,0,0,0,0,0,15,3,1,0,0,1,0,2,2,2,1,1,0,0,0,28,1,0
C:\Users\Susmi\Desktop\4-1\TermPaperTool\ta4j\ta4j\ta4j-examples\src\main\java\ta4jexamples\strategies\RSI2Strategy.java,ta4jexamples.strategies.RSI2Strategy,class,17,19,2,17,3,1,0,8,1,0.0,0.0,0.0,2,2,2,0,0,0,2,0,0,0,0,0,0,0,0,0,0,0,4,22,1,0,1,0,0,3,5,10,2,10,1,0,0,0,53,1,0
C:\Users\Susmi\Desktop\4-1\TermPaperTool\ta4j\ta4j\ta4j\src\main\java\eu\verdelhan\ta4j\indicators\volume\OnBalanceVolumeIndicator.java,eu.verdelhan.ta4j.indicators.volume.OnBalanceVolumeIndicator,class,4,5,1,4,5,4,0,8,0,0.0,0.0,0.0,2,0,1,0,1,0,2,0,0,0,1,0,0,1,0,0,1,0,0,21,4,0,1,0,0,0,5,3,4,3,1,0,0,0,17,1,0
C:\Users\Susmi\Desktop\4-1\TermPaperTool\ta4j\ta4j\ta4j\src\test\java\eu\verdelhan\ta4j\indicators\KAMAIndicatorTest.java,eu.verdelhan.ta4j.indicators.KAMAIndicatorTest,class,8,8,0,8,2,1,0,2,0,0.0,0.0,0.0,2,0,2,0,0,0,2,0,0,0,1,0,0,1,0,0,0,0,40,50,0,0,0,0,0,0,132,3,0,3,0,0,0,0,33,1,0
C:\Users\Susmi\Desktop\4-1\TermPaperTool\ta4j\ta4j\ta4j-examples\src\main\java\ta4jexamples\indicators\IndicatorsToCsv.java,ta4jexamples.indicators.IndicatorsToCsv,class,17,18,1,17,5,1,0,14,0,0.0,NaN,NaN,1,1,1,0,0,0,1,0,0,0,0,0,0,0,0,0,0,0,2,40,0,1,1,2,0,3,12,19,0,18,3,0,0,0,64,1,0
C:\Users\Susmi\Desktop\4-1\TermPaperTool\ta4j\ta4j\ta4j\src\test\java\eu\verdelhan\ta4j\indicators\helpers\CumulatedLossesIndicatorTest.java,eu.verdelhan.ta4j.indicators.helpers.CumulatedLossesIndicatorTest,class,8,8,0,8,2,1,0,2,0,0.0,0.0,0.0,2,0,2,0,0,0,2,0,0,0,1,0,0,1,0,0,0,0,13,22,0,0,0,0,0,0,40,2,0,2,0,0,0,0,20,1,0
C:\Users\Susmi\Desktop\4-1\TermPaperTool\ta4j\ta4j\ta4j\src\main\java\eu\verdelhan\ta4j\indicators\RandomWalkIndexHighIndicator.java,eu.verdelhan.ta4j.indicators.RandomWalkIndexHighIndicator,class,7,8,1,7,2,3,0,8,0,0.0,0.0,0.0,2,0,1,0,1,0,2,0,0,0,5,0,0,5,0,0,5,0,2,18,1,0,0,0,0,0,1,5,1,5,0,0,0,0,27,1,0
C:\Users\Susmi\Desktop\4-1\TermPaperTool\ta4j\ta4j\ta4j\src\main\java\eu\verdelhan\ta4j\BaseTick.java,eu.verdelhan.ta4j.BaseTick,class,3,11,8,3,26,1,1,13,15,0.7416268,0.0,0.0,19,0,18,1,0,0,18,0,0,0,11,1,0,11,0,0,1,0,13,105,11,0,5,0,0,3,3,28,0,11,1,0,0,0,73,1,0
C:\Users\Susmi\Desktop\4-1\TermPaperTool\ta4j\ta4j\ta4j\src\main\java\eu\verdelhan\ta4j\Rule.java,eu.verdelhan.ta4j.Rule,interface,6,33,27,6,6,1,0,1,15,0.0,0.0,0.0,6,0,0,0,0,6,6,0,0,0,0,0,0,0,0,0,0,0,0,18,5,0,0,0,0,0,0,0,0,0,0,0,0,0,50,1,0
C:\Users\Susmi\Desktop\4-1\TermPaperTool\ta4j\ta4j\ta4j\src\test\java\eu\verdelhan\ta4j\indicators\bollinger\BollingerBandsUpperIndicatorTest.java,eu.verdelhan.ta4j.indicators.bollinger.BollingerBandsUpperIndicatorTest,class,12,12,0,12,2,1,0,5,0,0.125,0.0,0.0,2,0,2,0,0,0,2,0,0,0,4,0,0,4,0,0,0,0,23,40,0,0,0,0,0,1,56,8,0,8,0,0,0,0,34,1,0
C:\Users\Susmi\Desktop\4-1\TermPaperTool\ta4j\ta4j\ta4j\src\test\java\eu\verdelhan\ta4j\indicators\volume\OnBalanceVolumeIndicatorTest.java,eu.verdelhan.ta4j.indicators.volume.OnBalanceVolumeIndicatorTest,class,7,7,0,7,3,1,0,4,1,0.0,0.0,0.0,2,0,2,0,0,0,2,0,0,0,0,0,0,0,0,0,0,0,8,28,0,1,0,0,0,0,58,7,0,7,1,0,0,0,27,1,0
C:\Users\Susmi\Desktop\4-1\TermPaperTool\ta4j\ta4j\ta4j\src\main\java\eu\verdelhan\ta4j\indicators\statistics\CorrelationCoefficientIndicator.java,eu.verdelhan.ta4j.indicators.statistics.CorrelationCoefficientIndicator,class,5,6,1,5,2,3,0,4,0,0.0,0.0,0.0,2,0,1,0,1,0,2,0,0,0,3,0,0,3,0,0,0,0,0,17,1,0,0,0,0,0,0,6,0,6,0,0,0,0,26,1,0
C:\Users\Susmi\Desktop\4-1\TermPaperTool\ta4j\ta4j\ta4j\src\test\java\eu\verdelhan\ta4j\indicators\ChandelierExitLongIndicatorTest.java,eu.verdelhan.ta4j.indicators.ChandelierExitLongIndicatorTest,class,8,8,0,8,2,1,0,3,0,0.0,0.0,0.0,2,0,2,0,0,0,2,0,0,0,1,0,0,1,0,0,0,0,10,35,0,0,0,0,0,0,81,3,0,3,0,0,0,0,22,1,0
C:\Users\Susmi\Desktop\4-1\TermPaperTool\ta4j\ta4j\ta4j\src\test\java\eu\verdelhan\ta4j\indicators\helpers\PreviousValueIndicatorTest.java,eu.verdelhan.ta4j.indicators.helpers.PreviousValueIndicatorTest,class,15,16,1,15,13,1,0,10,0,0.46875,0.0,0.0,4,0,3,1,0,0,3,0,0,0,8,0,0,8,0,0,0,0,4,68,0,9,0,0,0,1,21,29,9,25,1,0,0,0,45,1,0
C:\Users\Susmi\Desktop\4-1\TermPaperTool\ta4j\ta4j\ta4j\src\main\java\eu\verdelhan\ta4j\indicators\volume\VWAPIndicator.java,eu.verdelhan.ta4j.indicators.volume.VWAPIndicator,class,6,9,3,6,4,3,0,5,0,0.0,0.0,0.0,2,0,1,0,1,0,2,0,0,0,3,0,0,3,0,0,3,0,1,25,2,1,0,0,0,0,3,10,2,8,1,0,0,0,36,1,0
C:\Users\Susmi\Desktop\4-1\TermPaperTool\ta4j\ta4j\ta4j\src\main\java\eu\verdelhan\ta4j\indicators\AccelerationDecelerationIndicator.java,eu.verdelhan.ta4j.indicators.AccelerationDecelerationIndicator,class,6,7,1,6,3,3,0,2,1,0.33333334,0.0,0.0,3,0,2,0,1,0,3,0,0,0,2,0,0,2,0,0,0,0,0,15,1,0,0,0,0,0,2,2,0,2,0,0,0,0,22,1,0
C:\Users\Susmi\Desktop\4-1\TermPaperTool\ta4j\ta4j\ta4j\src\main\java\eu\verdelhan\ta4j\trading\rules\InPipeRule.java,eu.verdelhan.ta4j.trading.rules.InPipeRule,class,5,6,1,5,3,2,0,4,0,0.0,0.0,0.0,3,0,3,0,0,0,3,0,0,0,3,0,0,3,0,0,0,0,0,18,1,0,0,0,0,0,0,4,0,4,0,0,0,0,33,1,0
C:\Users\Susmi\Desktop\4-1\TermPaperTool\ta4j\ta4j\ta4j\src\main\java\eu\verdelhan\ta4j\indicators\CachedIndicator.java,eu.verdelhan.ta4j.indicators.CachedIndicator,class,5,205,200,5,16,2,0,19,9,0.5833334,0.0,0.0,6,0,3,2,1,0,4,1,0,0,2,0,0,1,1,0,1,0,5,73,2,1,4,0,1,2,11,17,6,11,3,0,0,0,76,1025,1
C:\Users\Susmi\Desktop\4-1\TermPaperTool\ta4j\ta4j\ta4j\src\main\java\eu\verdelhan\ta4j\indicators\helpers\DirectionalDownIndicator.java,eu.verdelhan.ta4j.indicators.helpers.DirectionalDownIndicator,class,6,8,2,6,3,3,0,4,0,0.33333334,0.0,0.0,3,0,2,0,1,0,3,0,0,0,3,0,0,3,0,0,3,0,0,17,2,0,0,0,0,1,0,3,1,3,0,0,0,0,22,1,0
C:\Users\Susmi\Desktop\4-1\TermPaperTool\ta4j\ta4j\ta4j-examples\src\main\java\ta4jexamples\loaders\CsvTradesLoader.java,ta4jexamples.loaders.CsvTradesLoader,class,5,19,14,5,16,1,0,40,6,0.0,0.0,0.0,4,4,2,2,0,0,2,0,0,0,0,0,0,0,0,0,0,0,25,73,2,4,3,2,1,14,18,22,9,16,4,0,0,0,70,1,0
C:\Users\Susmi\Desktop\4-1\TermPaperTool\ta4j\ta4j\ta4j\src\main\java\eu\verdelhan\ta4j\indicators\helpers\DirectionalUpIndicator.java,eu.verdelhan.ta4j.indicators.helpers.DirectionalUpIndicator,class,6,8,2,6,3,3,0,4,0,0.33333334,0.0,0.0,3,0,2,0,1,0,3,0,0,0,3,0,0,3,0,0,2,0,0,17,2,0,0,0,0,1,0,3,1,3,0,0,0,0,22,1,0
C:\Users\Susmi\Desktop\4-1\TermPaperTool\ta4j\ta4j\ta4j\src\main\java\eu\verdelhan\ta4j\indicators\helpers\SmoothedAverageGainIndicator.java,eu.verdelhan.ta4j.indicators.helpers.SmoothedAverageGainIndicator,class,6,9,3,6,5,4,0,10,0,0.33333334,0.0,0.0,3,0,1,1,1,0,2,0,0,0,3,0,0,3,0,0,3,0,2,21,3,0,0,0,0,0,3,4,3,4,1,0,0,0,18,1,0
C:\Users\Susmi\Desktop\4-1\TermPaperTool\ta4j\ta4j\ta4j\src\main\java\eu\verdelhan\ta4j\analysis\criteria\NumberOfTradesCriterion.java,eu.verdelhan.ta4j.analysis.criteria.NumberOfTradesCriterion,class,4,6,2,4,4,2,0,1,3,0.0,0.0,0.0,3,0,3,0,0,0,3,0,0,0,0,0,0,0,0,0,0,0,0,11,3,0,0,0,0,0,1,0,0,0,0,0,0,0,22,1,0
C:\Users\Susmi\Desktop\4-1\TermPaperTool\ta4j\ta4j\ta4j\src\main\java\eu\verdelhan\ta4j\trading\rules\AbstractRule.java,eu.verdelhan.ta4j.trading.rules.AbstractRule,class,2,18,16,2,1,1,16,4,0,0.0,NaN,NaN,1,0,0,0,1,0,1,0,0,0,1,0,0,0,1,0,1,0,0,6,0,0,0,0,0,1,0,1,0,1,0,0,0,0,23,1025,1
C:\Users\Susmi\Desktop\4-1\TermPaperTool\ta4j\ta4j\ta4j\src\main\java\eu\verdelhan\ta4j\analysis\criteria\LinearTransactionCostCriterion.java,eu.verdelhan.ta4j.analysis.criteria.LinearTransactionCostCriterion,class,7,10,3,7,14,2,0,8,0,0.5357143,0.0,0.0,7,0,5,2,0,0,5,0,0,0,4,0,0,4,0,0,0,0,0,55,6,1,4,0,2,0,4,16,6,11,3,0,0,0,63,1,0
C:\Users\Susmi\Desktop\4-1\TermPaperTool\ta4j\ta4j\ta4j\src\main\java\eu\verdelhan\ta4j\indicators\bollinger\BollingerBandsLowerIndicator.java,eu.verdelhan.ta4j.indicators.bollinger.BollingerBandsLowerIndicator,class,4,9,5,4,5,3,0,6,0,0.26666668,0.0,0.0,5,0,4,0,1,0,5,0,0,0,3,0,0,3,0,0,3,0,0,23,3,0,0,0,0,2,0,3,1,3,0,0,0,0,30,1,0
C:\Users\Susmi\Desktop\4-1\TermPaperTool\ta4j\ta4j\ta4j\src\test\java\eu\verdelhan\ta4j\indicators\AccelerationDecelerationIndicatorTest.java,eu.verdelhan.ta4j.indicators.AccelerationDecelerationIndicatorTest,class,9,9,0,9,4,1,0,4,0,0.0,0.0,0.0,4,0,4,0,0,0,4,0,0,0,1,0,0,1,0,0,0,0,15,36,0,0,0,0,0,0,54,5,0,5,0,0,0,0,25,1,0
C:\Users\Susmi\Desktop\4-1\TermPaperTool\ta4j\ta4j\ta4j\src\main\java\eu\verdelhan\ta4j\trading\rules\UnderIndicatorRule.java,eu.verdelhan.ta4j.trading.rules.UnderIndicatorRule,class,5,12,7,5,3,2,0,3,1,0.33333334,0.0,0.0,3,0,3,0,0,0,3,0,0,0,2,0,0,2,0,0,0,0,0,16,1,0,0,0,0,0,0,3,0,3,0,0,0,0,28,1,0
C:\Users\Susmi\Desktop\4-1\TermPaperTool\ta4j\ta4j\ta4j\src\test\java\eu\verdelhan\ta4j\indicators\helpers\SumIndicatorTest.java,eu.verdelhan.ta4j.indicators.helpers.SumIndicatorTest,class,8,8,0,8,2,1,0,4,0,0.375,0.0,0.0,2,0,2,0,0,0,2,0,0,0,4,0,0,4,0,0,0,0,17,21,0,0,0,0,0,16,8,4,0,4,0,0,0,0,14,1,0
C:\Users\Susmi\Desktop\4-1\TermPaperTool\ta4j\ta4j\ta4j\src\test\java\eu\verdelhan\ta4j\indicators\candles\UpperShadowIndicatorTest.java,eu.verdelhan.ta4j.indicators.candles.UpperShadowIndicatorTest,class,9,9,0,9,2,1,0,3,0,0.0,0.0,0.0,2,0,2,0,0,0,2,0,0,0,1,0,0,1,0,0,0,0,5,20,0,0,0,0,0,0,30,3,0,3,0,0,0,0,18,1,0
C:\Users\Susmi\Desktop\4-1\TermPaperTool\ta4j\ta4j\ta4j\src\test\java\eu\verdelhan\ta4j\TradeTest.java,eu.verdelhan.ta4j.TradeTest,class,4,4,0,4,12,1,0,12,16,0.75,0.0,0.0,12,0,12,0,0,0,12,0,0,0,1,0,0,1,0,0,0,0,6,67,0,0,0,0,0,0,27,8,0,8,0,0,0,0,50,1,0
C:\Users\Susmi\Desktop\4-1\TermPaperTool\ta4j\ta4j\ta4j\src\test\java\eu\verdelhan\ta4j\analysis\criteria\MaximumDrawdownCriterionTest.java,eu.verdelhan.ta4j.analysis.criteria.MaximumDrawdownCriterionTest,class,7,7,0,7,7,1,0,7,21,0.0,0.0,0.0,7,0,7,0,0,0,7,0,0,0,0,0,0,0,0,0,0,0,24,41,0,0,0,0,0,0,67,17,0,17,0,0,0,0,37,1,0
C:\Users\Susmi\Desktop\4-1\TermPaperTool\ta4j\ta4j\ta4j\src\main\java\eu\verdelhan\ta4j\indicators\bollinger\BollingerBandsUpperIndicator.java,eu.verdelhan.ta4j.indicators.bollinger.BollingerBandsUpperIndicator,class,4,9,5,4,5,3,0,6,0,0.26666668,0.0,0.0,5,0,4,0,1,0,5,0,0,0,3,0,0,3,0,0,3,0,0,23,3,0,0,0,0,2,0,3,1,3,0,0,0,0,30,1,0
C:\Users\Susmi\Desktop\4-1\TermPaperTool\ta4j\ta4j\ta4j\src\main\java\eu\verdelhan\ta4j\indicators\RAVIIndicator.java,eu.verdelhan.ta4j.indicators.RAVIIndicator,class,4,5,1,4,2,3,0,4,0,0.0,0.0,0.0,2,0,1,0,1,0,2,0,0,0,2,0,0,2,0,0,2,0,0,14,1,0,0,0,0,0,0,4,0,4,0,0,0,0,24,1,0
C:\Users\Susmi\Desktop\4-1\TermPaperTool\ta4j\ta4j\ta4j\src\test\java\eu\verdelhan\ta4j\indicators\RSIIndicatorTest.java,eu.verdelhan.ta4j.indicators.RSIIndicatorTest,class,9,9,0,9,7,1,0,3,0,0.42857143,0.0,0.0,7,0,7,0,0,0,7,0,0,0,3,0,0,3,0,0,0,0,15,48,0,0,0,0,0,0,78,9,0,9,0,0,0,0,38,1,0
C:\Users\Susmi\Desktop\4-1\TermPaperTool\ta4j\ta4j\ta4j\src\test\java\eu\verdelhan\ta4j\indicators\helpers\TypicalPriceIndicatorTest.java,eu.verdelhan.ta4j.indicators.helpers.TypicalPriceIndicatorTest,class,8,8,0,8,3,1,0,8,0,0.0,0.0,0.0,2,0,2,0,0,0,2,0,0,0,2,0,0,1,0,1,0,0,0,15,0,1,0,0,0,0,2,5,0,5,1,0,0,0,21,1,0
C:\Users\Susmi\Desktop\4-1\TermPaperTool\ta4j\ta4j\ta4j\src\test\java\eu\verdelhan\ta4j\TimeSeriesTest.java,eu.verdelhan.ta4j.TimeSeriesTest,class,8,8,0,8,19,1,0,27,0,0.6754386,0.0,0.0,19,0,19,0,0,0,19,0,0,0,6,0,0,6,0,0,0,0,18,132,0,0,0,0,0,2,134,12,2,11,0,0,0,0,64,1,0
C:\Users\Susmi\Desktop\4-1\TermPaperTool\ta4j\ta4j\ta4j\src\main\java\eu\verdelhan\ta4j\indicators\AbstractIndicator.java,eu.verdelhan.ta4j.indicators.AbstractIndicator,class,4,14,10,4,3,1,0,3,1,0.6666667,0.0,0.0,3,0,3,0,0,0,3,0,0,0,2,0,0,1,1,0,1,0,0,13,2,0,0,0,0,0,0,2,0,2,0,0,0,0,17,1025,0
C:\Users\Susmi\Desktop\4-1\TermPaperTool\ta4j\ta4j\ta4j\src\main\java\eu\verdelhan\ta4j\indicators\CoppockCurveIndicator.java,eu.verdelhan.ta4j.indicators.CoppockCurveIndicator,class,6,7,1,6,2,3,0,1,0,0.0,0.0,0.0,2,0,1,0,1,0,2,0,0,0,1,0,0,1,0,0,1,0,0,11,1,0,0,0,0,0,0,2,0,2,0,0,0,0,29,1,0
C:\Users\Susmi\Desktop\4-1\TermPaperTool\ta4j\ta4j\ta4j\src\main\java\eu\verdelhan\ta4j\indicators\SMAIndicator.java,eu.verdelhan.ta4j.indicators.SMAIndicator,class,3,33,30,3,4,3,0,8,0,0.16666667,0.0,0.0,3,0,2,0,1,0,3,0,0,0,2,0,0,2,0,0,2,0,3,20,2,1,0,0,0,1,3,6,4,5,1,0,0,0,21,1,0
C:\Users\Susmi\Desktop\4-1\TermPaperTool\ta4j\ta4j\ta4j\src\main\java\eu\verdelhan\ta4j\indicators\TripleEMAIndicator.java,eu.verdelhan.ta4j.indicators.TripleEMAIndicator,class,5,6,1,5,2,3,0,4,0,0.0,0.0,0.0,2,0,1,0,1,0,2,0,0,0,2,0,0,2,0,0,2,0,0,14,1,0,0,0,0,0,0,4,0,4,0,0,0,0,20,1,0
C:\Users\Susmi\Desktop\4-1\TermPaperTool\ta4j\ta4j\ta4j\src\test\java\eu\verdelhan\ta4j\indicators\helpers\MeanDeviationIndicatorTest.java,eu.verdelhan.ta4j.indicators.helpers.MeanDeviationIndicatorTest,class,8,8,0,8,4,1,0,3,0,0.0,0.0,0.0,4,0,4,0,0,0,4,0,0,0,1,0,0,1,0,0,0,0,8,23,0,0,0,0,0,0,30,4,0,4,0,0,0,0,26,1,0
C:\Users\Susmi\Desktop\4-1\TermPaperTool\ta4j\ta4j\ta4j\src\test\java\eu\verdelhan\ta4j\TickTest.java,eu.verdelhan.ta4j.TickTest,class,5,5,0,5,5,1,0,22,0,0.26666668,0.0,0.0,5,0,5,0,0,0,5,0,0,0,3,0,0,3,0,0,0,0,11,36,0,0,0,0,0,0,36,3,5,3,0,0,0,0,23,1,0
C:\Users\Susmi\Desktop\4-1\TermPaperTool\ta4j\ta4j\ta4j\src\test\java\eu\verdelhan\ta4j\indicators\candles\BearishEngulfingIndicatorTest.java,eu.verdelhan.ta4j.indicators.candles.BearishEngulfingIndicatorTest,class,8,8,0,8,2,1,0,4,0,0.0,0.0,0.0,2,0,2,0,0,0,2,0,0,0,1,0,0,1,0,0,0,0,0,20,0,0,0,0,0,0,25,3,0,3,0,0,0,0,18,1,0
C:\Users\Susmi\Desktop\4-1\TermPaperTool\ta4j\ta4j\ta4j\src\test\java\eu\verdelhan\ta4j\indicators\HMAIndicatorTest.java,eu.verdelhan.ta4j.indicators.HMAIndicatorTest,class,8,8,0,8,2,1,0,2,0,0.0,0.0,0.0,2,0,2,0,0,0,2,0,0,0,1,0,0,1,0,0,0,0,11,20,0,0,0,0,0,0,44,2,0,2,0,0,0,0,19,1,0
C:\Users\Susmi\Desktop\4-1\TermPaperTool\ta4j\ta4j\ta4j\src\test\java\eu\verdelhan\ta4j\analysis\criteria\TotalProfitCriterionTest.java,eu.verdelhan.ta4j.analysis.criteria.TotalProfitCriterionTest,class,7,7,0,7,6,1,0,9,15,0.0,0.0,0.0,6,0,6,0,0,0,6,0,0,0,0,0,0,0,0,0,0,0,12,38,0,0,0,0,2,0,58,15,5,15,0,0,0,0,35,1,0
C:\Users\Susmi\Desktop\4-1\TermPaperTool\ta4j\ta4j\ta4j\src\main\java\eu\verdelhan\ta4j\indicators\KAMAIndicator.java,eu.verdelhan.ta4j.indicators.KAMAIndicator,class,3,4,1,3,4,3,0,10,0,0.0,0.0,0.0,2,0,1,0,1,0,2,0,0,0,4,0,0,4,0,0,4,0,3,29,2,1,0,0,0,0,6,13,5,12,1,0,0,0,42,1,0
C:\Users\Susmi\Desktop\4-1\TermPaperTool\ta4j\ta4j\ta4j\src\test\java\eu\verdelhan\ta4j\indicators\statistics\CorrelationCoefficientIndicatorTest.java,eu.verdelhan.ta4j.indicators.statistics.CorrelationCoefficientIndicatorTest,class,12,12,0,12,2,1,0,6,0,0.16666667,0.0,0.0,2,0,2,0,0,0,2,0,0,0,2,0,0,2,0,0,0,0,19,53,0,0,0,0,0,0,81,5,0,5,0,0,0,0,26,1,0
C:\Users\Susmi\Desktop\4-1\TermPaperTool\ta4j\ta4j\ta4j\src\main\java\eu\verdelhan\ta4j\indicators\statistics\VarianceIndicator.java,eu.verdelhan.ta4j.indicators.statistics.VarianceIndicator,class,4,7,3,4,4,3,0,10,0,0.22222222,0.0,0.0,3,0,2,0,1,0,3,0,0,0,3,0,0,3,0,0,0,0,2,26,2,1,0,0,0,1,4,11,5,9,1,0,0,0,27,1,0
C:\Users\Susmi\Desktop\4-1\TermPaperTool\ta4j\ta4j\ta4j\src\main\java\eu\verdelhan\ta4j\indicators\ROCIndicator.java,eu.verdelhan.ta4j.indicators.ROCIndicator,class,3,6,3,3,2,3,0,5,0,0.0,0.0,0.0,2,0,1,0,1,0,2,0,0,0,2,0,0,2,0,0,2,0,1,15,1,0,0,0,0,0,1,5,1,5,0,0,0,0,27,1,0
C:\Users\Susmi\Desktop\4-1\TermPaperTool\ta4j\ta4j\ta4j\src\test\java\eu\verdelhan\ta4j\indicators\RandomWalkIndexHighIndicatorTest.java,eu.verdelhan.ta4j.indicators.RandomWalkIndexHighIndicatorTest,class,9,9,0,9,2,1,0,3,0,0.0,0.0,0.0,2,0,2,0,0,0,2,0,0,0,1,0,0,0,1,0,0,0,13,43,0,0,0,0,0,0,107,3,0,3,0,0,0,0,21,1,0
C:\Users\Susmi\Desktop\4-1\TermPaperTool\ta4j\ta4j\ta4j\src\test\java\eu\verdelhan\ta4j\indicators\helpers\TradeCountIndicatorTest.java,eu.verdelhan.ta4j.indicators.helpers.TradeCountIndicatorTest,class,7,7,0,7,3,1,0,4,0,0.0,0.0,0.0,2,0,2,0,0,0,2,0,0,0,2,0,0,1,0,1,0,0,0,13,0,1,0,0,0,0,2,3,0,3,1,0,0,0,18,1,0
C:\Users\Susmi\Desktop\4-1\TermPaperTool\ta4j\ta4j\ta4j\src\test\java\eu\verdelhan\ta4j\indicators\MassIndexIndicatorTest.java,eu.verdelhan.ta4j.indicators.MassIndexIndicatorTest,class,8,8,0,8,2,1,0,4,0,0.0,0.0,0.0,2,0,2,0,0,0,2,0,0,0,1,0,0,1,0,0,0,0,7,37,0,0,0,0,0,0,96,3,0,3,0,0,0,0,19,1,0
C:\Users\Susmi\Desktop\4-1\TermPaperTool\ta4j\ta4j\ta4j\src\test\java\eu\verdelhan\ta4j\indicators\volume\ChaikinMoneyFlowIndicatorTest.java,eu.verdelhan.ta4j.indicators.volume.ChaikinMoneyFlowIndicatorTest,class,7,7,0,7,1,1,0,4,0,0.0,NaN,NaN,1,0,1,0,0,0,1,0,0,0,0,0,0,0,0,0,0,0,14,51,0,0,0,0,0,150,27,4,0,4,0,0,0,0,20,1,0
C:\Users\Susmi\Desktop\4-1\TermPaperTool\ta4j\ta4j\ta4j\src\main\java\eu\verdelhan\ta4j\indicators\candles\ThreeWhiteSoldiersIndicator.java,eu.verdelhan.ta4j.indicators.candles.ThreeWhiteSoldiersIndicator,class,7,9,2,7,8,3,0,13,0,0.52,0.0,0.0,5,0,1,3,1,0,2,0,0,0,5,0,0,5,0,0,4,0,0,48,7,0,0,0,0,0,7,16,5,15,2,0,0,0,60,1,0
C:\Users\Susmi\Desktop\4-1\TermPaperTool\ta4j\ta4j\ta4j\src\main\java\eu\verdelhan\ta4j\indicators\RSIIndicator.java,eu.verdelhan.ta4j.indicators.RSIIndicator,class,5,10,5,5,5,3,1,5,1,0.33333334,0.0,0.0,3,0,2,0,1,0,3,0,0,0,2,0,0,2,0,0,0,0,0,25,3,0,1,0,0,0,1,6,0,6,1,0,0,0,38,1,0
C:\Users\Susmi\Desktop\4-1\TermPaperTool\ta4j\ta4j\ta4j\src\test\java\eu\verdelhan\ta4j\analysis\criteria\RewardRiskRatioCriterionTest.java,eu.verdelhan.ta4j.analysis.criteria.RewardRiskRatioCriterionTest,class,8,8,0,8,6,1,0,9,3,0.33333334,0.0,0.0,6,0,6,0,0,0,6,0,0,0,1,0,0,1,0,0,0,0,14,34,0,0,0,0,13,0,66,13,17,13,0,0,0,0,45,1,0
C:\Users\Susmi\Desktop\4-1\TermPaperTool\ta4j\ta4j\ta4j\src\main\java\eu\verdelhan\ta4j\indicators\helpers\MedianPriceIndicator.java,eu.verdelhan.ta4j.indicators.helpers.MedianPriceIndicator,class,4,8,4,4,2,3,0,5,0,0.0,0.0,0.0,2,0,1,0,1,0,2,0,0,0,1,0,0,1,0,0,0,0,0,10,1,0,0,0,0,0,0,1,0,1,0,0,0,0,12,1,0
C:\Users\Susmi\Desktop\4-1\TermPaperTool\ta4j\ta4j\ta4j\src\test\java\eu\verdelhan\ta4j\indicators\helpers\MultiplierIndicatorTest.java,eu.verdelhan.ta4j.indicators.helpers.MultiplierIndicatorTest,class,7,7,0,7,2,1,0,4,0,0.0,0.0,0.0,2,0,2,0,0,0,2,0,0,0,2,0,0,2,0,0,0,0,6,14,0,0,0,0,0,5,5,2,0,2,0,0,0,0,10,1,0
C:\Users\Susmi\Desktop\4-1\TermPaperTool\ta4j\ta4j\ta4j\src\main\java\eu\verdelhan\ta4j\indicators\volume\ChaikinMoneyFlowIndicator.java,eu.verdelhan.ta4j.indicators.volume.ChaikinMoneyFlowIndicator,class,7,9,2,7,4,3,0,8,0,0.33333334,0.0,0.0,3,0,1,1,1,0,2,0,0,0,4,0,0,4,0,0,0,0,1,25,2,1,0,0,0,0,2,9,2,8,1,0,0,0,35,1,0
C:\Users\Susmi\Desktop\4-1\TermPaperTool\ta4j\ta4j\ta4j\src\main\java\eu\verdelhan\ta4j\indicators\candles\DojiIndicator.java,eu.verdelhan.ta4j.indicators.candles.DojiIndicator,class,7,8,1,7,3,3,0,5,0,0.0,0.0,0.0,2,0,1,0,1,0,2,0,0,0,3,0,0,3,0,0,3,0,0,19,2,0,0,0,0,0,2,5,1,5,1,0,0,0,45,1,0
C:\Users\Susmi\Desktop\4-1\TermPaperTool\ta4j\ta4j\ta4j\src\main\java\eu\verdelhan\ta4j\trading\rules\CrossedDownIndicatorRule.java,eu.verdelhan.ta4j.trading.rules.CrossedDownIndicatorRule,class,7,12,5,7,3,2,0,2,1,0.33333334,0.0,0.0,3,0,3,0,0,0,3,0,0,0,1,0,0,1,0,0,0,0,0,14,1,0,0,0,0,0,0,2,0,2,0,0,0,0,29,1,0
C:\Users\Susmi\Desktop\4-1\TermPaperTool\ta4j\ta4j\ta4j\src\main\java\eu\verdelhan\ta4j\analysis\criteria\MaximumDrawdownCriterion.java,eu.verdelhan.ta4j.analysis.criteria.MaximumDrawdownCriterion,class,7,11,4,7,12,2,0,11,6,0.0,0.0,0.0,4,0,3,1,0,0,3,0,0,0,0,0,0,0,0,0,0,0,0,35,5,1,3,0,0,0,1,11,0,9,3,0,0,0,39,1,0
C:\Users\Susmi\Desktop\4-1\TermPaperTool\ta4j\ta4j\ta4j\src\main\java\eu\verdelhan\ta4j\analysis\criteria\TotalProfitCriterion.java,eu.verdelhan.ta4j.analysis.criteria.TotalProfitCriterion,class,8,22,14,8,8,2,0,11,6,0.0,0.0,0.0,4,0,3,1,0,0,3,0,0,0,0,0,0,0,0,0,0,0,0,29,4,1,0,0,0,0,1,7,0,4,2,0,0,0,40,1,0
C:\Users\Susmi\Desktop\4-1\TermPaperTool\ta4j\ta4j\ta4j\src\test\java\eu\verdelhan\ta4j\analysis\criteria\AbstractAnalysisCriterionTest.java,eu.verdelhan.ta4j.analysis.criteria.AbstractAnalysisCriterionTest,class,13,13,0,13,4,1,0,4,0,0.41666666,0.0,0.0,4,0,4,0,0,0,4,0,0,0,3,0,0,3,0,0,0,0,0,32,0,0,0,0,0,3,10,12,0,12,0,0,0,0,43,1,0
C:\Users\Susmi\Desktop\4-1\TermPaperTool\ta4j\ta4j\ta4j\src\main\java\eu\verdelhan\ta4j\indicators\keltner\KeltnerChannelUpperIndicator.java,eu.verdelhan.ta4j.indicators.keltner.KeltnerChannelUpperIndicator,class,6,7,1,6,2,3,0,5,0,0.0,0.0,0.0,2,0,1,0,1,0,2,0,0,0,3,0,0,3,0,0,3,0,0,14,1,0,0,0,0,0,0,3,0,3,0,0,0,0,23,1,0
C:\Users\Susmi\Desktop\4-1\TermPaperTool\ta4j\ta4j\ta4j\src\main\java\eu\verdelhan\ta4j\indicators\statistics\StandardErrorIndicator.java,eu.verdelhan.ta4j.indicators.statistics.StandardErrorIndicator,class,4,5,1,4,2,3,0,5,0,0.0,0.0,0.0,2,0,1,0,1,0,2,0,0,0,2,0,0,2,0,0,0,0,3,14,1,0,0,0,0,0,3,4,4,4,0,0,0,0,19,1,0
C:\Users\Susmi\Desktop\4-1\TermPaperTool\ta4j\ta4j\ta4j\src\main\java\eu\verdelhan\ta4j\indicators\AwesomeOscillatorIndicator.java,eu.verdelhan.ta4j.indicators.AwesomeOscillatorIndicator,class,4,6,2,4,3,3,0,2,1,0.33333334,0.0,0.0,3,0,2,0,1,0,3,0,0,0,2,0,0,2,0,0,0,0,0,15,1,0,0,0,0,0,2,2,0,2,0,0,0,0,19,1,0
C:\Users\Susmi\Desktop\4-1\TermPaperTool\ta4j\ta4j\ta4j\src\main\java\eu\verdelhan\ta4j\Order.java,eu.verdelhan.ta4j.Order,class,3,32,29,3,27,1,0,3,0,0.5733333,0.0,0.0,15,4,13,0,2,0,15,0,0,0,5,1,0,5,0,0,1,0,1,87,19,0,10,0,2,5,1,8,2,6,1,0,1,0,75,1,0
C:\Users\Susmi\Desktop\4-1\TermPaperTool\ta4j\ta4j\ta4j\src\test\java\eu\verdelhan\ta4j\indicators\WilliamsRIndicatorTest.java,eu.verdelhan.ta4j.indicators.WilliamsRIndicatorTest,class,11,11,0,11,4,1,0,3,0,0.0,0.0,0.0,4,0,4,0,0,0,4,0,0,0,1,0,0,1,0,0,0,0,15,44,0,0,0,0,4,0,93,5,8,5,0,0,0,0,30,1,0
C:\Users\Susmi\Desktop\4-1\TermPaperTool\ta4j\ta4j\ta4j\src\test\java\eu\verdelhan\ta4j\indicators\ZLEMAIndicatorTest.java,eu.verdelhan.ta4j.indicators.ZLEMAIndicatorTest,class,10,10,0,10,6,1,0,5,0,0.0,0.0,0.0,5,0,5,0,0,0,5,0,0,0,1,0,0,1,0,0,0,0,5,27,0,1,0,0,0,2,27,7,0,7,1,0,0,0,37,1,0
C:\Users\Susmi\Desktop\4-1\TermPaperTool\ta4j\ta4j\ta4j\src\main\java\eu\verdelhan\ta4j\trading\rules\WaitForRule.java,eu.verdelhan.ta4j.trading.rules.WaitForRule,class,4,5,1,4,4,2,0,3,0,0.0,0.0,0.0,2,0,2,0,0,0,2,0,0,0,2,0,0,2,0,0,0,0,0,20,1,0,2,0,0,0,0,6,1,5,2,0,0,0,43,1,0
C:\Users\Susmi\Desktop\4-1\TermPaperTool\ta4j\ta4j\ta4j\src\main\java\eu\verdelhan\ta4j\indicators\helpers\OpenPriceIndicator.java,eu.verdelhan.ta4j.indicators.helpers.OpenPriceIndicator,class,4,6,2,4,2,3,0,2,0,0.0,0.0,0.0,2,0,1,0,1,0,2,0,0,0,1,0,0,1,0,0,0,0,0,10,1,0,0,0,0,0,0,1,0,1,0,0,0,0,10,1,0
C:\Users\Susmi\Desktop\4-1\TermPaperTool\ta4j\ta4j\ta4j\src\test\java\eu\verdelhan\ta4j\indicators\PPOIndicatorTest.java,eu.verdelhan.ta4j.indicators.PPOIndicatorTest,class,8,8,0,8,2,1,0,2,0,0.25,0.0,0.0,2,0,2,0,0,0,2,0,0,0,2,0,0,2,0,0,0,0,5,16,0,0,0,0,0,0,42,3,0,3,0,0,0,0,23,1,0
C:\Users\Susmi\Desktop\4-1\TermPaperTool\ta4j\ta4j\ta4j\src\test\java\eu\verdelhan\ta4j\indicators\volume\AccumulationDistributionIndicatorTest.java,eu.verdelhan.ta4j.indicators.volume.AccumulationDistributionIndicatorTest,class,8,8,0,8,1,1,0,5,0,0.0,NaN,NaN,1,0,1,0,0,0,1,0,0,0,0,0,0,0,0,0,0,0,6,18,0,0,0,0,8,0,57,4,12,4,0,0,0,0,20,1,0
C:\Users\Susmi\Desktop\4-1\TermPaperTool\ta4j\ta4j\ta4j\src\main\java\eu\verdelhan\ta4j\indicators\AroonDownIndicator.java,eu.verdelhan.ta4j.indicators.AroonDownIndicator,class,5,5,0,5,4,3,0,6,0,0.0,0.0,0.0,2,0,1,0,1,0,2,0,0,0,3,0,0,3,0,0,3,0,3,23,1,1,0,0,0,0,2,7,3,7,2,0,0,0,24,1,0
C:\Users\Susmi\Desktop\4-1\TermPaperTool\ta4j\ta4j\ta4j\src\main\java\eu\verdelhan\ta4j\indicators\ichimoku\IchimokuSenkouSpanBIndicator.java,eu.verdelhan.ta4j.indicators.ichimoku.IchimokuSenkouSpanBIndicator,class,2,3,1,2,2,4,0,0,1,0.0,0.0,0.0,2,0,2,0,0,0,2,0,0,0,0,0,0,0,0,0,0,0,0,8,0,0,0,0,0,0,1,0,0,0,0,0,0,0,18,1,0
C:\Users\Susmi\Desktop\4-1\TermPaperTool\ta4j\ta4j\ta4j\src\main\java\eu\verdelhan\ta4j\indicators\helpers\AverageLossIndicator.java,eu.verdelhan.ta4j.indicators.helpers.AverageLossIndicator,class,4,8,4,4,2,3,0,4,0,0.0,0.0,0.0,2,0,1,0,1,0,2,0,0,0,2,0,0,2,0,0,2,0,2,13,1,0,0,0,0,0,1,3,1,3,0,0,0,0,15,1,0
C:\Users\Susmi\Desktop\4-1\TermPaperTool\ta4j\ta4j\ta4j-examples\src\main\java\ta4jexamples\analysis\StrategyAnalysis.java,ta4jexamples.analysis.StrategyAnalysis,class,16,16,0,16,1,1,0,14,0,0.0,NaN,NaN,1,1,1,0,0,0,1,0,0,0,0,0,0,0,0,0,0,0,2,19,0,0,0,0,0,10,2,5,10,5,0,0,0,0,57,1,0
C:\Users\Susmi\Desktop\4-1\TermPaperTool\ta4j\ta4j\ta4j\src\test\java\eu\verdelhan\ta4j\indicators\UlcerIndexIndicatorTest.java,eu.verdelhan.ta4j.indicators.UlcerIndexIndicatorTest,class,8,8,0,8,2,1,0,3,0,0.0,0.0,0.0,2,0,2,0,0,0,2,0,0,0,1,0,0,1,0,0,0,0,18,27,0,0,0,0,0,0,80,2,0,2,0,0,0,0,22,1,0
C:\Users\Susmi\Desktop\4-1\TermPaperTool\ta4j\ta4j\ta4j\src\test\java\eu\verdelhan\ta4j\trading\rules\AndRuleTest.java,eu.verdelhan.ta4j.trading.rules.AndRuleTest,class,4,4,0,4,2,1,0,4,0,0.0,0.0,0.0,2,0,2,0,0,0,2,0,0,0,2,0,0,2,0,0,0,0,0,18,0,0,0,0,0,0,8,2,0,2,0,0,0,0,15,1,0
C:\Users\Susmi\Desktop\4-1\TermPaperTool\ta4j\ta4j\ta4j-examples\src\main\java\ta4jexamples\walkforward\WalkForward.java,ta4jexamples.walkforward.WalkForward,class,13,14,1,13,20,1,0,33,10,0.0,0.0,0.0,5,5,5,0,0,0,5,0,0,0,0,0,0,0,0,0,0,0,11,72,4,5,2,0,0,9,4,28,5,26,3,0,0,0,101,1,0
C:\Users\Susmi\Desktop\4-1\TermPaperTool\ta4j\ta4j\ta4j\src\test\java\eu\verdelhan\ta4j\indicators\helpers\ClosePriceIndicatorTest.java,eu.verdelhan.ta4j.indicators.helpers.ClosePriceIndicatorTest,class,7,7,0,7,3,1,0,4,0,0.0,0.0,0.0,2,0,2,0,0,0,2,0,0,0,2,0,0,1,0,1,0,0,0,13,0,1,0,0,0,0,2,3,0,3,1,0,0,0,18,1,0
C:\Users\Susmi\Desktop\4-1\TermPaperTool\ta4j\ta4j\ta4j\src\test\java\eu\verdelhan\ta4j\indicators\helpers\VolumeIndicatorTest.java,eu.verdelhan.ta4j.indicators.helpers.VolumeIndicatorTest,class,8,8,0,8,3,1,0,6,1,0.0,0.0,0.0,2,0,2,0,0,0,2,0,0,0,0,0,0,0,0,0,0,0,7,27,0,1,0,0,0,0,31,5,0,5,1,0,0,0,19,1,0
C:\Users\Susmi\Desktop\4-1\TermPaperTool\ta4j\ta4j\ta4j\src\main\java\eu\verdelhan\ta4j\Strategy.java,eu.verdelhan.ta4j.Strategy,interface,4,23,19,4,13,1,0,9,36,0.0,0.0,0.0,9,0,0,0,0,9,9,0,0,0,0,0,0,0,0,0,0,0,0,36,9,0,0,0,0,0,0,3,0,3,1,0,0,0,62,1,0
C:\Users\Susmi\Desktop\4-1\TermPaperTool\ta4j\ta4j\ta4j\src\main\java\eu\verdelhan\ta4j\Decimal.java,eu.verdelhan.ta4j.Decimal,class,1,168,167,1,96,1,0,18,0,0.84766585,0.0,0.0,37,4,31,6,0,0,31,0,0,0,11,10,9,2,0,0,11,0,11,212,60,0,44,0,31,2,23,17,0,12,1,0,0,0,152,17,0
C:\Users\Susmi\Desktop\4-1\TermPaperTool\ta4j\ta4j\ta4j\src\test\java\eu\verdelhan\ta4j\trading\rules\BooleanRuleTest.java,eu.verdelhan.ta4j.trading.rules.BooleanRuleTest,class,4,4,0,4,2,1,0,3,0,0.0,0.0,0.0,2,0,2,0,0,0,2,0,0,0,2,0,0,2,0,0,0,0,0,18,0,0,0,0,0,0,8,2,0,2,0,0,0,0,14,1,0
C:\Users\Susmi\Desktop\4-1\TermPaperTool\ta4j\ta4j\ta4j\src\main\java\eu\verdelhan\ta4j\indicators\statistics\StandardDeviationIndicator.java,eu.verdelhan.ta4j.indicators.statistics.StandardDeviationIndicator,class,4,12,8,4,2,3,0,2,0,0.0,0.0,0.0,2,0,1,0,1,0,2,0,0,0,1,0,0,1,0,0,0,0,0,10,1,0,0,0,0,0,0,1,0,1,0,0,0,0,15,1,0
C:\Users\Susmi\Desktop\4-1\TermPaperTool\ta4j\ta4j\ta4j\src\main\java\eu\verdelhan\ta4j\trading\rules\StopGainRule.java,eu.verdelhan.ta4j.trading.rules.StopGainRule,class,7,9,2,7,5,2,0,12,0,0.0,0.0,0.0,2,0,2,0,0,0,2,0,0,0,2,0,0,2,0,0,0,0,0,27,1,0,1,0,0,0,0,9,0,7,3,0,0,0,38,1,0
C:\Users\Susmi\Desktop\4-1\TermPaperTool\ta4j\ta4j\ta4j\src\test\java\eu\verdelhan\ta4j\indicators\candles\DojiIndicatorTest.java,eu.verdelhan.ta4j.indicators.candles.DojiIndicatorTest,class,9,9,0,9,3,1,0,5,1,0.33333334,0.0,0.0,3,0,3,0,0,0,3,0,0,0,1,0,0,1,0,0,0,0,3,28,0,0,0,0,0,3,37,5,0,4,0,0,0,0,21,1,0
C:\Users\Susmi\Desktop\4-1\TermPaperTool\ta4j\ta4j\ta4j\src\test\java\eu\verdelhan\ta4j\trading\rules\CrossedDownIndicatorRuleTest.java,eu.verdelhan.ta4j.trading.rules.CrossedDownIndicatorRuleTest,class,7,7,0,7,2,1,0,3,0,0.25,0.0,0.0,2,0,2,0,0,0,2,0,0,0,2,0,0,2,0,0,0,0,0,18,0,0,0,0,0,0,16,2,0,2,0,0,0,0,16,1,0
C:\Users\Susmi\Desktop\4-1\TermPaperTool\ta4j\ta4j\ta4j\src\main\java\eu\verdelhan\ta4j\indicators\HMAIndicator.java,eu.verdelhan.ta4j.indicators.HMAIndicator,class,6,7,1,6,3,3,0,4,0,0.33333334,0.0,0.0,3,0,2,0,1,0,3,0,0,0,2,0,0,2,0,0,2,0,1,18,2,0,0,0,0,1,1,5,2,5,0,0,0,0,27,1,0
C:\Users\Susmi\Desktop\4-1\TermPaperTool\ta4j\ta4j\ta4j\src\main\java\eu\verdelhan\ta4j\indicators\helpers\PriceVariationIndicator.java,eu.verdelhan.ta4j.indicators.helpers.PriceVariationIndicator,class,4,6,2,4,2,3,0,4,0,0.0,0.0,0.0,2,0,1,0,1,0,2,0,0,0,1,0,0,1,0,0,0,0,1,12,1,0,0,0,0,0,2,3,1,3,0,0,0,0,14,1,0
C:\Users\Susmi\Desktop\4-1\TermPaperTool\ta4j\ta4j\ta4j\src\main\java\eu\verdelhan\ta4j\indicators\bollinger\BollingerBandsMiddleIndicator.java,eu.verdelhan.ta4j.indicators.bollinger.BollingerBandsMiddleIndicator,class,3,12,9,3,4,3,0,3,0,0.0,0.0,0.0,4,0,3,0,1,0,4,0,0,0,1,0,0,1,0,0,1,0,0,16,3,0,0,0,0,1,0,1,1,1,0,0,0,0,25,1,0
C:\Users\Susmi\Desktop\4-1\TermPaperTool\ta4j\ta4j\ta4j\src\main\java\eu\verdelhan\ta4j\indicators\candles\BullishHaramiIndicator.java,eu.verdelhan.ta4j.indicators.candles.BullishHaramiIndicator,class,4,5,1,4,5,3,0,7,0,0.0,0.0,0.0,2,0,1,0,1,0,2,0,0,0,1,0,0,1,0,0,1,0,0,22,3,0,0,0,0,0,2,7,1,7,1,0,0,0,23,1,0
C:\Users\Susmi\Desktop\4-1\TermPaperTool\ta4j\ta4j\ta4j\src\main\java\eu\verdelhan\ta4j\indicators\helpers\LowestValueIndicator.java,eu.verdelhan.ta4j.indicators.helpers.LowestValueIndicator,class,3,13,10,3,5,3,0,5,0,0.16666667,0.0,0.0,3,0,2,0,1,0,3,0,0,0,2,0,0,2,0,0,2,0,1,22,2,1,0,0,0,1,3,6,4,5,2,0,0,0,17,1,0
C:\Users\Susmi\Desktop\4-1\TermPaperTool\ta4j\ta4j\ta4j\src\test\java\eu\verdelhan\ta4j\indicators\keltner\KeltnerChannelUpperIndicatorTest.java,eu.verdelhan.ta4j.indicators.keltner.KeltnerChannelUpperIndicatorTest,class,12,12,0,12,2,1,0,4,0,0.0,0.0,0.0,2,0,2,0,0,0,2,0,0,0,1,0,0,1,0,0,0,0,18,60,0,0,0,0,0,0,165,4,0,4,0,0,0,0,22,1,0
C:\Users\Susmi\Desktop\4-1\TermPaperTool\ta4j\ta4j\ta4j\src\main\java\eu\verdelhan\ta4j\indicators\helpers\FixedBooleanIndicator.java,eu.verdelhan.ta4j.indicators.helpers.FixedBooleanIndicator,class,1,2,1,1,1,3,0,0,0,0.0,NaN,NaN,1,0,1,0,0,0,1,0,0,0,0,0,0,0,0,0,0,0,0,5,0,0,0,0,0,0,0,0,0,0,0,0,0,0,12,1,0
C:\Users\Susmi\Desktop\4-1\TermPaperTool\ta4j\ta4j\ta4j\src\main\java\eu\verdelhan\ta4j\trading\rules\NotRule.java,eu.verdelhan.ta4j.trading.rules.NotRule,class,3,4,1,3,2,2,0,2,0,0.0,0.0,0.0,2,0,2,0,0,0,2,0,0,0,1,0,0,1,0,0,0,0,0,11,1,0,0,0,0,0,0,2,0,2,0,0,0,0,22,1,0
C:\Users\Susmi\Desktop\4-1\TermPaperTool\ta4j\ta4j\ta4j\src\test\java\eu\verdelhan\ta4j\indicators\AverageDirectionalMovementIndicatorTest.java,eu.verdelhan.ta4j.indicators.AverageDirectionalMovementIndicatorTest,class,7,7,0,7,1,1,0,4,0,0.0,NaN,NaN,1,0,1,0,0,0,1,0,0,0,0,0,0,0,0,0,0,0,3,19,0,0,0,0,16,0,67,9,53,7,0,0,0,0,26,1,0
C:\Users\Susmi\Desktop\4-1\TermPaperTool\ta4j\ta4j\ta4j\src\test\java\eu\verdelhan\ta4j\trading\rules\BooleanIndicatorRuleTest.java,eu.verdelhan.ta4j.trading.rules.BooleanIndicatorRuleTest,class,6,6,0,6,2,1,0,3,0,0.25,0.0,0.0,2,0,2,0,0,0,2,0,0,0,2,0,0,2,0,0,0,0,0,15,0,0,0,0,0,0,5,2,0,2,0,0,0,0,13,1,0
C:\Users\Susmi\Desktop\4-1\TermPaperTool\ta4j\ta4j\ta4j\src\main\java\eu\verdelhan\ta4j\indicators\helpers\SumIndicator.java,eu.verdelhan.ta4j.indicators.helpers.SumIndicator,class,3,5,2,3,3,3,0,2,0,0.0,0.0,0.0,2,0,1,0,1,0,2,0,0,0,1,0,0,1,0,0,0,0,0,14,1,1,0,0,0,0,2,4,0,3,1,0,0,0,15,1,0
C:\Users\Susmi\Desktop\4-1\TermPaperTool\ta4j\ta4j\ta4j\src\main\java\eu\verdelhan\ta4j\indicators\MACDIndicator.java,eu.verdelhan.ta4j.indicators.MACDIndicator,class,5,6,1,5,3,3,0,2,0,0.0,0.0,0.0,2,0,1,0,1,0,2,0,0,0,2,0,0,2,0,0,2,0,0,15,1,0,0,0,0,1,0,2,0,2,1,0,0,0,30,1,0
C:\Users\Susmi\Desktop\4-1\TermPaperTool\ta4j\ta4j\ta4j\src\test\java\eu\verdelhan\ta4j\indicators\AwesomeOscillatorIndicatorTest.java,eu.verdelhan.ta4j.indicators.AwesomeOscillatorIndicatorTest,class,10,10,0,10,4,1,0,5,0,0.0,0.0,0.0,4,0,4,0,0,0,4,0,0,0,1,0,0,1,0,0,0,0,15,36,0,0,0,0,0,2,53,5,1,5,0,0,0,0,27,1,0
C:\Users\Susmi\Desktop\4-1\TermPaperTool\ta4j\ta4j\ta4j\src\main\java\eu\verdelhan\ta4j\indicators\helpers\AverageDirectionalMovementUpIndicator.java,eu.verdelhan.ta4j.indicators.helpers.AverageDirectionalMovementUpIndicator,class,5,7,2,5,3,4,0,6,0,0.0,0.0,0.0,2,0,1,0,1,0,2,0,0,0,2,0,0,2,0,0,2,0,2,17,2,0,1,0,0,0,3,4,2,4,1,0,0,0,25,1,0
C:\Users\Susmi\Desktop\4-1\TermPaperTool\ta4j\ta4j\ta4j\src\main\java\eu\verdelhan\ta4j\indicators\WilliamsRIndicator.java,eu.verdelhan.ta4j.indicators.WilliamsRIndicator,class,9,11,2,9,4,3,0,8,0,0.5,0.0,0.0,4,0,3,0,1,0,4,0,0,0,5,1,0,5,0,0,3,0,1,27,2,0,0,0,2,1,0,9,0,9,0,0,0,0,29,1,0
C:\Users\Susmi\Desktop\4-1\TermPaperTool\ta4j\ta4j\ta4j\src\test\java\eu\verdelhan\ta4j\indicators\helpers\CloseLocationValueIndicatorTest.java,eu.verdelhan.ta4j.indicators.helpers.CloseLocationValueIndicatorTest,class,9,9,0,9,2,1,0,4,0,0.0,0.0,0.0,2,0,2,0,0,0,2,0,0,0,1,0,0,1,0,0,0,0,5,20,0,0,0,0,0,0,31,3,1,3,0,0,0,0,19,1,0
C:\Users\Susmi\Desktop\4-1\TermPaperTool\ta4j\ta4j\ta4j\src\test\java\eu\verdelhan\ta4j\indicators\AbstractIndicatorTest.java,eu.verdelhan.ta4j.indicators.AbstractIndicatorTest,class,7,7,0,7,2,1,0,2,0,0.0,0.0,0.0,2,0,2,0,0,0,2,0,0,0,1,0,0,1,0,0,0,0,0,12,0,0,0,0,0,0,14,3,0,3,0,0,0,0,19,1,0
C:\Users\Susmi\Desktop\4-1\TermPaperTool\ta4j\ta4j\ta4j\src\main\java\eu\verdelhan\ta4j\indicators\helpers\MultiplierIndicator.java,eu.verdelhan.ta4j.indicators.helpers.MultiplierIndicator,class,3,6,3,3,3,3,0,4,0,0.16666667,0.0,0.0,3,0,2,0,1,0,3,0,0,0,2,0,0,2,0,0,0,0,0,15,2,0,0,0,0,1,0,2,1,2,0,0,0,0,13,1,0
C:\Users\Susmi\Desktop\4-1\TermPaperTool\ta4j\ta4j\ta4j\src\test\java\eu\verdelhan\ta4j\indicators\DirectionalMovementIndicatorTest.java,eu.verdelhan.ta4j.indicators.DirectionalMovementIndicatorTest,class,7,7,0,7,1,1,0,4,0,0.0,NaN,NaN,1,0,1,0,0,0,1,0,0,0,0,0,0,0,0,0,0,0,3,17,0,0,0,0,15,0,58,7,43,5,0,0,0,0,23,1,0
C:\Users\Susmi\Desktop\4-1\TermPaperTool\ta4j\ta4j\ta4j\src\test\java\eu\verdelhan\ta4j\indicators\helpers\AverageDirectionalMovementDownIndicatorTest.java,eu.verdelhan.ta4j.indicators.helpers.AverageDirectionalMovementDownIndicatorTest,class,7,7,0,7,1,1,0,4,0,0.0,NaN,NaN,1,0,1,0,0,0,1,0,0,0,0,0,0,0,0,0,0,0,5,22,0,0,0,0,3,0,54,8,23,8,0,0,0,0,25,1,0
C:\Users\Susmi\Desktop\4-1\TermPaperTool\ta4j\ta4j\ta4j\src\test\java\eu\verdelhan\ta4j\indicators\helpers\DirectionalDownIndicatorTest.java,eu.verdelhan.ta4j.indicators.helpers.DirectionalDownIndicatorTest,class,7,7,0,7,1,1,0,4,0,0.0,NaN,NaN,1,0,1,0,0,0,1,0,0,0,0,0,0,0,0,0,0,0,5,17,0,0,0,0,17,0,86,3,55,3,0,0,0,0,22,1,0
C:\Users\Susmi\Desktop\4-1\TermPaperTool\ta4j\ta4j\ta4j\src\main\java\eu\verdelhan\ta4j\indicators\DPOIndicator.java,eu.verdelhan.ta4j.indicators.DPOIndicator,class,6,7,1,6,3,3,0,3,0,0.33333334,0.0,0.0,3,0,2,0,1,0,3,0,0,0,4,0,0,4,0,0,4,0,0,19,1,0,0,0,0,0,2,4,3,4,0,0,0,0,63,1,0
C:\Users\Susmi\Desktop\4-1\TermPaperTool\ta4j\ta4j\ta4j\src\main\java\eu\verdelhan\ta4j\indicators\FisherIndicator.java,eu.verdelhan.ta4j.indicators.FisherIndicator$Anonymous1,anonymous,3,3,0,3,4,1,0,9,0,0.0,NaN,NaN,1,0,0,0,1,0,1,0,0,0,0,0,0,0,0,0,0,0,0,20,2,0,0,0,0,0,2,8,1,6,1,0,0,0,30,-1,0
C:\Users\Susmi\Desktop\4-1\TermPaperTool\ta4j\ta4j\ta4j\src\test\java\eu\verdelhan\ta4j\indicators\bollinger\BollingerBandWidthIndicatorTest.java,eu.verdelhan.ta4j.indicators.bollinger.BollingerBandWidthIndicatorTest,class,13,13,0,13,2,1,0,2,0,0.25,0.0,0.0,2,0,2,0,0,0,2,0,0,0,2,0,0,2,0,0,0,0,20,36,0,0,0,0,0,0,62,8,0,8,0,0,0,0,35,1,0
C:\Users\Susmi\Desktop\4-1\TermPaperTool\ta4j\ta4j\ta4j\src\test\java\eu\verdelhan\ta4j\indicators\helpers\SmoothedAverageLossIndicatorTest.java,eu.verdelhan.ta4j.indicators.helpers.SmoothedAverageLossIndicatorTest,class,10,10,0,10,6,1,0,7,0,0.0,0.0,0.0,6,0,6,0,0,0,6,0,0,0,1,0,0,1,0,0,0,0,12,33,0,0,0,0,0,8,34,6,1,6,0,0,0,0,39,1,0
C:\Users\Susmi\Desktop\4-1\TermPaperTool\ta4j\ta4j\ta4j\src\main\java\eu\verdelhan\ta4j\indicators\candles\BearishEngulfingIndicator.java,eu.verdelhan.ta4j.indicators.candles.BearishEngulfingIndicator,class,4,5,1,4,5,3,0,7,0,0.0,0.0,0.0,2,0,1,0,1,0,2,0,0,0,1,0,0,1,0,0,1,0,0,22,3,0,0,0,0,0,2,7,1,7,1,0,0,0,23,1,0
C:\Users\Susmi\Desktop\4-1\TermPaperTool\ta4j\ta4j\ta4j\src\main\java\eu\verdelhan\ta4j\indicators\helpers\AverageGainIndicator.java,eu.verdelhan.ta4j.indicators.helpers.AverageGainIndicator,class,4,7,3,4,2,3,0,4,0,0.0,0.0,0.0,2,0,1,0,1,0,2,0,0,0,2,0,0,2,0,0,2,0,2,13,1,0,0,0,0,0,1,3,1,3,0,0,0,0,15,1,0
C:\Users\Susmi\Desktop\4-1\TermPaperTool\ta4j\ta4j\ta4j\src\test\java\eu\verdelhan\ta4j\indicators\statistics\StandardDeviationIndicatorTest.java,eu.verdelhan.ta4j.indicators.statistics.StandardDeviationIndicatorTest,class,8,8,0,8,3,1,0,4,0,0.0,0.0,0.0,3,0,3,0,0,0,3,0,0,0,1,0,0,1,0,0,0,0,23,25,0,0,0,0,0,0,40,3,1,3,0,0,0,0,25,1,0
C:\Users\Susmi\Desktop\4-1\TermPaperTool\ta4j\ta4j\ta4j\src\test\java\eu\verdelhan\ta4j\indicators\helpers\SmoothedAverageGainIndicatorTest.java,eu.verdelhan.ta4j.indicators.helpers.SmoothedAverageGainIndicatorTest,class,8,8,0,8,5,1,0,6,0,0.0,0.0,0.0,5,0,5,0,0,0,5,0,0,0,1,0,0,1,0,0,0,0,11,29,0,0,0,0,0,8,31,5,1,5,0,0,0,0,40,1,0
C:\Users\Susmi\Desktop\4-1\TermPaperTool\ta4j\ta4j\ta4j\src\test\java\eu\verdelhan\ta4j\indicators\helpers\AbsoluteIndicatorTest.java,eu.verdelhan.ta4j.indicators.helpers.AbsoluteIndicatorTest,class,6,6,0,6,2,1,0,5,0,0.0,NaN,NaN,1,0,1,0,0,0,1,0,0,0,0,0,0,0,0,0,0,0,5,12,0,1,0,0,0,0,7,4,0,4,1,0,0,0,13,1,0
C:\Users\Susmi\Desktop\4-1\TermPaperTool\ta4j\ta4j\ta4j\src\main\java\eu\verdelhan\ta4j\indicators\volume\MVWAPIndicator.java,eu.verdelhan.ta4j.indicators.volume.MVWAPIndicator,class,5,6,1,5,2,3,0,1,0,0.0,0.0,0.0,2,0,1,0,1,0,2,0,0,0,1,0,0,1,0,0,1,0,0,10,1,0,0,0,0,0,0,1,0,1,0,0,0,0,25,1,0
C:\Users\Susmi\Desktop\4-1\TermPaperTool\ta4j\ta4j\ta4j\src\main\java\eu\verdelhan\ta4j\indicators\helpers\ConstantIndicator.java,eu.verdelhan.ta4j.indicators.helpers.ConstantIndicator,class,2,13,11,2,3,2,0,2,0,0.0,0.0,0.0,3,0,3,0,0,0,3,0,0,0,1,0,0,1,0,0,0,0,0,13,2,0,0,0,0,1,0,1,1,1,0,0,0,0,12,1,0
C:\Users\Susmi\Desktop\4-1\TermPaperTool\ta4j\ta4j\ta4j\src\main\java\eu\verdelhan\ta4j\analysis\criteria\RewardRiskRatioCriterion.java,eu.verdelhan.ta4j.analysis.criteria.RewardRiskRatioCriterion,class,7,11,4,7,4,2,0,2,1,0.33333334,0.0,0.0,3,0,3,0,0,0,3,0,0,0,2,0,0,2,0,0,0,0,0,13,3,0,0,0,0,0,0,2,2,2,0,0,0,0,32,1,0
C:\Users\Susmi\Desktop\4-1\TermPaperTool\ta4j\ta4j\ta4j\src\main\java\eu\verdelhan\ta4j\analysis\CashFlow.java,eu.verdelhan.ta4j.analysis.CashFlow,class,8,13,5,8,13,1,0,21,0,0.4375,0.0,0.0,8,0,5,3,0,0,5,0,0,0,2,0,0,2,0,0,1,0,4,53,3,2,0,0,0,0,5,11,6,9,2,0,0,0,56,1,0
C:\Users\Susmi\Desktop\4-1\TermPaperTool\ta4j\ta4j\ta4j\src\main\java\eu\verdelhan\ta4j\indicators\helpers\PreviousValueIndicator.java,eu.verdelhan.ta4j.indicators.helpers.PreviousValueIndicator,class,3,4,1,3,3,3,0,2,0,0.16666667,0.0,0.0,3,0,2,0,1,0,3,0,0,0,2,0,0,2,0,0,0,0,1,16,1,0,0,0,1,0,2,3,1,3,0,0,0,0,21,1,0
C:\Users\Susmi\Desktop\4-1\TermPaperTool\ta4j\ta4j\ta4j\src\test\java\eu\verdelhan\ta4j\trading\rules\OrRuleTest.java,eu.verdelhan.ta4j.trading.rules.OrRuleTest,class,4,4,0,4,2,1,0,4,0,0.0,0.0,0.0,2,0,2,0,0,0,2,0,0,0,2,0,0,2,0,0,0,0,0,18,0,0,0,0,0,0,8,2,0,2,0,0,0,0,15,1,0
C:\Users\Susmi\Desktop\4-1\TermPaperTool\ta4j\ta4j\ta4j\src\main\java\eu\verdelhan\ta4j\indicators\helpers\FixedIndicator.java,eu.verdelhan.ta4j.indicators.helpers.FixedIndicator,class,2,8,6,2,3,2,0,4,0,0.0,0.0,0.0,3,0,3,0,0,0,3,0,0,0,1,0,0,1,0,0,1,0,1,13,1,0,0,0,0,0,0,1,0,1,0,0,0,0,20,1,0
C:\Users\Susmi\Desktop\4-1\TermPaperTool\ta4j\ta4j\ta4j-examples\src\main\java\ta4jexamples\logging\StrategyExecutionLogging.java,ta4jexamples.logging.StrategyExecutionLogging,class,8,9,1,8,3,1,0,13,1,0.5,NaN,NaN,2,2,1,1,0,0,1,0,0,0,1,1,0,1,0,0,1,0,4,22,0,0,0,1,0,2,0,6,0,6,1,0,0,0,58,1,0
C:\Users\Susmi\Desktop\4-1\TermPaperTool\ta4j\ta4j\ta4j\src\main\java\eu\verdelhan\ta4j\indicators\helpers\DifferenceIndicator.java,eu.verdelhan.ta4j.indicators.helpers.DifferenceIndicator,class,3,6,3,3,2,3,0,2,0,0.0,0.0,0.0,2,0,1,0,1,0,2,0,0,0,2,0,0,2,0,0,0,0,0,12,1,0,0,0,0,0,0,2,0,2,0,0,0,0,10,1,0
C:\Users\Susmi\Desktop\4-1\TermPaperTool\ta4j\ta4j\ta4j\src\test\java\eu\verdelhan\ta4j\indicators\CachedIndicatorTest.java,eu.verdelhan.ta4j.indicators.CachedIndicatorTest,class,18,18,0,18,10,1,0,18,22,0.625,0.0,0.0,8,0,8,0,0,0,8,0,0,0,1,0,0,1,0,0,0,0,8,81,0,1,0,1,0,1,77,19,0,18,1,0,0,0,70,1,0
C:\Users\Susmi\Desktop\4-1\TermPaperTool\ta4j\ta4j\ta4j\src\main\java\eu\verdelhan\ta4j\indicators\statistics\CovarianceIndicator.java,eu.verdelhan.ta4j.indicators.statistics.CovarianceIndicator,class,4,6,2,4,4,3,0,10,0,0.26666668,0.0,0.0,3,0,2,0,1,0,3,0,0,0,5,0,0,5,0,0,0,0,2,31,2,1,0,0,0,1,3,14,5,12,1,0,0,0,33,1,0
C:\Users\Susmi\Desktop\4-1\TermPaperTool\ta4j\ta4j\ta4j-examples\src\main\java\ta4jexamples\bots\TradingBotOnMovingTimeSeries.java,ta4jexamples.bots.TradingBotOnMovingTimeSeries,class,14,15,1,14,14,1,0,32,8,0.6,NaN,NaN,5,5,1,4,0,0,1,0,0,0,1,1,0,1,0,0,0,0,14,66,4,1,3,0,0,20,5,23,8,21,3,0,0,0,105,1,0
C:\Users\Susmi\Desktop\4-1\TermPaperTool\ta4j\ta4j\ta4j\src\test\java\eu\verdelhan\ta4j\indicators\helpers\ConstantIndicatorTest.java,eu.verdelhan.ta4j.indicators.helpers.ConstantIndicatorTest,class,5,5,0,5,2,1,0,3,0,0.0,0.0,0.0,2,0,2,0,0,0,2,0,0,0,1,0,0,1,0,0,0,0,5,12,0,0,0,0,0,5,4,1,0,1,0,0,0,0,9,1,0
C:\Users\Susmi\Desktop\4-1\TermPaperTool\ta4j\ta4j\ta4j\src\test\java\eu\verdelhan\ta4j\indicators\helpers\TrueRangeIndicatorTest.java,eu.verdelhan.ta4j.indicators.helpers.TrueRangeIndicatorTest,class,7,7,0,7,1,1,0,3,0,0.0,NaN,NaN,1,0,1,0,0,0,1,0,0,0,0,0,0,0,0,0,0,0,5,16,0,0,0,0,0,0,30,2,0,2,0,0,0,0,15,1,0
