file,class,type,cbo,cboModified,fanin,fanout,wmc,dit,noc,rfc,lcom,lcom*,tcc,lcc,totalMethodsQty,staticMethodsQty,publicMethodsQty,privateMethodsQty,protectedMethodsQty,defaultMethodsQty,visibleMethodsQty,abstractMethodsQty,finalMethodsQty,synchronizedMethodsQty,totalFieldsQty,staticFieldsQty,publicFieldsQty,privateFieldsQty,protectedFieldsQty,defaultFieldsQty,finalFieldsQty,synchronizedFieldsQty,nosi,loc,returnQty,loopQty,comparisonsQty,tryCatchQty,parenthesizedExpsQty,stringLiteralsQty,numbersQty,assignmentsQty,mathOperationsQty,variablesQty,maxNestedBlocksQty,anonymousClassesQty,innerClassesQty,lambdasQty,uniqueWordsQty,modifiers,logStatementsQty
/mnt/c/Users/User/Downloads/maven-android-plugin/maven-android-plugin/src/main/java/com/jayway/maven/plugins/android/phase04processclasses/DexMojo.java,com.jayway.maven.plugins.android.phase04processclasses.DexMojo,class,7,8,1,7,17,3,0,36,1,0.5,NaN,NaN,2,1,1,1,0,0,1,0,0,0,1,0,0,1,0,0,0,0,3,64,0,3,2,3,0,18,1,9,7,9,4,0,0,0,49,1,1
/mnt/c/Users/User/Downloads/maven-android-plugin/maven-android-plugin/src/main/java/com/jayway/maven/plugins/android/standalonemojos/UndeployFileMojo.java,com.jayway.maven.plugins.android.standalonemojos.UndeployFileMojo,class,1,1,0,1,1,3,0,1,0,0.0,NaN,NaN,1,0,1,0,0,0,1,0,0,0,1,0,0,1,0,0,0,0,0,6,0,0,0,0,0,0,0,0,0,1,0,0,0,0,24,1,0
/mnt/c/Users/User/Downloads/maven-android-plugin/maven-android-plugin/src/main/java/com/jayway/maven/plugins/android/phase08package/ApkMojo.java,com.jayway.maven.plugins.android.phase08package.ApkMojo,class,6,7,1,6,7,3,0,20,1,0.5,NaN,NaN,2,0,1,1,0,0,1,0,0,0,1,0,0,1,0,0,0,0,2,59,0,0,0,2,0,25,0,7,6,8,1,0,0,0,55,1,2
/mnt/c/Users/User/Downloads/maven-android-plugin/maven-android-plugin/src/main/java/com/jayway/maven/plugins/android/AbstractAndroidMojo.java,com.jayway.maven.plugins.android.AbstractAndroidMojo,class,17,30,13,17,27,2,9,40,70,0.94505495,0.0,0.0,13,0,0,0,13,0,13,0,0,0,14,0,0,4,10,0,0,0,3,170,15,2,3,5,0,38,6,29,12,41,2,0,0,0,230,1025,11
/mnt/c/Users/User/Downloads/maven-android-plugin/maven-android-plugin/src/main/java/com/jayway/maven/plugins/android/phase01generatesources/GenerateSourcesMojo.java,com.jayway.maven.plugins.android.phase01generatesources.GenerateSourcesMojo,class,6,7,1,6,21,3,0,32,28,0.875,NaN,NaN,8,0,1,7,0,0,1,0,0,0,2,0,0,1,1,0,0,0,2,111,1,2,0,2,0,38,5,18,13,20,3,0,0,0,128,1,6
/mnt/c/Users/User/Downloads/maven-android-plugin/maven-android-plugin/src/main/java/com/jayway/maven/plugins/android/standalonemojos/DevicePusherMojo.java,com.jayway.maven.plugins.android.standalonemojos.DevicePusherMojo,class,3,3,0,3,2,2,0,8,0,0.0,NaN,NaN,1,0,1,0,0,0,1,0,0,0,2,0,0,2,0,0,0,0,1,18,0,0,0,1,0,3,0,2,1,4,1,0,0,0,24,1,1
/mnt/c/Users/User/Downloads/maven-android-plugin/maven-android-plugin/src/main/java/com/jayway/maven/plugins/android/phase11integrationtest/PlatformTestMojo.java,com.jayway.maven.plugins.android.phase11integrationtest.PlatformTestMojo,class,5,5,0,5,7,4,0,16,0,0.0,NaN,NaN,1,0,1,0,0,0,1,0,0,0,2,0,0,2,0,0,0,0,1,39,1,0,3,1,0,10,0,6,2,6,2,0,0,0,54,1,5
/mnt/c/Users/User/Downloads/maven-android-plugin/maven-android-plugin/src/main/java/com/jayway/maven/plugins/android/CommandExecutor.java,com.jayway.maven.plugins.android.CommandExecutor,interface,1,9,8,1,7,1,0,0,21,0.0,0.0,0.0,7,0,0,0,0,7,7,0,0,0,0,0,0,0,0,0,0,0,0,107,0,0,0,0,0,0,0,0,0,0,0,0,1,0,84,1,0
/mnt/c/Users/User/Downloads/maven-android-plugin/maven-android-plugin/src/main/java/com/jayway/maven/plugins/android/standalonemojos/DeployFileMojo.java,com.jayway.maven.plugins.android.standalonemojos.DeployFileMojo,class,1,1,0,1,2,3,0,2,0,0.0,NaN,NaN,1,0,1,0,0,0,1,0,0,0,1,0,0,1,0,0,0,0,0,9,0,0,0,0,0,0,0,0,0,1,1,0,0,0,26,1,0
/mnt/c/Users/User/Downloads/maven-android-plugin/maven-android-plugin/src/test/java/com/jayway/maven/plugins/android/FileUtilsTest.java,com.jayway.maven.plugins.android.FileUtilsTest,class,2,2,0,2,1,1,0,7,0,0.0,NaN,NaN,1,0,1,0,0,0,1,0,0,0,0,0,0,0,0,0,0,0,1,12,0,0,0,0,0,7,0,4,0,4,0,0,0,0,29,1,0
/mnt/c/Users/User/Downloads/maven-android-plugin/maven-android-plugin/src/main/java/com/jayway/maven/plugins/android/CommandExecutor.java,com.jayway.maven.plugins.android.CommandExecutor$Factory,innerclass,2,2,0,2,2,1,0,0,1,0.0,NaN,NaN,2,1,1,1,0,0,1,0,0,0,0,0,0,0,0,0,0,0,0,98,1,0,0,0,0,0,0,0,0,0,0,1,0,0,18,9,0
/mnt/c/Users/User/Downloads/maven-android-plugin/maven-android-plugin/src/main/java/com/jayway/maven/plugins/android/AndroidSdk.java,com.jayway.maven.plugins.android.AndroidSdk$Anonymous1,anonymous,0,0,0,0,1,1,0,1,0,0.0,NaN,NaN,0,0,0,0,0,0,1,0,0,0,0,0,0,0,0,0,0,0,0,16,0,0,0,0,0,12,0,0,0,0,0,0,0,0,1,-1,0
/mnt/c/Users/User/Downloads/maven-android-plugin/maven-android-plugin/src/main/java/com/jayway/maven/plugins/android/phase10preintegrationtest/DeployDependenciesMojo.java,com.jayway.maven.plugins.android.phase10preintegrationtest.DeployDependenciesMojo,class,3,3,0,3,6,4,0,9,0,0.0,NaN,NaN,1,0,1,0,0,0,1,0,0,0,0,0,0,0,0,0,0,0,0,23,1,1,1,0,0,7,0,3,3,3,4,0,0,0,69,1,3
/mnt/c/Users/User/Downloads/maven-android-plugin/maven-android-plugin/src/main/java/com/jayway/maven/plugins/android/CommandExecutor.java,com.jayway.maven.plugins.android.CommandExecutor$Factory$1$ErrorStreamConsumer,innerclass,1,1,0,1,6,1,0,4,0,0.375,0.0,0.0,4,0,4,0,0,0,4,0,0,0,2,0,0,2,0,0,0,0,0,23,2,0,2,0,0,1,0,3,0,2,1,0,0,0,57,0,1
/mnt/c/Users/User/Downloads/maven-android-plugin/maven-android-plugin/src/main/java/com/jayway/maven/plugins/android/CommandExecutor.java,com.jayway.maven.plugins.android.CommandExecutor$Factory$1$StreamConsumerImpl,innerclass,2,2,0,2,4,1,0,3,0,0.33333334,0.0,0.0,3,0,3,0,0,0,3,0,0,0,2,0,0,2,0,0,0,0,0,16,1,0,1,0,0,0,0,2,0,2,1,0,0,0,22,0,0
/mnt/c/Users/User/Downloads/maven-android-plugin/maven-android-plugin/src/test/java/com/jayway/maven/plugins/android/AndroidSdkTest.java,com.jayway.maven.plugins.android.AndroidSdkTest,class,4,6,2,4,14,1,0,4,36,0.46153846,0.0,0.0,13,1,12,0,1,0,13,0,0,0,1,1,0,1,0,0,1,0,12,65,1,0,0,1,0,38,0,16,0,16,1,0,0,0,64,1,0
/mnt/c/Users/User/Downloads/maven-android-plugin/maven-android-plugin/src/main/java/com/jayway/maven/plugins/android/AbstractIntegrationtestMojo.java,com.jayway.maven.plugins.android.AbstractIntegrationtestMojo,class,1,4,3,1,2,3,3,0,0,0.0,NaN,NaN,1,0,0,0,1,0,1,0,0,0,2,0,0,2,0,0,0,0,0,10,2,0,0,0,0,0,0,0,0,2,1,0,0,0,48,1025,0
/mnt/c/Users/User/Downloads/maven-android-plugin/maven-android-plugin/src/main/java/com/jayway/maven/plugins/android/standalonemojos/UndeployPackageNameMojo.java,com.jayway.maven.plugins.android.standalonemojos.UndeployPackageNameMojo,class,1,1,0,1,1,3,0,1,0,0.0,NaN,NaN,1,0,1,0,0,0,1,0,0,0,1,0,0,1,0,0,0,0,0,6,0,0,0,0,0,0,0,0,0,1,0,0,0,0,25,1,0
/mnt/c/Users/User/Downloads/maven-android-plugin/maven-android-plugin/src/test/java/com/jayway/maven/plugins/android/AbstractAndroidMojoTest.java,com.jayway.maven.plugins.android.AbstractAndroidMojoTest,class,4,4,0,4,6,3,0,11,0,0.0,0.0,0.0,6,0,6,0,0,0,6,0,0,0,1,0,0,0,1,0,0,0,0,46,0,0,0,0,0,10,0,17,0,17,0,0,1,0,39,1,0
/mnt/c/Users/User/Downloads/maven-android-plugin/maven-android-plugin/src/main/java/com/jayway/maven/plugins/android/standalonemojos/DevicePullerMojo.java,com.jayway.maven.plugins.android.standalonemojos.DevicePullerMojo,class,3,3,0,3,2,2,0,8,0,0.0,NaN,NaN,1,0,1,0,0,0,1,0,0,0,2,0,0,2,0,0,0,0,1,18,0,0,0,1,0,3,0,2,1,4,1,0,0,0,24,1,1
/mnt/c/Users/User/Downloads/maven-android-plugin/maven-android-plugin/src/main/java/com/jayway/maven/plugins/android/ExecutionException.java,com.jayway.maven.plugins.android.ExecutionException,class,0,1,1,0,4,3,0,0,6,1.0,0.0,0.0,4,0,4,0,0,0,4,0,0,0,1,1,0,0,0,1,1,0,0,15,0,0,0,0,0,0,1,1,0,1,0,0,0,0,22,1,0
/mnt/c/Users/User/Downloads/maven-android-plugin/maven-android-plugin/src/test/java/com/jayway/maven/plugins/android/AbstractAndroidMojoTest.java,com.jayway.maven.plugins.android.AbstractAndroidMojoTest$MyAbstractAndroidMojo,innerclass,2,2,0,2,2,3,0,3,1,0.0,NaN,NaN,2,0,1,1,0,0,1,0,0,0,0,0,0,0,0,0,0,0,2,9,0,0,0,0,0,4,0,2,0,1,0,0,0,0,32,10,0
/mnt/c/Users/User/Downloads/maven-android-plugin/maven-android-plugin/src/main/java/com/jayway/maven/plugins/android/CommandExecutor.java,com.jayway.maven.plugins.android.CommandExecutor$Factory$Anonymous1,anonymous,5,5,0,5,15,1,0,15,13,0.71428573,0.0,0.0,7,0,7,0,0,0,7,0,0,0,4,0,0,4,0,0,0,0,0,91,3,0,4,1,1,8,1,6,4,5,2,0,2,0,41,-1,1
/mnt/c/Users/User/Downloads/maven-android-plugin/maven-android-plugin/src/main/java/com/jayway/maven/plugins/android/AndroidSdk.java,com.jayway.maven.plugins.android.AndroidSdk,class,1,6,5,1,15,1,0,3,0,0.59375,0.0,0.0,8,0,8,0,0,0,8,0,0,0,4,1,0,4,0,0,1,0,0,69,8,0,0,0,0,21,2,4,9,4,3,1,0,0,72,1,0
/mnt/c/Users/User/Downloads/maven-android-plugin/maven-android-plugin/src/main/java/com/jayway/maven/plugins/android/FileUtils.java,com.jayway.maven.plugins.android.FileUtils,class,1,2,1,1,3,1,0,7,0,0.0,NaN,NaN,1,1,1,0,0,0,1,0,0,0,0,0,0,0,0,0,0,0,2,29,1,1,0,2,0,0,5,5,0,5,4,0,0,0,46,1,0
/mnt/c/Users/User/Downloads/maven-android-plugin/maven-android-plugin/src/main/java/com/jayway/maven/plugins/android/phase10preintegrationtest/DeployMojo.java,com.jayway.maven.plugins.android.phase10preintegrationtest.DeployMojo,class,2,2,0,2,3,4,0,6,0,0.0,NaN,NaN,1,0,1,0,0,0,1,0,0,0,0,0,0,0,0,0,0,0,0,12,1,0,0,0,0,1,0,1,1,1,1,0,0,0,42,1,0
