file,class,type,cbo,cboModified,fanin,fanout,wmc,dit,noc,rfc,lcom,lcom*,tcc,lcc,totalMethodsQty,staticMethodsQty,publicMethodsQty,privateMethodsQty,protectedMethodsQty,defaultMethodsQty,visibleMethodsQty,abstractMethodsQty,finalMethodsQty,synchronizedMethodsQty,totalFieldsQty,staticFieldsQty,publicFieldsQty,privateFieldsQty,protectedFieldsQty,defaultFieldsQty,finalFieldsQty,synchronizedFieldsQty,nosi,loc,returnQty,loopQty,comparisonsQty,tryCatchQty,parenthesizedExpsQty,stringLiteralsQty,numbersQty,assignmentsQty,mathOperationsQty,variablesQty,maxNestedBlocksQty,anonymousClassesQty,innerClassesQty,lambdasQty,uniqueWordsQty,modifiers,logStatementsQty
/mnt/c/Users/User/Downloads/maven-android-plugin/maven-android-plugin/src/main/java/com/jayway/maven/plugins/android/phase04processclasses/DexMojo.java,com.jayway.maven.plugins.android.phase04processclasses.DexMojo,class,7,8,1,7,17,3,0,37,1,0.5,NaN,NaN,2,1,1,1,0,0,1,0,0,0,1,0,0,1,0,0,0,0,3,64,0,3,2,3,0,18,1,9,7,9,4,0,0,0,50,1,1
/mnt/c/Users/User/Downloads/maven-android-plugin/maven-android-plugin/src/test/java/com/jayway/maven/plugins/android/asm/withtests/TestClassB.java,com.jayway.maven.plugins.android.asm.withtests.TestClassB,class,1,1,0,1,1,2,0,1,0,0.0,NaN,NaN,1,0,1,0,0,0,1,0,0,0,0,0,0,0,0,0,0,0,0,5,0,0,0,0,0,0,0,0,0,0,0,0,0,0,17,1,0
/mnt/c/Users/User/Downloads/maven-android-plugin/maven-android-plugin/src/test/java/com/jayway/maven/plugins/android/asm/withtests/TestClassA.java,com.jayway.maven.plugins.android.asm.withtests.TestClassA,class,1,1,0,1,1,2,0,1,0,0.0,NaN,NaN,1,0,1,0,0,0,1,0,0,0,0,0,0,0,0,0,0,0,0,5,0,0,0,0,0,0,0,0,0,0,0,0,0,0,16,1,0
/mnt/c/Users/User/Downloads/maven-android-plugin/maven-android-plugin/src/main/java/com/jayway/maven/plugins/android/phase10preintegrationtest/InternalPreIntegrationTestMojo.java,com.jayway.maven.plugins.android.phase10preintegrationtest.InternalPreIntegrationTestMojo,class,1,1,0,1,2,4,0,3,0,0.0,NaN,NaN,1,0,1,0,0,0,1,0,0,0,0,0,0,0,0,0,0,0,0,8,0,0,0,0,0,0,0,0,0,0,1,0,0,0,37,1,0
/mnt/c/Users/User/Downloads/maven-android-plugin/maven-android-plugin/src/main/java/com/jayway/maven/plugins/android/standalonemojos/PushMojo.java,com.jayway.maven.plugins.android.standalonemojos.PushMojo,class,4,4,0,4,2,2,0,8,0,0.0,NaN,NaN,1,0,1,0,0,0,1,0,0,0,2,0,0,2,0,0,0,0,1,19,0,0,0,1,0,4,0,2,1,4,1,0,0,0,24,1,1
/mnt/c/Users/User/Downloads/maven-android-plugin/maven-android-plugin/src/main/java/com/jayway/maven/plugins/android/standalonemojos/UndeployFileMojo.java,com.jayway.maven.plugins.android.standalonemojos.UndeployFileMojo,class,1,1,0,1,1,3,0,1,0,0.0,NaN,NaN,1,0,1,0,0,0,1,0,0,0,1,0,0,1,0,0,0,0,0,6,0,0,0,0,0,0,0,0,0,1,0,0,0,0,24,1,0
/mnt/c/Users/User/Downloads/maven-android-plugin/maven-android-plugin/src/main/java/com/jayway/maven/plugins/android/asm/AndroidTestFinder.java,com.jayway.maven.plugins.android.asm.AndroidTestFinder,class,6,9,3,6,6,1,0,10,1,0.5,NaN,NaN,2,2,1,1,0,0,1,0,0,0,1,1,0,1,0,0,1,0,1,47,2,1,1,1,0,6,0,8,1,7,2,1,0,0,69,1,0
/mnt/c/Users/User/Downloads/maven-android-plugin/maven-android-plugin/src/main/java/com/jayway/maven/plugins/android/phase08package/ApkMojo.java,com.jayway.maven.plugins.android.phase08package.ApkMojo,class,6,7,1,6,7,3,0,21,1,0.5,NaN,NaN,2,0,1,1,0,0,1,0,0,0,1,0,0,1,0,0,0,0,2,59,0,0,0,2,0,25,0,7,6,8,1,0,0,0,55,1,2
/mnt/c/Users/User/Downloads/maven-android-plugin/maven-android-plugin/src/main/java/com/jayway/maven/plugins/android/AbstractAndroidMojo.java,com.jayway.maven.plugins.android.AbstractAndroidMojo,class,18,29,11,18,28,2,9,41,76,0.95897424,0.0,0.0,13,0,0,0,13,0,13,0,0,0,15,0,0,6,9,0,0,0,3,173,16,2,4,5,0,33,6,27,11,40,2,0,0,0,230,1025,10
/mnt/c/Users/User/Downloads/maven-android-plugin/maven-android-plugin/src/main/java/com/jayway/maven/plugins/android/phase01generatesources/GenerateSourcesMojo.java,com.jayway.maven.plugins.android.phase01generatesources.GenerateSourcesMojo,class,6,7,1,6,20,3,0,33,28,0.875,NaN,NaN,8,0,1,7,0,0,1,0,0,0,1,0,0,0,1,0,0,0,2,108,1,2,0,2,0,38,5,18,13,19,3,0,0,0,118,1,6
/mnt/c/Users/User/Downloads/maven-android-plugin/maven-android-plugin/src/main/java/com/jayway/maven/plugins/android/Sdk.java,com.jayway.maven.plugins.android.Sdk,class,0,1,1,0,2,1,0,0,1,0.5,0.0,0.0,2,0,2,0,0,0,2,0,0,0,2,0,0,2,0,0,0,0,0,10,2,0,0,0,0,0,0,0,0,2,0,0,0,0,51,1,0
/mnt/c/Users/User/Downloads/maven-android-plugin/maven-android-plugin/src/main/java/com/jayway/maven/plugins/android/standalonemojos/InstrumentMojo.java,com.jayway.maven.plugins.android.standalonemojos.InstrumentMojo,class,1,1,0,1,1,5,0,1,0,0.0,NaN,NaN,1,0,1,0,0,0,1,0,0,0,0,0,0,0,0,0,0,0,0,5,0,0,0,0,0,0,0,0,0,0,0,0,0,0,13,1,0
/mnt/c/Users/User/Downloads/maven-android-plugin/maven-android-plugin/src/main/java/com/jayway/maven/plugins/android/standalonemojos/DeployDependenciesMojo.java,com.jayway.maven.plugins.android.standalonemojos.DeployDependenciesMojo,class,1,1,0,1,1,4,0,1,0,0.0,NaN,NaN,1,0,1,0,0,0,1,0,0,0,0,0,0,0,0,0,0,0,0,5,0,0,0,0,0,0,0,0,0,0,0,0,0,0,45,1,0
/mnt/c/Users/User/Downloads/maven-android-plugin/maven-android-plugin/src/main/java/com/jayway/maven/plugins/android/CommandExecutor.java,com.jayway.maven.plugins.android.CommandExecutor,interface,1,9,8,1,7,1,0,0,21,0.0,0.0,0.0,7,0,0,0,0,7,7,0,0,0,0,0,0,0,0,0,0,0,0,107,0,0,0,0,0,0,0,0,0,0,0,0,1,0,84,1,0
/mnt/c/Users/User/Downloads/maven-android-plugin/maven-android-plugin/src/main/java/com/jayway/maven/plugins/android/standalonemojos/DeployFileMojo.java,com.jayway.maven.plugins.android.standalonemojos.DeployFileMojo,class,1,1,0,1,2,3,0,2,0,0.0,NaN,NaN,1,0,1,0,0,0,1,0,0,0,1,0,0,1,0,0,0,0,0,9,0,0,0,0,0,0,0,0,0,1,1,0,0,0,25,1,0
/mnt/c/Users/User/Downloads/maven-android-plugin/maven-android-plugin/src/test/java/com/jayway/maven/plugins/android/FileUtilsTest.java,com.jayway.maven.plugins.android.FileUtilsTest,class,2,2,0,2,1,1,0,7,0,0.0,NaN,NaN,1,0,1,0,0,0,1,0,0,0,0,0,0,0,0,0,0,0,1,12,0,0,0,0,0,7,0,4,0,4,0,0,0,0,29,1,0
/mnt/c/Users/User/Downloads/maven-android-plugin/maven-android-plugin/src/main/java/com/jayway/maven/plugins/android/CommandExecutor.java,com.jayway.maven.plugins.android.CommandExecutor$Factory,innerclass,2,2,0,2,2,1,0,0,1,0.0,NaN,NaN,2,1,1,1,0,0,1,0,0,0,0,0,0,0,0,0,0,0,0,98,1,0,0,0,0,0,0,0,0,0,0,1,0,0,18,9,0
/mnt/c/Users/User/Downloads/maven-android-plugin/maven-android-plugin/src/main/java/com/jayway/maven/plugins/android/AndroidSdk.java,com.jayway.maven.plugins.android.AndroidSdk$Anonymous1,anonymous,0,0,0,0,1,1,0,1,0,0.0,NaN,NaN,0,0,0,0,0,0,1,0,0,0,0,0,0,0,0,0,0,0,0,16,0,0,0,0,0,12,0,0,0,0,0,0,0,0,1,-1,0
/mnt/c/Users/User/Downloads/maven-android-plugin/maven-android-plugin/src/main/java/com/jayway/maven/plugins/android/standalonemojos/AbstractInstrumentationMojo.java,com.jayway.maven.plugins.android.standalonemojos.AbstractInstrumentationMojo,class,6,8,2,6,6,4,2,17,0,0.0,NaN,NaN,1,0,0,0,1,0,1,0,0,0,2,0,0,2,0,0,0,0,1,36,0,0,3,1,0,11,0,6,2,6,2,0,0,0,49,1025,5
/mnt/c/Users/User/Downloads/maven-android-plugin/maven-android-plugin/src/main/java/com/jayway/maven/plugins/android/CommandExecutor.java,com.jayway.maven.plugins.android.CommandExecutor$Factory$1$ErrorStreamConsumer,innerclass,1,1,0,1,6,1,0,4,0,0.375,0.0,0.0,4,0,4,0,0,0,4,0,0,0,2,0,0,2,0,0,0,0,0,23,2,0,2,0,0,1,0,3,0,2,1,0,0,0,57,0,1
/mnt/c/Users/User/Downloads/maven-android-plugin/maven-android-plugin/src/main/java/com/jayway/maven/plugins/android/CommandExecutor.java,com.jayway.maven.plugins.android.CommandExecutor$Factory$1$StreamConsumerImpl,innerclass,2,2,0,2,4,1,0,3,0,0.33333334,0.0,0.0,3,0,3,0,0,0,3,0,0,0,2,0,0,2,0,0,0,0,0,16,1,0,1,0,0,0,0,2,0,2,1,0,0,0,22,0,0
/mnt/c/Users/User/Downloads/maven-android-plugin/maven-android-plugin/src/test/java/com/jayway/maven/plugins/android/SdkTestSupport.java,com.jayway.maven.plugins.android.SdkTestSupport,class,1,3,2,1,6,1,0,2,5,0.6666667,0.0,0.0,6,0,6,0,0,0,6,0,0,0,5,0,0,5,0,0,5,0,2,30,5,0,0,0,0,7,0,5,0,5,0,0,0,0,35,1,0
/mnt/c/Users/User/Downloads/maven-android-plugin/maven-android-plugin/src/test/java/com/jayway/maven/plugins/android/AndroidSdkTest.java,com.jayway.maven.plugins.android.AndroidSdkTest,class,5,5,0,5,15,1,0,11,0,0.06666667,0.0,0.0,15,0,15,0,0,0,15,0,0,0,1,0,0,1,0,0,0,0,1,60,0,0,0,0,0,25,0,13,7,13,0,0,0,0,49,1,0
/mnt/c/Users/User/Downloads/maven-android-plugin/maven-android-plugin/src/main/java/com/jayway/maven/plugins/android/AbstractIntegrationtestMojo.java,com.jayway.maven.plugins.android.AbstractIntegrationtestMojo,class,4,9,5,4,12,3,4,13,3,0.6666667,0.0,0.0,3,0,0,0,3,0,3,0,0,0,2,0,0,2,0,0,0,0,1,44,4,1,1,0,0,13,0,4,4,6,4,0,0,0,86,1025,3
/mnt/c/Users/User/Downloads/maven-android-plugin/maven-android-plugin/src/main/java/com/jayway/maven/plugins/android/phase11integrationtest/InternalIntegrationTestMojo.java,com.jayway.maven.plugins.android.phase11integrationtest.InternalIntegrationTestMojo,class,2,2,0,2,2,5,0,2,0,0.0,NaN,NaN,1,0,1,0,0,0,1,0,0,0,0,0,0,0,0,0,0,0,0,7,0,0,0,0,0,0,0,0,0,0,1,0,0,0,34,1,0
/mnt/c/Users/User/Downloads/maven-android-plugin/maven-android-plugin/src/test/java/com/jayway/maven/plugins/android/AbstractAndroidMojoTest.java,com.jayway.maven.plugins.android.AbstractAndroidMojoTest,class,4,4,0,4,6,3,0,11,0,0.0,0.0,0.0,6,0,6,0,0,0,6,0,0,0,1,0,0,0,1,0,0,0,0,44,0,0,0,0,0,10,0,17,0,17,0,0,1,0,40,1,0
/mnt/c/Users/User/Downloads/maven-android-plugin/maven-android-plugin/src/test/java/com/jayway/maven/plugins/android/asm/AndroidTestFinderTest.java,com.jayway.maven.plugins.android.asm.AndroidTestFinderTest,class,2,2,0,2,2,1,0,3,1,0.0,0.0,0.0,2,0,2,0,0,0,2,0,0,0,0,0,0,0,0,0,0,0,2,10,0,0,0,0,0,4,0,2,0,2,0,0,0,0,31,1,0
/mnt/c/Users/User/Downloads/maven-android-plugin/maven-android-plugin/src/main/java/com/jayway/maven/plugins/android/asm/DecendantFinder.java,com.jayway.maven.plugins.android.asm.DecendantFinder,class,6,8,2,6,14,1,0,4,58,0.7916666,0.0,0.0,12,0,11,1,0,0,11,0,0,0,2,0,0,2,0,0,2,0,0,39,4,1,0,0,0,0,0,2,0,2,2,0,0,0,67,0,0
/mnt/c/Users/User/Downloads/maven-android-plugin/maven-android-plugin/src/test/java/com/jayway/maven/plugins/android/asm/withouttests/NoTestClassB.java,com.jayway.maven.plugins.android.asm.withouttests.NoTestClassB,class,0,0,0,0,0,1,0,0,0,0.0,-1.0,-1.0,0,0,0,0,0,0,0,0,0,0,0,0,0,0,0,0,0,0,0,2,0,0,0,0,0,0,0,0,0,0,0,0,0,0,10,1,0
/mnt/c/Users/User/Downloads/maven-android-plugin/maven-android-plugin/src/test/java/com/jayway/maven/plugins/android/asm/withouttests/NoTestClassA.java,com.jayway.maven.plugins.android.asm.withouttests.NoTestClassA,class,0,0,0,0,0,1,0,0,0,0.0,-1.0,-1.0,0,0,0,0,0,0,0,0,0,0,0,0,0,0,0,0,0,0,0,2,0,0,0,0,0,0,0,0,0,0,0,0,0,0,9,1,0
/mnt/c/Users/User/Downloads/maven-android-plugin/maven-android-plugin/src/main/java/com/jayway/maven/plugins/android/standalonemojos/DeployMojo.java,com.jayway.maven.plugins.android.standalonemojos.DeployMojo,class,1,1,0,1,1,4,0,1,0,0.0,NaN,NaN,1,0,1,0,0,0,1,0,0,0,0,0,0,0,0,0,0,0,0,5,0,0,0,0,0,0,0,0,0,0,0,0,0,0,31,1,0
/mnt/c/Users/User/Downloads/maven-android-plugin/maven-android-plugin/src/main/java/com/jayway/maven/plugins/android/AndroidSdk.java,com.jayway.maven.plugins.android.AndroidSdk$Layout,enum,0,0,0,0,0,1,0,0,0,0.0,-1.0,-1.0,0,0,0,0,0,0,0,0,0,0,0,0,0,0,0,0,0,0,0,1,0,0,0,0,0,0,0,0,0,0,0,0,0,0,10,1,0
/mnt/c/Users/User/Downloads/maven-android-plugin/maven-android-plugin/src/main/java/com/jayway/maven/plugins/android/standalonemojos/UndeployPackageMojo.java,com.jayway.maven.plugins.android.standalonemojos.UndeployPackageMojo,class,1,1,0,1,2,3,0,2,0,0.0,NaN,NaN,1,0,1,0,0,0,1,0,0,0,1,0,0,1,0,0,0,0,0,9,0,0,1,0,0,0,0,0,0,1,1,0,0,0,39,1,0
/mnt/c/Users/User/Downloads/maven-android-plugin/maven-android-plugin/src/main/java/com/jayway/maven/plugins/android/ExecutionException.java,com.jayway.maven.plugins.android.ExecutionException,class,0,1,1,0,4,3,0,0,6,1.0,0.0,0.0,4,0,4,0,0,0,4,0,0,0,1,1,0,0,0,1,1,0,0,15,0,0,0,0,0,0,1,1,0,1,0,0,0,0,22,1,0
/mnt/c/Users/User/Downloads/maven-android-plugin/maven-android-plugin/src/main/java/com/jayway/maven/plugins/android/InvalidSdkException.java,com.jayway.maven.plugins.android.InvalidSdkException,class,0,2,2,0,1,4,0,0,0,0.0,NaN,NaN,1,0,1,0,0,0,1,0,0,0,0,0,0,0,0,0,0,0,0,5,0,0,0,0,0,0,0,0,0,0,0,0,0,0,11,1,0
/mnt/c/Users/User/Downloads/maven-android-plugin/maven-android-plugin/src/test/java/com/jayway/maven/plugins/android/AbstractAndroidMojoTest.java,com.jayway.maven.plugins.android.AbstractAndroidMojoTest$MyAbstractAndroidMojo,innerclass,3,3,0,3,2,3,0,1,1,0.0,0.0,0.0,2,0,1,0,1,0,2,0,0,0,0,0,0,0,0,0,0,0,0,7,1,0,0,0,0,0,0,0,0,0,0,0,0,0,11,2,0
/mnt/c/Users/User/Downloads/maven-android-plugin/maven-android-plugin/src/main/java/com/jayway/maven/plugins/android/CommandExecutor.java,com.jayway.maven.plugins.android.CommandExecutor$Factory$Anonymous1,anonymous,5,5,0,5,15,1,0,15,13,0.71428573,0.0,0.0,7,0,7,0,0,0,7,0,0,0,4,0,0,4,0,0,0,0,0,91,3,0,4,1,1,8,1,6,4,5,2,0,2,0,41,-1,1
/mnt/c/Users/User/Downloads/maven-android-plugin/maven-android-plugin/src/main/java/com/jayway/maven/plugins/android/AndroidSdk.java,com.jayway.maven.plugins.android.AndroidSdk,class,4,13,9,4,22,1,0,9,0,0.42857143,0.0,0.0,7,0,6,1,0,0,6,0,0,0,4,2,0,4,0,0,4,0,1,97,12,0,9,0,0,22,1,9,14,9,2,1,1,0,90,1,0
/mnt/c/Users/User/Downloads/maven-android-plugin/maven-android-plugin/src/main/java/com/jayway/maven/plugins/android/asm/AndroidTestFinder.java,com.jayway.maven.plugins.android.asm.AndroidTestFinder$Anonymous1,anonymous,0,0,0,0,4,1,0,1,6,0.0,0.0,0.0,4,0,4,0,0,0,4,0,0,0,0,0,0,0,0,0,0,0,0,11,0,0,0,0,0,0,0,0,0,0,0,0,0,0,10,-1,0
/mnt/c/Users/User/Downloads/maven-android-plugin/maven-android-plugin/src/main/java/com/jayway/maven/plugins/android/FileUtils.java,com.jayway.maven.plugins.android.FileUtils,class,1,2,1,1,3,1,0,7,0,0.0,NaN,NaN,1,1,1,0,0,0,1,0,0,0,0,0,0,0,0,0,0,0,2,29,1,1,0,2,0,0,5,5,0,5,4,0,0,0,46,1,0
/mnt/c/Users/User/Downloads/maven-android-plugin/maven-android-plugin/src/main/java/com/jayway/maven/plugins/android/standalonemojos/PullMojo.java,com.jayway.maven.plugins.android.standalonemojos.PullMojo,class,4,4,0,4,2,2,0,8,0,0.0,NaN,NaN,1,0,1,0,0,0,1,0,0,0,2,0,0,2,0,0,0,0,1,19,0,0,0,1,0,4,0,2,1,4,1,0,0,0,24,1,1
